509554,0.7216,0.2909,0.6448,0.5428,-2.1693,-56.1074,102.0261
509654,0.717,0.2915,0.6455,0.5433,-2.1046,-55.2417,102.0287
509764,0.7105,0.2923,0.6461,0.5429,-2.0279,-54.3713,102.0233
509864,0.7054,0.2928,0.6466,0.5439,-1.9389,-53.4961,102.01
509964,0.703,0.2924,0.6458,0.5441,-1.8699,-52.613,102.1553
510064,0.7004,0.2921,0.6445,0.5435,-1.6968,-51.6328,102.0167
510164,0.6976,0.2926,0.6441,0.5434,-1.532,-50.7465,101.8882
510264,0.6935,0.2923,0.6443,0.5436,-1.1708,-49.8547,101.6882
510364,0.6891,0.2923,0.6448,0.5429,-0.9366,-48.9549,101.5104
510464,0.6809,0.2925,0.645,0.5435,-0.8207,-48.0481,101.4235
510564,0.6656,0.2928,0.6455,0.5436,-0.708,-47.1351,101.3403
510664,0.6616,0.293,0.6459,0.5444,-0.5985,-46.2158,101.2606
510764,0.663,0.2933,0.6464,0.5449,-0.5916,-45.2903,101.183
510864,0.6656,0.2939,0.6469,0.5458,0.5386,-44.6801,100.3127
510964,0.6663,0.2944,0.6474,0.5455,0.309,-43.7453,100.4021
511064,0.6663,0.294,0.647,0.5459,0.2189,-42.8031,100.6061
511164,0.6623,0.2936,0.6453,0.5453,0.1269,-43.7464,100.669
511264,0.6618,0.2933,0.6451,0.5449,0.0876,-42.9027,100.6959
511364,0.662,0.2936,0.6455,0.545,-0.1462,-43.946,100.8615
511464,0.6616,0.294,0.6456,0.5451,-0.2032,-43.003,100.8311
511564,0.6613,0.2941,0.6463,0.5445,-0.1212,-42.0549,100.7756
511664,0.6621,0.2945,0.6466,0.545,-0.041,-41.1003,100.7224
511764,0.6638,0.2946,0.6471,0.5455,0.0374,-40.1393,100.6714
511864,0.6655,0.2951,0.6476,0.5463,-0.0406,-41.0964,100.722
511964,0.6676,0.2955,0.6483,0.5469,-0.0621,-40.1353,100.6701
512064,0.67,0.2961,0.6486,0.5471,0.0662,-41.0903,100.5864
512164,0.6706,0.2965,0.649,0.5475,-0.1625,-40.1312,100.6693
512264,0.6673,0.2961,0.6478,0.5478,-0.1042,-41.1925,100.9118
512364,0.6626,0.2958,0.6466,0.5475,0.1489,-40.136,100.6711
512464,0.6621,0.2956,0.6465,0.5471,-0.1541,-41.1745,100.8682
512564,0.662,0.296,0.6468,0.5474,0.0993,-40.2263,100.7031
512664,0.6631,0.296,0.6469,0.5468,-0.2532,-41.1706,100.8686
512764,0.6634,0.2963,0.6475,0.547,0.1562,-40.2448,100.6017
512864,0.665,0.2966,0.6479,0.5476,-0.3517,-41.1669,100.8686
512964,0.6655,0.2968,0.6483,0.548,0.1017,-40.2723,100.5067
513064,0.6666,0.2984,0.6488,0.5485,-0.2917,-41.2115,100.6991
513164,0.6689,0.2978,0.6494,0.5491,0.0461,-40.2915,100.4125
513264,0.6699,0.2983,0.6496,0.5491,-0.0971,-41.2446,100.5058
513364,0.6711,0.2986,0.6503,0.5496,-0.0532,-40.2875,100.411
513464,0.6694,0.2984,0.6498,0.5501,0.1374,-41.2395,100.5668
513564,0.6645,0.2981,0.6478,0.5496,-0.1665,-40.2867,100.6991
513664,0.6638,0.2981,0.6479,0.5496,0.3183,-41.1936,100.3825
513764,0.6636,0.2985,0.6479,0.5496,-0.3546,-40.3834,100.8313
513864,0.6618,0.2988,0.6481,0.5489,0.7361,-41.0454,100.1197
513964,0.661,0.299,0.6485,0.5498,-0.3566,-40.3821,100.8326
514064,0.6624,0.2993,0.649,0.55,0.7339,-41.0442,100.1211
514164,0.6631,0.2996,0.6493,0.5503,-0.3586,-40.3808,100.8339
514264,0.6645,0.2999,0.6499,0.5508,0.7316,-41.0431,100.1226
514364,0.6673,0.3004,0.6503,0.5511,-0.3606,-40.3795,100.8352
514464,0.6685,0.3008,0.6508,0.5515,0.7294,-41.0419,100.1241
514564,0.6698,0.3013,0.6513,0.5523,-0.4625,-40.3777,100.8357
514664,0.6704,0.3015,0.6515,0.5526,0.5722,-41.0544,100.3131
514764,0.6643,0.3009,0.6489,0.5524,-0.47,-40.3027,100.9266
514864,0.6634,0.3005,0.6494,0.5523,0.5021,-40.9776,100.2289
514964,0.6638,0.3009,0.6493,0.552,-0.6436,-40.3415,101.1264
515064,0.6651,0.301,0.6493,0.5519,0.5341,-40.8522,100.2954
515164,0.6659,0.3013,0.6496,0.552,-0.6762,-40.2771,101.0826
515264,0.6676,0.3016,0.65,0.5521,0.4315,-40.7524,100.2975
515364,0.6693,0.3016,0.6505,0.5525,-0.8868,-40.2833,101.1542
515464,0.6719,0.3021,0.6509,0.5525,0.4302,-40.7519,100.2984
515564,0.6738,0.3023,0.6514,0.5529,-0.888,-40.2828,101.1549
515664,0.6766,0.3025,0.6515,0.5533,0.4289,-40.7515,100.2993
515764,0.6784,0.3029,0.6518,0.5538,-0.8892,-40.2822,101.1557
515864,0.6771,0.3024,0.6505,0.5536,0.3566,-40.7506,100.5629
515964,0.6745,0.3019,0.6494,0.5531,-0.7143,-40.2177,101.2478
516064,0.675,0.3015,0.6498,0.553,0.3565,-40.8343,100.628
516164,0.6734,0.3015,0.6496,0.5526,-0.5917,-40.1416,101.3093
516264,0.6726,0.3014,0.6499,0.5526,0.267,-40.783,100.687
516364,0.6716,0.3015,0.6503,0.5526,-0.8435,-40.075,101.4833
516464,0.6701,0.3018,0.6508,0.5524,0.2808,-40.7443,101.1755
516564,0.668,0.3028,0.6518,0.5525,-0.5301,-40.1371,103.3892
516664,0.6651,0.3043,0.6521,0.5523,0.7349,-40.9123,104.3788
516764,0.664,0.305,0.6525,0.5521,-0.4342,-40.3789,105.9895
516864,0.6636,0.3055,0.6529,0.5525,0.5732,-40.8774,105.4847
516964,0.6589,0.3049,0.6508,0.5523,-0.6265,-40.2933,106.2653
517064,0.6523,0.3044,0.6495,0.5518,0.4705,-40.7775,105.487
517164,0.6515,0.3044,0.6494,0.5516,-0.9261,-40.2841,106.3292
517264,0.6519,0.3045,0.6495,0.5513,0.4903,-40.7365,105.3329
517364,0.6529,0.3044,0.6498,0.5513,-0.9056,-40.3488,106.0991
517464,0.6528,0.3045,0.6504,0.5514,0.5642,-40.7308,105.0676
517564,0.6531,0.3046,0.6509,0.5516,-0.8671,-40.3992,105.8572
517664,0.6535,0.3049,0.6513,0.5518,0.5519,-40.7258,104.9343
517764,0.6546,0.3051,0.6516,0.5521,-0.9678,-40.3984,105.8573
517864,0.6568,0.3054,0.6519,0.5525,0.467,-40.6958,104.9244
517964,0.6593,0.3058,0.6523,0.5525,-1.0684,-40.3975,105.8573
518064,0.6578,0.3054,0.6519,0.5526,0.3073,-40.6698,105.18
518164,0.6508,0.3051,0.65,0.5523,-1.2134,-40.3439,106.1025
518264,0.6515,0.3051,0.65,0.5516,0.2194,-40.746,105.1727
518364,0.6523,0.305,0.6501,0.5513,-0.9094,-40.1483,105.9809
518464,0.6535,0.3054,0.6503,0.5513,0.1808,-40.739,105.2092
518564,0.6523,0.3054,0.6506,0.5514,-0.8646,-39.8946,105.9621
518664,0.6539,0.3056,0.6509,0.5516,-0.0364,-40.6529,105.3627
518764,0.6551,0.3059,0.6513,0.5521,0.4918,-39.7713,105.098
518864,0.656,0.3068,0.6516,0.5523,-0.1418,-40.6703,105.4434
518964,0.6574,0.3066,0.6519,0.5526,1.0507,-40.0792,104.671
519064,0.6585,0.307,0.6524,0.553,-0.2401,-40.669,105.4429
519164,0.6591,0.3073,0.6525,0.5534,1.1353,-40.2721,104.5502
519264,0.6566,0.3066,0.6516,0.5534,-0.2097,-40.6705,105.7045
519364,0.6531,0.3065,0.6504,0.5529,1.125,-40.2204,104.8387
519464,0.6523,0.3064,0.65,0.5528,-0.3086,-40.6696,105.7042
519564,0.6535,0.3065,0.6499,0.552,1.1134,-40.3465,104.7806
519664,0.6568,0.3064,0.6495,0.5518,-0.4079,-40.6688,105.7041
519764,0.6588,0.3068,0.65,0.5518,1.0502,-40.4198,104.7563
519864,0.66,0.3066,0.6504,0.552,-0.4073,-40.6688,105.7037
519964,0.6609,0.307,0.6508,0.552,0.9508,-40.4202,104.7557
520064,0.6619,0.3073,0.6509,0.552,-0.4965,-40.6922,105.6967
520164,0.6634,0.3074,0.6514,0.5523,0.9514,-40.4201,104.7553
520264,0.6645,0.3076,0.6518,0.5525,-0.4958,-40.6921,105.6963
520364,0.659,0.3069,0.6495,0.5519,1.0504,-40.3191,104.7566
520464,0.6578,0.3065,0.6495,0.5516,-0.4414,-40.6897,105.6609
520564,0.6588,0.3066,0.6498,0.5511,0.9983,-40.5948,104.7244
520664,0.6595,0.3069,0.6498,0.5509,-0.6118,-40.7005,105.7068
520764,0.6599,0.3069,0.6499,0.5509,0.8488,-40.4576,104.7567
520864,0.6589,0.3071,0.6504,0.551,-0.7112,-40.6998,105.7067
520964,0.664,0.3074,0.6508,0.5515,0.762,-40.4904,104.7481
521064,0.6646,0.3078,0.6513,0.5518,-0.7108,-40.6997,105.7064
521164,0.6646,0.3079,0.6516,0.5521,0.7624,-40.4903,104.7478
521264,0.6633,0.3083,0.6519,0.5525,-0.7103,-40.6997,105.7061
521364,0.6646,0.308,0.6519,0.5528,0.5915,-40.4911,105.0107
521464,0.6603,0.3078,0.6495,0.5524,-1.0449,-40.7536,106.0873
521564,0.6679,0.3078,0.6504,0.5529,0.327,-40.8372,105.1297
521664,0.6806,0.3083,0.6516,0.5534,-0.7451,-40.7135,106.045
521764,0.6896,0.309,0.6531,0.5533,0.523,-40.5889,105.0891
521864,0.6884,0.3085,0.6529,0.5525,-0.8972,-40.4189,105.9371
521964,0.6909,0.3075,0.6524,0.554,0.745,-41.0058,104.9989
522064,0.6866,0.3073,0.6479,0.5533,0.6744,-41.7586,105.1126
522164,0.745,0.2874,0.6504,0.5468,1.151,-37.8123,105.2104
522264,0.7664,0.2781,0.6591,0.5494,1.3826,-38.066,103.6911
522364,0.7774,0.2846,0.6393,0.5454,0.4251,-38.1615,104.2353
522464,0.785,0.2899,0.6458,0.5468,0.162,-39.7243,104.3356
522564,0.7714,0.2915,0.6455,0.548,0.1536,-40.3801,104.1887
522664,0.7596,0.2924,0.6463,0.5481,0.1214,-39.4177,104.2095
522764,0.7395,0.2929,0.6464,0.5484,-0.0606,-40.379,104.4029
522864,0.728,0.2936,0.6465,0.5488,0.1996,-41.4208,104.2326
522964,0.701,0.294,0.6473,0.5491,-0.031,-40.4719,104.3839
523064,0.6755,0.2945,0.6479,0.5496,0.0984,-41.417,104.2344
523164,0.6795,0.2948,0.6488,0.5504,-0.0168,-40.359,104.3101
523264,0.6794,0.2951,0.6494,0.5509,-0.05,-41.3149,104.2672
523364,0.6793,0.2956,0.6495,0.5514,-0.0828,-40.3549,104.2225
523464,0.6768,0.2963,0.65,0.5519,-0.1652,-39.3923,104.2102
523564,0.6758,0.2965,0.6505,0.5524,-0.2219,-38.4234,104.182
523664,0.6719,0.2958,0.649,0.5524,-0.0671,-39.3906,104.5039
523764,0.6693,0.2954,0.6483,0.5521,-0.0494,-38.3207,104.4929
523864,0.6681,0.2955,0.6476,0.552,-0.1092,-37.3439,104.6084
523964,0.6686,0.2958,0.648,0.552,-0.0491,-36.2608,104.5722
524064,0.6694,0.2959,0.648,0.552,-0.082,-35.2712,104.532
524164,0.6695,0.2961,0.6485,0.5521,0.2177,-36.2363,104.3567
524264,0.6708,0.2966,0.6488,0.5524,-0.0829,-35.2681,104.5325
524364,0.6715,0.2968,0.649,0.5525,0.1166,-36.2334,104.3584
524464,0.6724,0.2971,0.6495,0.5531,-0.0477,-35.2491,104.4545
524564,0.6738,0.2975,0.65,0.5533,0.116,-36.2302,104.3587
524664,0.6755,0.2978,0.6503,0.5535,-0.1481,-35.2458,104.4537
524764,0.6755,0.2983,0.6504,0.5538,0.2279,-36.1758,104.1767
524864,0.6719,0.2975,0.6488,0.5534,-0.2541,-34.5105,104.6201
524964,0.6638,0.2965,0.6469,0.5525,-0.1118,-34.6927,104.4799
525064,0.7105,0.2943,0.6401,0.5489,0.0494,-34.7843,104.5251
525164,0.7651,0.2836,0.6469,0.5495,0.7264,-34.391,104.904
525264,0.7715,0.2901,0.6368,0.5469,-0.3485,-36.1937,105.2345
525364,0.7761,0.294,0.6418,0.5471,-0.0011,-35.4656,105.1944
525464,0.7753,0.2954,0.6448,0.5486,-0.1135,-36.6508,105.064
525564,0.7674,0.2963,0.6463,0.5494,-0.1629,-37.8313,105.174
525664,0.767,0.2971,0.6475,0.55,-0.3444,-36.8515,105.3814
525764,0.7595,0.2975,0.6481,0.5508,-0.2576,-37.731,105.3282
525864,0.7481,0.2978,0.6491,0.5515,-0.0651,-36.7538,105.1323
525964,0.7399,0.2975,0.6483,0.5516,0.2409,-35.7673,105.353
526064,0.7334,0.2971,0.6474,0.5514,-0.5206,-34.9664,105.7122
526164,0.7284,0.2971,0.6471,0.5509,0.1706,-35.8988,105.3938
526264,0.725,0.2974,0.6474,0.5506,0.1368,-36.9849,105.4136
526364,0.7191,0.2976,0.6478,0.5505,0.0433,-36.0011,105.4694
526464,0.6996,0.2979,0.6488,0.5509,0.0345,-37.1864,105.4743
526564,0.6779,0.2981,0.649,0.551,0.0137,-36.2019,105.4869
526664,0.6755,0.2981,0.6493,0.5514,-0.0067,-35.2108,105.4988
526764,0.6746,0.2985,0.6495,0.5509,0.0137,-36.1987,105.4868
526864,0.6781,0.2989,0.6499,0.5514,-0.0067,-35.2075,105.4988
526964,0.6804,0.2993,0.6504,0.552,-0.0865,-36.096,105.4878
527064,0.6813,0.2995,0.651,0.5528,0.0654,-35.1098,105.3995
527164,0.6795,0.2989,0.6498,0.5529,-0.0007,-36.0931,105.8537
527264,0.6733,0.2985,0.6486,0.5516,0.0005,-35.101,105.8531
527364,0.6714,0.2985,0.6483,0.5513,-0.0006,-36.0898,105.8537
527464,0.6695,0.2986,0.6481,0.5509,0.0005,-35.0978,105.8532
527564,0.6685,0.2988,0.648,0.551,-0.0006,-36.0866,105.8537
527664,0.6696,0.2988,0.6481,0.5513,0.0005,-35.0945,105.8531
527764,0.6734,0.2988,0.6484,0.5516,-0.1006,-35.7849,105.8544
527864,0.6788,0.2985,0.6478,0.5516,0.0833,-34.1258,105.6307
527964,0.6639,0.299,0.6456,0.5506,-0.1749,-34.6228,105.6652
528064,0.7585,0.2838,0.647,0.5491,-0.2166,-35.033,106.6399
528164,0.7794,0.2861,0.6494,0.5488,-0.502,-36.9804,105.5547
528264,0.7855,0.2934,0.639,0.5461,-0.3923,-36.5233,105.7336
528364,0.7851,0.2955,0.6405,0.546,-0.0864,-35.8722,105.6353
528464,0.7818,0.296,0.6423,0.547,-0.0354,-35.2968,105.4883
528564,0.7715,0.2969,0.6435,0.5474,-0.1073,-36.5772,105.7742
528664,0.7705,0.2973,0.6439,0.5476,-0.1053,-35.4906,105.7131
528764,0.7705,0.2979,0.6444,0.5481,1.0879,-36.0148,105.0158
528864,0.7719,0.2979,0.6453,0.5488,-0.1064,-35.4901,105.7137
528964,0.7733,0.2981,0.6458,0.5491,1.0865,-36.0147,105.0166
529064,0.7744,0.2986,0.6461,0.5498,-0.1075,-35.4896,105.7143
529164,0.7756,0.2989,0.6464,0.5501,1.0852,-36.0144,105.0174
529264,0.7769,0.2991,0.6469,0.5505,-0.2085,-35.4885,105.7144
529364,0.7759,0.2988,0.6448,0.55,1.3996,-35.6939,104.8128
529464,0.7731,0.2983,0.6448,0.5499,-0.0196,-35.5373,105.4996
529564,0.7724,0.2984,0.6448,0.5498,1.3883,-35.5551,104.6811
529664,0.7728,0.2986,0.6449,0.5495,-0.1196,-35.5367,105.4996
529764,0.7731,0.2985,0.6449,0.5498,1.2885,-35.5403,104.6811
529864,0.7739,0.2993,0.6464,0.5499,0.7507,-36.3186,104.8267
529964,0.6911,0.3005,0.6498,0.5503,-0.1376,-35.8997,105.2865
530064,0.6935,0.3006,0.651,0.5504,0.1253,-35.342,105.0753
530164,0.7076,0.3023,0.6549,0.5511,-0.6249,-35.9349,104.9713
530264,0.7081,0.3049,0.6561,0.5514,0.3478,-35.7698,104.4875
530364,0.7073,0.3028,0.6556,0.5519,-0.6145,-35.284,105.3258
530464,0.7033,0.3018,0.6531,0.5519,0.431,-35.7825,104.7419
530564,0.7015,0.3016,0.6528,0.552,-0.7346,-35.3559,105.5002
530664,0.7004,0.3019,0.6528,0.552,0.524,-35.6812,104.8503
530764,0.7001,0.3023,0.6526,0.5523,-0.886,-35.3164,105.6107
530864,0.7,0.3021,0.653,0.5524,0.4423,-35.6452,104.8397
530964,0.7014,0.3028,0.6533,0.5524,-0.9876,-35.4158,105.6117
531064,0.7028,0.3035,0.6531,0.5526,0.3,-35.5851,104.8061
531164,0.7028,0.3038,0.6534,0.5526,-1.272,-35.3601,105.6019
531264,0.7026,0.3031,0.6526,0.5528,0.1092,-35.3524,104.799
531364,0.691,0.3024,0.6503,0.5506,-0.3383,-35.4476,104.6904
531464,0.7451,0.2718,0.628,0.5465,0.6038,-38.0287,105.0124
531564,0.7625,0.2831,0.6398,0.5485,-0.2531,-39.1725,104.3734
531664,0.7365,0.2873,0.6491,0.5493,-0.4709,-40.9348,104.7475
531764,0.6883,0.3,0.6518,0.55,-0.5668,-41.9895,104.6813
531864,0.6935,0.3109,0.6536,0.5508,-0.3969,-43.2327,104.5685
531964,0.695,0.3126,0.6545,0.5514,-0.1901,-44.1669,104.4256
532064,0.6955,0.3134,0.6548,0.5521,0.0219,-44.9952,104.2765
532164,0.6963,0.3141,0.6554,0.5526,-1.5034,-45.3078,105.3581
532264,0.6961,0.3148,0.656,0.5531,0.0237,-44.9948,104.2754
532364,0.6951,0.3136,0.6544,0.5531,-1.3981,-45.209,105.4943
532464,0.6924,0.3131,0.654,0.553,0.2705,-44.9734,104.2421
532564,0.6921,0.3131,0.6536,0.5528,-1.3318,-45.2203,105.3766
532664,0.6921,0.3135,0.6541,0.5526,0.3253,-44.9602,104.2741
532764,0.693,0.3139,0.6545,0.5525,-1.2628,-45.1448,105.3982
532864,0.6935,0.3138,0.6554,0.5526,0.3259,-44.9601,104.2737
532964,0.6946,0.3141,0.6554,0.553,-1.3622,-45.1441,105.3979
533064,0.6948,0.3144,0.6556,0.5531,0.2313,-44.9737,104.2699
533164,0.6961,0.3145,0.656,0.5533,-1.3615,-45.1441,105.3974
533264,0.6964,0.3154,0.6563,0.5539,0.132,-44.9743,104.2693
533364,0.6963,0.3155,0.6568,0.5543,-1.4088,-45.2621,105.361
533464,0.6969,0.3159,0.6571,0.5548,0.1331,-44.974,104.2684
533564,0.6946,0.315,0.6555,0.5545,-1.5123,-45.3565,105.9292
533664,0.6903,0.3145,0.6545,0.5541,-0.0121,-45.0028,104.8651
533764,0.6893,0.3148,0.6541,0.554,1.4808,-44.7313,103.8119
533864,0.6889,0.315,0.6541,0.5536,-0.0655,-45.0113,104.9028
533964,0.6899,0.3154,0.6545,0.5536,1.4816,-44.7306,103.8113
534064,0.6891,0.3158,0.6548,0.5536,-0.1645,-45.0104,104.9024
534164,0.6895,0.316,0.6549,0.5538,1.4443,-44.8968,103.7657
534264,0.6898,0.3148,0.6546,0.5536,-0.3634,-44.91,105.0439
534364,0.6925,0.3146,0.6543,0.5536,-0.4784,-43.7737,104.9813
534464,0.6909,0.3128,0.6534,0.5533,-0.6256,-42.1301,104.8686
534564,0.6763,0.3118,0.647,0.5476,-0.3346,-43.0731,104.5978
534664,0.7699,0.2971,0.6525,0.5491,-0.1035,-42.0269,104.5099
534764,0.7723,0.2838,0.6358,0.5489,-1.3227,-41.6831,104.0903
534864,0.7734,0.3049,0.6444,0.5476,-1.3553,-42.9069,104.1334
534964,0.7498,0.3063,0.6484,0.5491,-0.8245,-42.3202,103.7794
535064,0.7008,0.3069,0.6501,0.5496,-0.5482,-43.5527,103.5942
535164,0.6781,0.3066,0.6515,0.5504,-0.2036,-44.4711,103.3547
535264,0.6789,0.3063,0.6521,0.551,0.1497,-45.3825,103.1052
535364,0.6809,0.3068,0.6529,0.5515,0.1186,-44.449,103.1274
535464,0.6838,0.3073,0.6535,0.5519,0.0883,-43.5094,103.1484
535564,0.6846,0.3078,0.654,0.5524,0.0587,-42.5634,103.1686
535664,0.685,0.3081,0.6546,0.5529,0.0297,-41.6111,103.188
535764,0.6816,0.3081,0.653,0.5528,0.2221,-42.5638,103.191
535864,0.6784,0.3078,0.6525,0.5526,0.2317,-43.5085,103.1112
535964,0.678,0.3078,0.6521,0.5521,0.154,-42.5635,103.1644
536064,0.6786,0.3081,0.6524,0.552,0.0957,-43.5094,103.204
536164,0.6789,0.3083,0.6528,0.5521,-0.0362,-42.5633,103.2249
536264,0.6793,0.3085,0.6533,0.5521,-0.0183,-41.6109,103.213
536364,0.681,0.3088,0.6539,0.5525,-0.0134,-42.5636,103.2095
536464,0.6818,0.309,0.654,0.5529,-0.0083,-43.5099,103.2061
536564,0.6816,0.3096,0.6544,0.553,-0.1034,-44.45,103.2036
536664,0.6823,0.3099,0.6545,0.5533,0.0723,-45.3783,103.0796
536764,0.682,0.3104,0.655,0.5536,-0.0425,-44.4447,103.0892
536864,0.6811,0.3106,0.6549,0.5538,-0.1705,-45.3775,103.3213
536964,0.6751,0.3101,0.6523,0.5538,-0.135,-44.4441,103.2965
537064,0.673,0.3101,0.6524,0.5536,-0.2002,-43.5045,103.2713
537164,0.6694,0.3106,0.6524,0.5535,-0.2271,-42.76,103.3631
537264,0.6678,0.3111,0.6523,0.5533,-0.2249,-41.7105,103.2931
537364,0.6679,0.3108,0.6521,0.5534,-0.1313,-40.5592,103.164
537464,0.6723,0.31,0.6515,0.5529,1.113,-40.4844,102.2897
537564,0.6465,0.3105,0.6441,0.5468,0.7756,-41.2352,102.3085
537664,0.7603,0.2778,0.6523,0.5484,1.6831,-39.4814,102.4582
537764,0.7674,0.2779,0.6375,0.5495,0.1663,-39.8488,101.7674
537864,0.7726,0.3044,0.6456,0.5489,-0.3054,-41.1108,102.3145
537964,0.77,0.305,0.6481,0.5501,-0.0274,-40.3116,102.3609
538064,0.7501,0.3054,0.6483,0.5508,-0.0222,-41.5712,102.3575
538164,0.7318,0.3056,0.6499,0.5516,0.074,-40.6119,102.0772
538264,0.7076,0.3063,0.6508,0.5521,0.0716,-41.5713,102.2189
538364,0.6919,0.3068,0.6516,0.5524,-0.0477,-42.5241,102.2328
538464,0.6839,0.307,0.6519,0.5526,-0.0237,-41.5714,102.2169
538564,0.6795,0.3074,0.6525,0.5533,-0.0174,-42.5243,102.2125
538664,0.669,0.3081,0.6531,0.5538,-0.0087,-41.5715,102.2068
538764,0.6699,0.3079,0.6536,0.554,-0.0064,-42.6239,102.2051
538864,0.6709,0.3084,0.6541,0.5543,-0.0039,-43.5698,102.2034
538964,0.6721,0.3088,0.6548,0.5548,-0.0014,-44.5095,102.2017
539064,0.6673,0.3084,0.6524,0.5544,0.2984,-43.57,102.205
539164,0.6646,0.3083,0.6524,0.5544,0.102,-44.5028,102.2008
539264,0.6645,0.3083,0.6526,0.5543,-0.0898,-45.5292,102.3364
539364,0.6643,0.3085,0.6526,0.5543,-0.0323,-44.596,102.224
539464,0.6634,0.3088,0.6529,0.5543,0.043,-45.5279,102.1706
539564,0.6639,0.3093,0.653,0.5544,-0.1325,-44.5912,102.2232
539664,0.6638,0.3094,0.6529,0.5536,0.1672,-45.4087,102.0109
539764,0.6634,0.3096,0.6529,0.5545,-0.3023,-44.3944,102.2711
539864,0.6634,0.3104,0.653,0.5544,0.048,-45.2922,101.9543
539964,0.6639,0.3101,0.653,0.5548,-0.1039,-44.3571,102.0616
540064,0.6638,0.3103,0.653,0.554,0.0473,-45.3871,101.9548
540164,0.6574,0.3098,0.6506,0.5546,0.0375,-44.4535,101.9619
540264,0.6536,0.3099,0.6504,0.5544,-0.1717,-43.5137,101.9663
540364,0.6474,0.31,0.6498,0.5533,-0.214,-42.5683,101.9259
540464,0.6509,0.3099,0.6489,0.5528,-0.131,-42.6185,101.8671
540564,0.7003,0.3101,0.6445,0.5486,0.0217,-41.265,101.6906
540664,0.7561,0.2863,0.6504,0.5493,0.7224,-41.1216,102.7621
540764,0.7661,0.2733,0.636,0.549,-0.5725,-40.871,102.1681
540864,0.7729,0.2986,0.6438,0.5476,-1.0069,-42.2184,102.6297
540964,0.7718,0.3016,0.6474,0.5493,-0.4693,-41.3344,101.9877
541064,0.7593,0.3025,0.6474,0.55,-0.134,-42.6832,102.1777
541164,0.7505,0.3028,0.6478,0.5501,0.2076,-43.628,101.8653
541264,0.7431,0.3034,0.6486,0.5508,0.1406,-42.6835,101.9112
541364,0.7379,0.304,0.6491,0.5508,0.1753,-41.8332,101.9559
541464,0.7358,0.3043,0.6496,0.5509,-0.0608,-40.9802,102.0447
541564,0.7319,0.3046,0.6503,0.5513,0.0915,-40.022,101.9458
541664,0.7245,0.305,0.6509,0.5515,-0.0602,-41.0759,102.0442
541764,0.7093,0.3054,0.6515,0.552,0.0607,-40.2169,101.9656
541864,0.6895,0.3056,0.6519,0.5524,-0.1913,-41.1699,102.0656
541964,0.6701,0.3056,0.652,0.5524,0.0374,-40.4302,101.9925
542064,0.6629,0.305,0.65,0.5521,-0.1704,-41.3907,101.9994
542164,0.6605,0.3049,0.65,0.5519,0.0345,-40.5396,101.8654
542264,0.6588,0.3051,0.6501,0.5516,-0.0602,-41.7978,102.0031
542364,0.6593,0.3051,0.6504,0.5515,-0.1432,-42.7491,101.9926
542464,0.6593,0.3053,0.6506,0.5508,-0.0844,-43.6936,101.9524
542564,0.66,0.3054,0.651,0.5516,-0.2218,-44.6316,102.0513
542664,0.6603,0.3058,0.6513,0.5514,-0.3642,-43.693,102.1516
542764,0.6604,0.3059,0.6514,0.5524,-0.1075,-44.6202,101.9726
542864,0.6601,0.3063,0.6515,0.5526,0.0555,-45.5407,101.7874
542964,0.6596,0.3065,0.6514,0.5528,-0.2405,-44.7049,102.1381
543064,0.6549,0.3059,0.6493,0.5524,0.2536,-45.548,101.6478
543164,0.655,0.3055,0.6493,0.5514,0.1028,-44.616,101.6829
543264,0.654,0.3055,0.6494,0.5519,-0.1481,-45.8361,102.0011
543364,0.6573,0.3056,0.6494,0.5518,-0.0833,-44.9053,101.883
543464,0.6598,0.3056,0.6494,0.5515,-0.1632,-43.5663,101.8673
543564,0.6569,0.3061,0.648,0.5495,-0.404,-41.4146,101.8196
543664,0.746,0.2743,0.6388,0.5474,0.4528,-41.4687,101.932
543764,0.7649,0.2706,0.6346,0.5488,-0.3825,-41.4196,101.3037
543864,0.7719,0.2976,0.6431,0.5473,-0.9614,-42.7665,101.6541
543964,0.7736,0.3018,0.6473,0.5494,-0.5488,-42.0531,101.3785
544064,0.7598,0.302,0.647,0.5501,-0.2876,-43.1973,101.129
544164,0.7518,0.3024,0.6481,0.5508,-0.0486,-44.3349,100.7514
544264,0.746,0.3029,0.649,0.5509,-0.0359,-43.5954,100.7428
544364,0.7438,0.3033,0.6494,0.5513,-0.0121,-44.535,100.7261
544464,0.742,0.3036,0.6499,0.5515,0.0124,-45.4681,100.7088
544564,0.7416,0.3038,0.6504,0.5521,-0.0122,-44.5301,100.7264
544664,0.7401,0.3041,0.6509,0.5524,-0.0092,-43.5908,100.7242
544764,0.7389,0.3045,0.6514,0.5529,-0.0031,-44.5305,100.7198
544864,0.7389,0.3049,0.6518,0.5534,0.0031,-45.5632,100.7154
544964,0.7381,0.3053,0.6523,0.5538,-0.002,-44.6257,100.7193
545064,0.7363,0.3054,0.6526,0.5541,-0.0972,-45.5585,100.7166
545164,0.7359,0.3051,0.6508,0.554,0.122,-44.5255,100.563
545264,0.732,0.3048,0.6504,0.5539,-0.1174,-45.4487,100.5914
545364,0.7301,0.3046,0.6504,0.5536,-0.0933,-44.5156,100.5746
545464,0.7298,0.3045,0.6503,0.5534,0.087,-45.5428,100.4469
545564,0.728,0.3045,0.6504,0.5533,-0.1613,-44.6091,100.5512
545664,0.7284,0.3048,0.6506,0.5535,0.2167,-45.5163,100.2834
545764,0.7288,0.3049,0.6509,0.5536,-0.163,-44.6047,100.5524
545864,0.7295,0.305,0.6509,0.554,0.0141,-45.5122,100.4277
545964,0.7303,0.3053,0.6513,0.5543,-0.0116,-44.5745,100.4461
546064,0.7316,0.3056,0.6515,0.5544,0.014,-45.5075,100.4278
546164,0.7329,0.306,0.6518,0.5545,-0.1114,-44.5698,100.445
546264,0.7339,0.3064,0.652,0.5549,0.1298,-45.4926,100.2742
546364,0.7364,0.3061,0.6504,0.5548,-0.1128,-44.5652,100.7304
546464,0.733,0.3058,0.6498,0.5544,0.0119,-43.6264,100.572
546564,0.732,0.3058,0.6494,0.554,0.0081,-42.6811,100.5746
546664,0.7314,0.3056,0.6493,0.5534,0.0049,-43.5273,100.5767
546764,0.7308,0.3051,0.6485,0.5526,-0.1958,-42.1789,100.5748
546864,0.7363,0.3048,0.6476,0.5518,-0.1316,-42.9283,100.5307
546964,0.7699,0.2969,0.6304,0.5489,0.4276,-44.8654,100.3427
547064,0.7771,0.2694,0.634,0.5485,-0.4694,-43.7289,100.4028
547164,0.7818,0.2955,0.641,0.5473,-1.2199,-43.0895,100.4368
547264,0.7848,0.3,0.6445,0.5484,-0.8566,-42.1834,100.2641
547364,0.7854,0.3019,0.6473,0.5495,-0.563,-41.3822,99.9346
547464,0.7718,0.302,0.6468,0.5499,-0.0523,-42.0359,99.4343
547564,0.7643,0.3021,0.6471,0.55,-0.0285,-41.08,99.2766
547664,0.7609,0.3025,0.6476,0.5501,-0.0715,-40.2188,99.2386
547764,0.7598,0.3029,0.6479,0.55,-0.0581,-41.2801,99.2298
547864,0.7579,0.303,0.6485,0.5503,0.0237,-40.3203,99.1765
547964,0.757,0.3031,0.649,0.5506,0.0191,-41.2815,99.1794
548064,0.7565,0.3035,0.6494,0.551,-0.0078,-40.3205,99.1971
548164,0.7564,0.3038,0.6496,0.5513,-0.0063,-41.2817,99.1959
548264,0.7561,0.304,0.6501,0.5515,-0.0047,-42.2365,99.1949
548364,0.7563,0.3044,0.6505,0.552,-0.1034,-43.185,99.195
548464,0.7566,0.3043,0.6506,0.5523,-0.1494,-42.337,99.442
548564,0.7539,0.3038,0.6485,0.5519,-0.2982,-43.2845,99.409
548664,0.7518,0.3036,0.6488,0.5516,-0.1375,-44.2215,99.2979
548764,0.7516,0.3036,0.6489,0.5515,-0.1719,-45.3505,99.465
548864,0.7515,0.3038,0.6486,0.5513,0.167,-44.4469,99.1544
548964,0.7523,0.3039,0.649,0.5515,-0.1125,-45.2675,99.3515
549064,0.7529,0.3039,0.6494,0.5518,0.167,-44.3544,99.0833
549164,0.7528,0.3046,0.6495,0.5521,-0.1729,-45.2786,99.3938
549264,0.7524,0.3044,0.6498,0.5523,0.27,-44.3938,99.0102
549364,0.7525,0.3046,0.6501,0.5526,-0.2355,-45.2984,99.297
549464,0.7526,0.305,0.6505,0.5531,0.4319,-44.4428,98.8263
549564,0.7543,0.305,0.6506,0.5534,-0.2331,-45.3945,99.2952
549664,0.7588,0.3043,0.6478,0.5528,-0.085,-44.4614,99.2624
549764,0.7571,0.3035,0.6478,0.5525,-0.0375,-44.8943,99.1586
549864,0.7574,0.3031,0.6469,0.5511,0.0663,-42.65,99.0151
549964,0.7658,0.2985,0.639,0.5478,0.2414,-40.8946,99.0354
550064,0.7719,0.2968,0.6401,0.5489,0.3014,-40.6367,98.1327
550164,0.7719,0.2986,0.6448,0.5491,-1.845,-40.7462,99.4982
550264,0.7704,0.3025,0.6474,0.5501,-0.5208,-40.8279,98.7895
550364,0.769,0.3038,0.649,0.5513,0.8269,-40.7818,97.9779
550464,0.7661,0.3043,0.6504,0.5523,0.7415,-42.0315,97.9557
550564,0.7633,0.3041,0.6508,0.5533,0.1785,-41.1246,98.4041
550664,0.7588,0.3039,0.6493,0.5529,-0.0527,-42.0803,98.5669
550764,0.7558,0.3038,0.6495,0.5531,-0.0361,-43.0298,98.5557
550864,0.7538,0.3039,0.6499,0.5533,-0.1145,-44.0723,98.6825
550964,0.7529,0.3041,0.6503,0.5534,-0.0994,-45.0064,98.6028
551064,0.7529,0.3044,0.6504,0.5535,1.509,-44.891,97.4666
551164,0.753,0.3045,0.6509,0.554,-0.1991,-45.0056,98.6028
551264,0.7529,0.3046,0.6514,0.5541,1.4185,-44.9489,97.4594
551364,0.753,0.3048,0.6518,0.5548,-0.199,-45.0056,98.6028
551464,0.7531,0.305,0.652,0.5551,1.3186,-44.9495,97.4593
551564,0.754,0.3054,0.6524,0.5555,-0.2986,-45.0091,98.6024
551664,0.753,0.3046,0.6501,0.5553,1.4187,-44.9488,97.4592
551764,0.7503,0.3044,0.6503,0.5551,-0.2988,-45.0049,98.6026
551864,0.7496,0.3044,0.6504,0.555,1.3275,-45.2682,97.451
551964,0.7501,0.3046,0.6501,0.5549,-0.3012,-44.9569,98.5338
552064,0.7503,0.3046,0.6505,0.5549,1.2752,-45.1722,97.4178
552164,0.7501,0.3045,0.6506,0.5553,-0.4013,-44.856,98.5342
552264,0.7498,0.3045,0.6509,0.5555,0.9791,-45.243,97.5566
552364,0.7501,0.3045,0.6509,0.5554,0.6693,-44.1162,97.7056
552464,0.7498,0.3046,0.6508,0.5553,-0.0803,-44.6756,98.1631
552564,0.7535,0.3049,0.6479,0.5515,-0.0506,-45.1017,97.8612
552664,0.785,0.2918,0.6323,0.5511,0.3591,-43.965,97.8589
552764,0.7843,0.2954,0.6416,0.5515,0.0874,-43.8293,96.7662
552864,0.7734,0.3004,0.6456,0.5514,0.0223,-44.8661,97.0927
552964,0.7704,0.302,0.6473,0.5523,-0.0843,-44.3314,96.9543
553064,0.7691,0.3031,0.648,0.5525,-0.0662,-45.4624,97.0127
553164,0.7683,0.3036,0.6486,0.5529,0.0665,-44.5274,96.9191
553264,0.7684,0.3041,0.6494,0.5534,-0.0655,-45.4577,97.0122
553364,0.7681,0.3045,0.65,0.5538,-0.0328,-44.6233,97.0599
553464,0.767,0.3048,0.6505,0.5539,-0.0512,-45.6543,97.0029
553564,0.7646,0.3051,0.651,0.5543,0.0216,-44.7184,96.9515
553664,0.7636,0.3053,0.6516,0.5546,-0.0508,-45.6496,97.0026
553764,0.7633,0.305,0.6505,0.5545,0.0201,-44.9147,97.2371
553864,0.7589,0.3048,0.6499,0.5541,-0.2006,-45.8368,97.394
553964,0.757,0.3045,0.6501,0.554,-0.0801,-45.0103,97.3786
554064,0.7561,0.305,0.6504,0.5536,1.4995,-44.8932,96.2627
554164,0.7553,0.3049,0.6508,0.5535,-0.209,-45.0061,97.3992
554264,0.755,0.305,0.6513,0.5534,1.4084,-44.9476,96.256
554364,0.7549,0.3058,0.6516,0.5535,-0.3089,-45.0054,97.3992
554464,0.7543,0.3051,0.6523,0.5536,1.3126,-45.067,96.2523
554564,0.7534,0.3054,0.653,0.5539,-0.3024,-45.1824,97.3935
554664,0.7524,0.3054,0.6534,0.5543,0.8142,-44.701,96.6055
554764,0.752,0.3058,0.6543,0.5545,-0.6589,-45.398,97.5758
554864,0.7521,0.3054,0.6528,0.5543,0.5596,-45.0189,96.7851
554964,0.7481,0.3051,0.653,0.5539,-1.0659,-45.4569,97.7945
555064,0.7448,0.305,0.6538,0.5538,0.2359,-45.4996,96.874
555164,0.7373,0.3059,0.6548,0.5534,-0.1905,-45.2985,97.1756
555264,0.712,0.3096,0.6553,0.5533,0.2688,-44.9195,96.7799
555364,0.6764,0.3148,0.6559,0.5531,-1.3889,-45.8376,97.9584
555464,0.6661,0.3206,0.6556,0.5531,-0.3675,-45.3651,97.16
555564,0.6583,0.3251,0.6549,0.5533,0.3426,-44.5528,96.7288
555664,0.6446,0.3228,0.6531,0.5526,-0.3141,-45.0078,97.1929
555764,0.7661,0.3209,0.6334,0.5476,0.747,-44.8496,97.5643
555864,0.7758,0.3164,0.6429,0.5509,-0.9956,-46.2492,98.093
555964,0.7768,0.303,0.6503,0.5519,-0.8207,-46.0076,97.6111
556064,0.7705,0.3119,0.6514,0.5526,-0.0284,-45.163,96.9753
556164,0.7575,0.3204,0.6529,0.553,0.2325,-44.5291,96.7205
556264,0.7534,0.3229,0.6538,0.5534,-0.0132,-45.8243,96.7516
556364,0.7514,0.324,0.654,0.5536,0.0018,-44.8885,96.7412
556464,0.7505,0.3249,0.6545,0.554,-0.0988,-45.8246,96.7424
556564,0.75,0.3256,0.655,0.5543,-0.1747,-46.7545,96.7259
556664,0.7493,0.3263,0.6554,0.5544,-0.0809,-45.8263,96.6583
556764,0.7485,0.327,0.6559,0.5549,-0.0609,-46.7563,96.6437
556864,0.7478,0.3278,0.6561,0.5551,-0.0282,-45.8268,96.6202
556964,0.7471,0.3281,0.6566,0.5554,0.0036,-44.8913,96.5975
557064,0.7456,0.3286,0.6569,0.5558,-0.1282,-45.822,96.621
557164,0.7436,0.329,0.6563,0.5564,-0.0887,-44.9899,97.09
557264,0.7215,0.329,0.656,0.5564,1.4047,-45.1588,95.962
557364,0.6916,0.3294,0.6554,0.5558,-0.1852,-44.9775,97.0876
557464,0.683,0.3296,0.6553,0.5555,-0.1485,-45.9128,97.0613
557564,0.6815,0.3299,0.6553,0.5553,-0.0969,-44.9818,96.9524
557664,0.6823,0.33,0.6555,0.5554,1.4496,-45.2592,95.8565
557764,0.6844,0.3305,0.6556,0.5555,-0.198,-44.9809,96.9528
557864,0.6869,0.3314,0.6554,0.5558,1.3027,-45.126,95.9613
557964,0.6889,0.3309,0.6556,0.5559,-0.295,-44.9691,97.0921
558064,0.6914,0.3313,0.6554,0.5563,1.3021,-45.126,95.9617
558164,0.6969,0.3315,0.6551,0.5564,-0.3949,-44.8683,97.0924
558264,0.7169,0.3316,0.6549,0.5566,0.9105,-45.13,96.0979
558364,0.7238,0.3313,0.6544,0.5569,0.5183,-45.863,96.5201
558464,0.7356,0.3318,0.6516,0.556,-0.4085,-44.1741,97.1766
558564,0.7406,0.3281,0.6488,0.5549,-0.8307,-42.4869,97.2512
558664,0.7646,0.2971,0.6309,0.5491,-0.651,-36.5216,98.0158
558764,0.7768,0.2996,0.6343,0.552,-0.4113,-36.2307,97.4187
558864,0.7748,0.3109,0.644,0.5535,-0.1781,-36.0221,96.6048
558964,0.7553,0.3149,0.6496,0.5529,-0.042,-37.4059,96.5828
559064,0.6786,0.3184,0.6533,0.5538,0.0285,-39.1785,96.3211
559164,0.6874,0.3213,0.6551,0.5544,0.2112,-41.3404,96.1883
559264,0.6855,0.3216,0.6561,0.5546,0.2621,-43.2887,96.217
559364,0.6766,0.3211,0.6568,0.555,0.4238,-45.3199,96.1644
559464,0.6653,0.3206,0.6554,0.555,0.0377,-45.7804,96.8625
559564,0.6604,0.3216,0.6549,0.5549,0.1959,-45.1461,96.6093
559664,0.6604,0.3215,0.6545,0.5548,-0.7887,-44.3998,97.3028
559764,0.6585,0.321,0.6548,0.5549,0.0935,-45.1438,96.7524
559864,0.6599,0.3209,0.6549,0.5549,-0.5706,-44.2623,97.1485
559964,0.6606,0.3208,0.655,0.5548,-0.0076,-45.1161,96.8236
560064,0.6624,0.3208,0.6555,0.5549,0.053,-44.1762,96.7811
560164,0.6631,0.3211,0.6555,0.555,-0.0073,-45.1114,96.8234
560264,0.6631,0.3214,0.6558,0.5553,0.0533,-44.1715,96.7809
560364,0.6629,0.3215,0.6563,0.5555,-0.1072,-45.1066,96.8243
560464,0.6634,0.3219,0.6564,0.5559,0.5997,-44.2915,96.256
560564,0.6625,0.3219,0.6564,0.5561,-0.3128,-45.1312,96.8996
560664,0.6576,0.3218,0.6544,0.5559,0.8933,-44.5758,96.4037
560764,0.6525,0.3216,0.6536,0.5556,-0.2614,-45.1676,97.1473
560864,0.6521,0.3215,0.6533,0.5555,0.7168,-44.4667,96.5287
560964,0.6511,0.3214,0.653,0.5551,-0.2795,-45.204,97.231
561064,0.653,0.3214,0.6534,0.5548,0.7146,-44.0626,96.5314
561164,0.6609,0.3209,0.6539,0.5549,0.0609,-44.025,96.9936
561264,0.7259,0.3201,0.6429,0.5483,-0.1946,-44.4637,97.1747
561364,0.7645,0.2966,0.6364,0.5495,0.0356,-44.3834,96.8009
561464,0.7628,0.313,0.643,0.551,-1.2941,-43.228,96.9588
561564,0.7601,0.3168,0.6453,0.5518,-1.0816,-40.711,97.0101
561664,0.7535,0.3185,0.6488,0.5529,-0.5372,-40.6718,96.3632
561764,0.7449,0.3188,0.649,0.5529,0.0237,-41.1228,95.9083
561864,0.7358,0.3191,0.6505,0.5528,0.0681,-41.267,95.803
561964,0.7341,0.3198,0.6513,0.5529,0.1627,-43.9125,95.9433
562064,0.7353,0.321,0.6519,0.5531,0.1254,-46.2383,96.0358
562164,0.7359,0.3214,0.6526,0.553,0.0338,-45.5079,95.9592
562264,0.7361,0.3214,0.6529,0.5534,-0.3231,-43.8662,96.2797
562364,0.7365,0.3218,0.6528,0.5539,-0.3529,-44.2937,96.3727
562464,0.7369,0.3219,0.653,0.5543,0.0977,-45.2914,96.0557
562564,0.7356,0.3226,0.6535,0.5545,-0.2081,-44.369,96.2715
562664,0.7274,0.3225,0.6548,0.5554,0.0962,-45.2869,96.0568
562764,0.7281,0.3225,0.6528,0.555,-0.2094,-44.3645,96.2724
562864,0.7266,0.3221,0.6525,0.5548,-0.0056,-45.1833,96.0589
562964,0.7301,0.322,0.6519,0.5546,-0.0759,-44.2433,96.1794
563064,0.733,0.3221,0.6518,0.5544,0.0181,-45.1771,96.1131
563164,0.7335,0.3221,0.6519,0.5544,-0.2748,-44.2383,96.3189
563264,0.7354,0.3221,0.6521,0.5545,0.0565,-45.154,96.0857
563364,0.7368,0.3224,0.6521,0.5548,-0.2762,-44.2339,96.3199
563464,0.7376,0.3226,0.6525,0.5549,0.0548,-45.1496,96.0869
563564,0.7384,0.3228,0.6529,0.555,-0.2776,-44.2294,96.3208
563664,0.739,0.323,0.653,0.5555,0.0532,-45.1453,96.088
563764,0.74,0.3228,0.6516,0.5551,-0.2779,-44.2248,96.4633
563864,0.7364,0.3224,0.6514,0.555,0.0513,-45.1409,96.2316
563964,0.7359,0.3224,0.6511,0.5539,-0.3785,-44.1196,96.4625
564064,0.7388,0.3224,0.6489,0.5525,-0.0877,-44.7302,96.1881
564164,0.7438,0.3216,0.6476,0.5528,0.0122,-45.0495,96.1177
564264,0.758,0.321,0.634,0.5469,-0.2021,-43.4131,96.6941
564364,0.7814,0.2765,0.6475,0.5498,-0.4635,-40.1595,96.655
564464,0.7831,0.3011,0.64,0.5503,-1.1468,-39.4064,95.9312
564564,0.7815,0.3079,0.6475,0.5508,-0.3705,-40.2752,94.9959
564664,0.7666,0.3104,0.6506,0.5524,0.1445,-43.126,94.2829
564764,0.7629,0.3114,0.6494,0.5526,0.5809,-45.2609,94.3163
564864,0.7596,0.3123,0.6498,0.5529,-0.4017,-45.3855,95.3661
564964,0.7584,0.3131,0.6504,0.5535,0.5327,-44.8811,94.4925
565064,0.7569,0.3135,0.6505,0.554,-1.2724,-44.7097,95.6976
565164,0.7553,0.3138,0.6508,0.5541,-0.1616,-44.2535,94.908
565264,0.7549,0.3144,0.6506,0.5545,-0.2594,-45.082,94.9089
565364,0.7553,0.3149,0.6511,0.5548,1.1619,-44.9248,93.9049
565464,0.756,0.3154,0.6514,0.5549,-0.4515,-45.3255,95.044
565564,0.756,0.3158,0.6519,0.5553,0.5584,-44.7917,94.3302
565664,0.7559,0.316,0.6525,0.5559,-0.8077,-45.2935,95.2969
565764,0.7544,0.3155,0.6506,0.5556,0.7576,-44.5892,94.1899
565864,0.7479,0.3151,0.6513,0.556,-0.5272,-45.2262,95.027
565964,0.7413,0.315,0.6514,0.5558,0.5698,-44.7639,94.2515
566064,0.7426,0.3161,0.6511,0.5554,-0.8518,-45.3034,95.1871
566164,0.7434,0.3155,0.6514,0.5554,0.5243,-44.8082,94.2132
566264,0.7449,0.3158,0.6519,0.5555,-0.8497,-45.3028,95.1856
566364,0.746,0.3161,0.6521,0.5559,0.5262,-44.8074,94.2118
566464,0.747,0.3164,0.6524,0.5563,-0.9477,-45.3016,95.1847
566564,0.7476,0.3165,0.6528,0.5565,0.3691,-44.847,94.1811
566664,0.7484,0.3171,0.6529,0.5565,-1.0537,-45.385,95.1189
566764,0.7493,0.3169,0.6528,0.5568,0.113,-44.9821,94.4336
566864,0.7465,0.3164,0.6511,0.5565,-1.6546,-45.2159,95.5445
566964,0.7451,0.3164,0.6515,0.5563,-0.074,-45.1101,94.4257
567064,0.7451,0.3166,0.6515,0.556,0.4092,-44.4339,94.1565
567164,0.7453,0.3164,0.6516,0.5555,-0.2167,-45.0967,94.5981
567264,0.7465,0.3161,0.6505,0.5541,0.9446,-43.4146,93.9975
567364,0.778,0.3064,0.6429,0.5498,0.2179,-38.8687,94.8885
567464,0.7839,0.274,0.6373,0.5516,-1.137,-38.7354,95.3488
567564,0.7833,0.3023,0.6459,0.551,-1.5198,-38.3979,95.0153
567664,0.7698,0.3066,0.6495,0.5524,-0.7168,-38.5979,94.2235
567764,0.7683,0.3086,0.6514,0.5534,-0.0382,-40.8377,93.6311
567864,0.7661,0.309,0.65,0.5536,0.8297,-43.0846,92.9352
567964,0.758,0.3095,0.652,0.5545,1.0364,-45.0852,92.3441
568064,0.7548,0.3099,0.6528,0.5548,-0.3712,-45.85,93.1949
568164,0.7555,0.3103,0.6524,0.5546,0.0244,-44.943,92.9132
568264,0.7558,0.3104,0.6524,0.5548,-0.6649,-45.2479,93.3313
568364,0.7565,0.3106,0.6523,0.5551,0.3921,-44.6361,92.654
568464,0.7574,0.311,0.6525,0.5553,-0.5696,-45.5261,93.2644
568564,0.7581,0.3115,0.6533,0.5554,0.287,-44.8308,92.6577
568664,0.7589,0.3118,0.6534,0.5554,-0.8554,-45.5924,93.468
568764,0.7599,0.3119,0.6535,0.5555,0.1799,-45.0727,92.8759
568864,0.7569,0.3115,0.6518,0.5553,-1.238,-44.4266,93.8034
568964,0.7546,0.3113,0.6518,0.5551,-0.0735,-44.9129,92.9133
569064,0.7544,0.3114,0.6518,0.5549,0.4415,-45.9481,92.6874
569164,0.7545,0.3116,0.6516,0.5548,-0.079,-45.1457,92.9863
569264,0.7551,0.3118,0.652,0.5546,0.4004,-44.2477,92.6491
569364,0.7561,0.3118,0.6524,0.5549,-0.0768,-45.1418,92.9846
569464,0.757,0.312,0.6528,0.555,0.4023,-44.2436,92.6478
569564,0.7579,0.3123,0.653,0.5554,-0.1747,-45.1376,92.984
569664,0.7588,0.3125,0.6533,0.5556,0.6767,-44.377,92.3134
569764,0.7599,0.3129,0.6534,0.5558,-0.3855,-45.2681,93.3443
569864,0.7575,0.3123,0.6511,0.5554,0.6441,-44.5431,92.6175
569964,0.7551,0.3118,0.6506,0.555,-0.5803,-44.9665,93.3422
570064,0.7534,0.3115,0.6494,0.5549,0.7321,-44.9545,92.6264
570164,0.7614,0.3136,0.641,0.5491,-3.3787,-45.0098,95.0396
570264,0.7705,0.3015,0.636,0.5503,-2.2244,-41.6995,94.3914
570364,0.77,0.3071,0.6429,0.5515,-0.7848,-42.4317,93.0984
570464,0.7651,0.3103,0.6471,0.5524,-0.1534,-42.8087,92.1031
570564,0.7645,0.3118,0.6495,0.5533,0.1119,-44.747,92.0564
570664,0.766,0.3125,0.6503,0.5539,0.0054,-46.8431,92.3412
570764,0.7671,0.3135,0.6514,0.5548,0.6547,-47.3188,91.453
570864,0.7661,0.3133,0.6503,0.5551,1.1359,-47.0019,90.9024
570964,0.7628,0.3134,0.6504,0.5554,0.6254,-46.1215,91.273
571064,0.7618,0.3133,0.6504,0.5556,-0.0764,-45.2337,91.9146
571164,0.7619,0.3135,0.6504,0.5558,0.0231,-44.3104,91.8439
571264,0.7618,0.3135,0.6506,0.5561,-0.1086,-45.2451,91.867
571364,0.7628,0.3136,0.6511,0.5565,0.2898,-44.3344,91.5865
571464,0.7635,0.3138,0.6515,0.5568,-0.1066,-45.2409,91.8656
571564,0.764,0.314,0.652,0.557,0.2915,-44.3301,91.5854
571664,0.7645,0.3143,0.6525,0.557,-0.1047,-45.2367,91.8643
571764,0.7654,0.3144,0.6528,0.5578,0.0942,-44.2256,91.7237
571864,0.7655,0.3141,0.6514,0.5575,-0.0196,-45.1588,91.8036
571964,0.7614,0.3136,0.6511,0.5575,-0.0051,-44.221,91.7222
572064,0.7604,0.3138,0.6513,0.5574,0.001,-45.2559,91.7178
572164,0.7606,0.3139,0.6513,0.557,0.0966,-44.4168,91.5798
572264,0.7608,0.3138,0.6515,0.5571,-0.0584,-45.3467,91.6889
572364,0.7615,0.3139,0.6516,0.5571,0.0973,-44.4122,91.5793
572464,0.7625,0.314,0.652,0.5574,-0.0576,-45.3421,91.6884
572564,0.7635,0.3143,0.6524,0.5573,0.098,-44.4075,91.5787
572664,0.7645,0.3146,0.6526,0.5575,-0.0568,-45.3375,91.6878
572764,0.7653,0.3146,0.6529,0.5578,0.0988,-44.4028,91.5782
572864,0.7666,0.315,0.6528,0.5578,-0.1562,-45.3328,91.6884
572964,0.7659,0.3144,0.6503,0.5574,0.3627,-44.2246,91.252
573064,0.7614,0.3139,0.6503,0.557,-0.1604,-44.8292,91.5506
573164,0.7644,0.314,0.6449,0.5525,0.014,-45.0512,91.1461
573264,0.7728,0.303,0.6349,0.5506,-0.2421,-40.4006,91.8185
573364,0.7743,0.305,0.641,0.5526,-0.0578,-39.6672,90.9625
573464,0.7688,0.3106,0.6473,0.5524,-0.4261,-42.3161,91.7283
573564,0.768,0.3126,0.6494,0.553,-0.3862,-44.2547,91.6395
573664,0.7693,0.3144,0.6503,0.5538,0.1814,-45.8467,91.1699
573764,0.7703,0.3144,0.651,0.5543,0.2926,-46.2251,91.0192
573864,0.771,0.315,0.6519,0.555,0.2861,-46.2048,90.7393
573964,0.7725,0.3146,0.6515,0.5553,0.1626,-45.2808,91.0425
574064,0.7681,0.3141,0.6498,0.555,-0.4407,-43.6852,91.5374
574164,0.767,0.3139,0.6494,0.555,-0.134,-44.7068,91.324
574264,0.7668,0.3144,0.6496,0.5546,0.2851,-46.1049,91.0264
574364,0.7661,0.3144,0.6499,0.5543,0.046,-45.1813,91.1975
574464,0.7666,0.3141,0.65,0.5543,-0.3821,-43.9486,91.6399
574564,0.7676,0.3144,0.6504,0.5545,-0.1497,-44.8662,91.4081
574664,0.7681,0.3145,0.6508,0.5549,0.7368,-45.6459,90.7785
574764,0.7686,0.3145,0.651,0.555,-0.1522,-44.6624,91.4108
574864,0.7696,0.3148,0.6513,0.5553,0.0581,-45.5648,91.2624
574964,0.7705,0.3146,0.6509,0.555,-0.0378,-44.629,91.4728
575064,0.767,0.3144,0.6493,0.5546,-0.0422,-45.5601,91.4058
575164,0.7656,0.3141,0.6494,0.5545,0.0279,-44.6235,91.3564
575264,0.7655,0.3144,0.6493,0.554,-0.1424,-45.5553,91.5475
575364,0.7653,0.3144,0.6494,0.5538,-0.006,-44.6279,91.3793
575464,0.7658,0.3144,0.6498,0.5535,0.0092,-45.5606,91.3684
575564,0.7668,0.3145,0.65,0.5538,-0.1058,-44.6231,91.3782
575664,0.7681,0.3146,0.6501,0.5539,0.1553,-45.5438,91.1931
575764,0.7696,0.3149,0.6504,0.5543,-0.107,-44.6186,91.3791
575864,0.7706,0.3148,0.6504,0.5541,-0.0469,-45.2412,91.1963
575964,0.7711,0.3148,0.6496,0.5543,0.132,-44.2068,91.0705
576064,0.7725,0.3145,0.6468,0.5533,-0.0231,-44.4421,91.1799
576164,0.7841,0.2964,0.638,0.5484,-0.0469,-41.2934,92.5476
576264,0.7866,0.2979,0.6334,0.55,0.0351,-40.2328,91.7089
576364,0.7869,0.3078,0.6409,0.5496,-0.6747,-41.8852,91.649
576464,0.7874,0.3119,0.6439,0.5498,-0.5846,-43.6247,91.5285
576564,0.7879,0.3131,0.6456,0.5504,-0.2023,-45.2334,91.266
576664,0.7886,0.3139,0.6469,0.5513,0.7254,-45.0943,90.6106
576764,0.7885,0.3141,0.6479,0.5518,-0.6575,-45.2842,91.4468
576864,0.7883,0.3146,0.648,0.5521,0.5356,-44.7192,90.6737
576964,0.7878,0.3149,0.6485,0.5529,-0.8697,-45.342,91.6685
577064,0.786,0.3146,0.6473,0.5531,0.6655,-44.7105,90.5823
577164,0.7814,0.3144,0.6475,0.553,-0.6331,-45.2689,91.3593
577264,0.7795,0.3145,0.6476,0.5533,0.6713,-45.0104,90.4372
577364,0.7789,0.3148,0.6478,0.5531,-0.9499,-45.0785,91.4422
577464,0.778,0.3146,0.6481,0.5534,0.6533,-44.9411,90.3084
577564,0.7735,0.3148,0.6488,0.5539,-0.9494,-45.0784,91.4419
577664,0.7729,0.3151,0.649,0.5539,0.6537,-44.941,90.308
577764,0.7734,0.3153,0.6495,0.5544,-1.049,-45.0777,91.4417
577864,0.7735,0.3156,0.65,0.5546,0.4576,-44.9551,90.3052
577964,0.7741,0.3159,0.6504,0.555,-1.2421,-45.1026,91.4371
578064,0.7746,0.3155,0.649,0.555,0.4614,-44.9666,90.3027
578164,0.77,0.3151,0.649,0.555,-1.048,-45.0755,91.2997
578264,0.7693,0.3153,0.6489,0.555,0.5593,-44.9555,90.1628
578364,0.7691,0.3155,0.6489,0.5549,-1.0494,-45.1754,91.301
578464,0.769,0.3155,0.6491,0.5549,0.4057,-44.9121,90.2003
578564,0.7696,0.3158,0.6495,0.5548,-1.1158,-45.2326,91.2775
578664,0.77,0.3156,0.6501,0.5553,0.4061,-44.8116,90.1995
578764,0.7705,0.3159,0.6503,0.5555,-0.8632,-45.3913,91.0986
578864,0.7718,0.3163,0.6506,0.5561,0.3087,-44.811,90.1971
578964,0.7731,0.3164,0.6508,0.5565,-1.0984,-44.7872,90.9806
579064,0.7745,0.3169,0.65,0.556,0.3388,-44.9824,89.8947
579164,0.7944,0.2986,0.6471,0.5504,-0.4719,-42.7543,90.1777
579264,0.7928,0.2748,0.6495,0.5526,-0.8899,-43.298,89.7742
579364,0.7921,0.3073,0.6406,0.551,-1.0852,-43.1763,89.5725
579464,0.7924,0.3114,0.6433,0.5513,-0.5689,-44.6657,89.2224
579564,0.7919,0.3129,0.6448,0.5516,0.6816,-46.2246,88.4076
579664,0.7926,0.3138,0.6464,0.5523,0.6074,-46.2381,88.1756
579764,0.7935,0.3145,0.6473,0.5533,0.7974,-46.2398,87.6144
579864,0.794,0.3149,0.648,0.5538,0.4414,-45.867,87.7267
579964,0.7945,0.315,0.6484,0.5544,-0.0151,-44.9697,88.052
580064,0.7953,0.3154,0.6486,0.5549,0.1348,-45.565,88.0157
580164,0.7939,0.3148,0.6466,0.5546,-0.085,-44.4351,88.1716
580264,0.7894,0.3143,0.6464,0.5545,-0.1446,-45.3657,88.0742
580364,0.7884,0.3144,0.6464,0.5539,0.2143,-44.6513,87.8209
580464,0.7884,0.3149,0.6463,0.5535,-0.4322,-45.6289,88.2089
580564,0.7886,0.3145,0.6469,0.5535,0.264,-44.7576,87.6448
580664,0.7896,0.3148,0.6474,0.5536,-0.6044,-45.5448,88.2603
580764,0.7909,0.3149,0.6476,0.5539,0.2669,-44.7547,87.6427
580864,0.7911,0.3154,0.6489,0.555,-0.8048,-45.7399,88.4037
580964,0.7913,0.3155,0.6491,0.5548,-0.0437,-44.9476,87.7904
581064,0.7923,0.3154,0.6483,0.5546,0.5639,-45.7852,87.569
581164,0.7879,0.3149,0.6466,0.5543,-0.1554,-44.8199,88.0091
581264,0.7861,0.315,0.6465,0.5541,0.573,-45.6522,87.4917
581364,0.7861,0.3148,0.6464,0.5536,-0.1582,-44.8165,88.0111
581464,0.7864,0.3146,0.6461,0.5534,0.4687,-45.5498,87.4959
581564,0.7875,0.3148,0.6464,0.5533,-0.3445,-44.7079,88.1428
581664,0.7893,0.315,0.6464,0.5533,0.4729,-45.4772,87.4936
581764,0.7909,0.315,0.6464,0.5533,-0.3274,-44.4613,88.0606
581864,0.7923,0.315,0.6441,0.5516,-0.4795,-44.3465,88.2377
581964,0.801,0.303,0.6481,0.5488,-1.6204,-39.8677,89.9894
582064,0.801,0.3033,0.6325,0.5514,-1.0085,-40.4328,89.0708
582164,0.7965,0.3094,0.6391,0.5496,-0.6459,-40.9919,88.7016
582264,0.7926,0.3106,0.6425,0.5501,0.8971,-41.629,87.3151
582364,0.791,0.3113,0.6433,0.5506,0.3471,-41.9958,87.5175
582464,0.791,0.3125,0.644,0.5506,0.4479,-44.0379,87.5768
582564,0.7913,0.3133,0.6453,0.5513,0.4286,-45.6363,87.3005
582664,0.7918,0.3136,0.6461,0.5521,0.1472,-45.2648,87.2877
582764,0.7925,0.314,0.6466,0.5526,-0.3442,-44.3698,87.634
582864,0.7936,0.3144,0.6468,0.553,-0.0537,-45.0617,87.5708
582964,0.7944,0.3145,0.647,0.5536,0.4675,-44.1195,87.2048
583064,0.7956,0.3145,0.6471,0.554,-0.1056,-45.1146,87.8187
583164,0.7919,0.314,0.6458,0.5539,0.5492,-44.2829,87.287
583264,0.7896,0.3139,0.646,0.554,-0.2081,-45.2373,87.75
583364,0.789,0.3143,0.6463,0.5538,0.4215,-44.6998,87.3768
583464,0.789,0.3144,0.6466,0.5538,-0.6041,-45.4222,87.9618
583564,0.7896,0.3144,0.647,0.554,0.4234,-44.5971,87.2345
583664,0.7908,0.3149,0.6473,0.554,-0.5216,-45.3934,87.8327
583764,0.7918,0.3149,0.6479,0.5543,0.4593,-44.6468,87.139
583864,0.7926,0.3153,0.6483,0.5546,-0.5184,-45.3912,87.8305
583964,0.7934,0.3154,0.6486,0.555,0.3623,-44.6449,87.136
584064,0.7944,0.3151,0.6483,0.5551,-0.3647,-45.4477,87.8611
584164,0.7896,0.3149,0.647,0.5549,0.3216,-44.598,87.3757
584264,0.7879,0.3148,0.6469,0.5548,-0.3624,-45.5438,87.8595
584364,0.7878,0.315,0.6469,0.5546,0.2171,-44.6684,87.4491
584464,0.7881,0.3151,0.647,0.5544,-0.46,-45.5398,87.8587
584564,0.7889,0.3151,0.6475,0.5545,0.2527,-44.698,87.3538
584664,0.7901,0.3154,0.6478,0.5546,-0.457,-45.5365,87.8565
584764,0.7914,0.3155,0.648,0.5549,0.2554,-44.6946,87.3519
584864,0.7921,0.3153,0.6478,0.5551,-0.4508,-45.1353,87.8516
584964,0.7966,0.3135,0.6411,0.5488,0.3343,-44.5769,89.47
585064,0.8059,0.2909,0.6589,0.5525,-0.271,-42.6332,88.8278
585164,0.8034,0.3055,0.6368,0.5523,-0.9355,-42.0862,88.8741
585264,0.7988,0.312,0.6416,0.5503,-0.4649,-43.6196,88.4135
585364,0.7969,0.313,0.6438,0.5514,0.0363,-45.04,87.7816
585464,0.7959,0.3141,0.645,0.552,-0.214,-45.0098,88.0298
585564,0.7955,0.3148,0.6459,0.5526,1.713,-45.3178,86.3106
585664,0.796,0.315,0.6464,0.5533,0.2726,-45.4324,87.2569
585764,0.7971,0.3155,0.6469,0.5539,-0.2801,-44.8519,87.6477
585864,0.7979,0.3159,0.6473,0.5543,0.8203,-45.3779,86.7973
585964,0.7988,0.316,0.6474,0.5548,-0.6421,-44.6897,87.8322
586064,0.7996,0.3163,0.6479,0.5551,0.4047,-45.2868,87.0928
586164,0.8006,0.3166,0.6481,0.5554,-0.7144,-44.6563,87.954
586264,0.7975,0.3159,0.6464,0.5554,0.5354,-45.3511,87.071
586364,0.7943,0.3158,0.6466,0.5554,-0.5317,-44.7452,87.6836
586464,0.7934,0.316,0.6468,0.5553,0.7224,-45.537,86.9367
586564,0.7934,0.316,0.6468,0.555,-0.3683,-44.6951,87.6388
586664,0.7939,0.3159,0.6471,0.5549,0.564,-45.4582,86.9785
586764,0.7951,0.3163,0.6474,0.5549,-0.471,-44.6921,87.6399
586864,0.796,0.3164,0.6478,0.5551,0.5067,-45.3894,87.0187
586964,0.797,0.3165,0.6481,0.5553,-0.4624,-44.6377,87.7043
587064,0.798,0.3168,0.6484,0.5555,0.5036,-45.3871,87.0209
587164,0.7991,0.3173,0.6488,0.5559,-0.5651,-44.6348,87.7054
587264,0.8,0.3166,0.6481,0.5561,0.5192,-45.3287,87.2204
587364,0.7951,0.3161,0.647,0.5558,-0.568,-44.633,87.9891
587464,0.7933,0.316,0.6468,0.5554,0.5171,-45.4265,87.2219
587564,0.7933,0.3163,0.6466,0.5549,-0.4083,-44.6567,87.8769
587664,0.7935,0.316,0.6464,0.5545,0.413,-45.3249,87.2257
587764,0.7943,0.3159,0.646,0.5535,-0.9221,-43.4587,88.1639
587864,0.8034,0.3219,0.6603,0.5501,1.539,-43.4419,86.5773
587964,0.8055,0.2898,0.6639,0.5521,2.8514,-42.2608,84.9147
588064,0.8066,0.3013,0.64,0.5503,1.1857,-43.991,86.1206
588164,0.8084,0.309,0.6443,0.5495,0.4833,-45.5649,86.7418
588264,0.8089,0.3113,0.6458,0.5513,-0.2339,-45.2266,87.2496
588364,0.8081,0.312,0.645,0.5519,1.201,-45.2195,86.6614
588464,0.8019,0.3124,0.6453,0.5524,0.0613,-45.6341,87.1807
588564,0.8004,0.313,0.6459,0.5528,-0.1292,-45.3021,87.2442
588664,0.7999,0.3135,0.6458,0.5528,0.2569,-44.4906,86.9718
588764,0.7995,0.3136,0.646,0.5531,-0.2978,-45.1878,87.2937
588864,0.8001,0.3145,0.6463,0.5535,0.6897,-44.3919,86.6686
588964,0.801,0.314,0.6466,0.5539,-0.3005,-45.173,87.2963
589064,0.8018,0.3144,0.6468,0.5541,0.741,-44.5068,86.6328
589164,0.8028,0.3148,0.6474,0.5545,-0.3244,-45.3109,87.3839
589264,0.8035,0.3153,0.6479,0.5548,0.5078,-44.6056,86.7965
589364,0.8044,0.315,0.647,0.555,-0.5633,-45.3525,87.9058
589464,0.7991,0.3146,0.6463,0.5546,0.5301,-44.5603,87.1327
589564,0.7976,0.3146,0.6461,0.5546,-0.4003,-45.4248,87.7897
589664,0.7975,0.3149,0.6464,0.5543,0.371,-44.7002,87.2444
589764,0.7975,0.3149,0.6465,0.5543,-0.5764,-45.4571,87.9151
589864,0.7985,0.3149,0.6468,0.5543,0.3739,-44.6977,87.2423
589964,0.7996,0.3151,0.6471,0.5545,-0.6733,-45.4543,87.9137
590064,0.8005,0.3155,0.6474,0.5548,0.3769,-44.7405,87.1699
590164,0.8015,0.3158,0.6478,0.555,-0.6701,-45.4524,87.9114
590264,0.8025,0.3159,0.648,0.5551,0.2799,-44.7388,87.1671
590364,0.8026,0.3156,0.6468,0.555,-0.5784,-45.5298,87.7753
590464,0.7975,0.3153,0.6464,0.5549,0.2833,-44.7362,87.0226
590564,0.7964,0.3153,0.6463,0.5548,-0.5763,-45.5267,87.6316
590664,0.7968,0.3155,0.6461,0.5545,0.2862,-44.7334,87.0205
590764,0.7968,0.3154,0.6461,0.5544,-0.572,-45.4245,87.6284
590864,0.7979,0.3155,0.6466,0.5541,0.3194,-44.6831,86.9261
590964,0.7991,0.3164,0.647,0.5538,-0.6907,-44.492,87.499
591064,0.8031,0.318,0.644,0.5521,0.1129,-43.135,87.0667
591164,0.8031,0.3128,0.6366,0.5509,-0.5037,-43.1799,87.9251
591264,0.8026,0.3113,0.6378,0.5518,-0.3042,-41.7354,87.9295
591364,0.7943,0.3146,0.6435,0.5513,-0.4239,-41.5912,87.0934
591464,0.7814,0.316,0.647,0.5521,-0.0002,-41.6453,86.5167
591564,0.7791,0.3163,0.6478,0.5526,0.2953,-43.6913,86.3741
591664,0.7805,0.3166,0.6474,0.5528,0.0893,-45.5176,86.6561
591764,0.7814,0.3166,0.6475,0.5533,0.0306,-45.389,86.6267
591864,0.7826,0.3168,0.6484,0.5539,0.2575,-44.6519,86.2542
591964,0.7831,0.3169,0.6485,0.5545,-0.381,-45.2104,86.7059
592064,0.784,0.3169,0.6484,0.5549,0.5827,-44.358,86.0258
592164,0.785,0.3171,0.6485,0.5553,-0.2715,-45.2851,86.6982
592264,0.786,0.3174,0.6488,0.5555,0.4066,-44.7628,86.4325
592364,0.7831,0.3168,0.6471,0.5554,-0.8395,-45.4218,87.2448
592464,0.7809,0.3166,0.6473,0.5558,0.3807,-44.9051,86.3807
592564,0.7801,0.317,0.6473,0.5553,-1.3152,-45.3646,87.7235
592664,0.7798,0.317,0.6475,0.5553,0.1441,-44.6576,86.6866
592764,0.7801,0.3168,0.6478,0.5554,-0.2413,-45.5636,86.9595
592864,0.781,0.317,0.648,0.5553,0.0463,-44.7541,86.6842
592964,0.7819,0.3173,0.6483,0.5558,-0.1302,-45.6804,86.8093
593064,0.7823,0.3175,0.6486,0.5559,0.0471,-44.7494,86.6836
593164,0.7833,0.3178,0.649,0.5563,-0.1292,-45.6758,86.8086
593264,0.7843,0.3178,0.6493,0.5566,0.0481,-44.8452,86.683
593364,0.7824,0.3173,0.6474,0.5563,-0.3409,-45.7615,86.8893
593464,0.78,0.3169,0.6474,0.5561,-0.0361,-44.9558,86.6009
593564,0.7795,0.317,0.6475,0.556,0.5628,-45.9951,86.2443
593664,0.7798,0.3173,0.6474,0.5559,-0.0402,-45.1066,86.6026
593764,0.7809,0.3173,0.6478,0.556,0.3012,-44.1873,86.3626
593864,0.7821,0.3175,0.6479,0.5563,-0.0386,-45.1023,86.6012
593964,0.7834,0.3178,0.6483,0.5564,0.3025,-44.1828,86.3617
594064,0.7844,0.3179,0.6485,0.5566,-0.0369,-45.0979,86.6
594164,0.7863,0.3181,0.6489,0.5568,0.3039,-44.1784,86.3607
594264,0.7876,0.3184,0.6491,0.5571,-0.1351,-44.8945,86.5999
594364,0.7898,0.3174,0.6479,0.5565,0.632,-45.4426,86.1966
594464,0.7993,0.3138,0.648,0.5498,-1.2151,-39.4852,87.0477
594564,0.7991,0.3041,0.6551,0.5531,-0.9746,-37.6962,86.195
594664,0.797,0.3106,0.6403,0.5526,-0.7823,-40.4408,86.037
594764,0.7954,0.3143,0.6445,0.5531,0.3227,-41.0913,85.1774
594864,0.7949,0.315,0.6466,0.5538,0.5261,-43.1382,84.8113
594964,0.7955,0.3158,0.6476,0.5544,0.7788,-45.6578,84.6827
595064,0.7963,0.317,0.6486,0.555,0.3853,-46.288,84.6012
595164,0.7973,0.3176,0.649,0.5555,0.3162,-45.6699,84.5105
595264,0.7983,0.3176,0.649,0.5561,-0.4045,-44.1621,85.0904
595364,0.7998,0.3173,0.6488,0.5569,-0.3638,-44.5659,85.0633
595464,0.7985,0.317,0.647,0.5568,1.2379,-44.4303,83.9399
595564,0.7938,0.3166,0.6468,0.5565,-0.1301,-45.0129,84.8327
595664,0.7926,0.3166,0.647,0.5563,1.4665,-44.9431,83.7044
595764,0.793,0.317,0.6471,0.556,-0.1507,-45.2034,84.7045
595864,0.7933,0.317,0.6475,0.5561,0.5805,-44.3376,84.1187
595964,0.7943,0.3169,0.648,0.5563,-0.1523,-44.8731,84.6352
596064,0.7956,0.3169,0.6483,0.5565,0.6764,-45.5367,83.9768
596164,0.7969,0.3171,0.6484,0.5564,-0.3747,-44.878,84.6503
596264,0.7979,0.3175,0.6488,0.5564,0.9426,-45.3304,83.6467
596364,0.7989,0.3176,0.6489,0.5565,-0.44,-44.8415,84.6259
596464,0.7998,0.3176,0.6483,0.5566,1.0442,-45.6293,83.9259
596564,0.7944,0.317,0.6475,0.5564,0.0249,-44.9527,84.5802
596664,0.7925,0.3169,0.6473,0.5561,-0.4521,-45.8418,84.9197
596764,0.7923,0.3174,0.6474,0.5559,0.0273,-45.0488,84.5788
596864,0.792,0.317,0.6474,0.5558,-0.5644,-44.152,84.9231
596964,0.793,0.3171,0.6476,0.5555,0.0175,-45.0259,84.5144
597064,0.7941,0.3173,0.648,0.5556,-0.5654,-44.1475,84.9238
597164,0.7953,0.3174,0.6483,0.5558,0.0147,-45.0218,84.5164
597264,0.7963,0.3176,0.6485,0.556,-0.566,-44.1428,84.9242
597364,0.7974,0.3176,0.6488,0.5561,0.0119,-45.0176,84.5184
597464,0.7986,0.3179,0.649,0.5564,-0.5665,-44.138,84.9245
597564,0.7976,0.3174,0.6471,0.5558,0.2076,-44.9137,84.3787
597664,0.7934,0.317,0.6468,0.5555,-1.2152,-45.4512,85.3177
597764,0.7926,0.317,0.6461,0.5545,0.0469,-44.9445,84.3508
597864,0.794,0.3171,0.6456,0.554,-0.8691,-45.5792,84.8608
597964,0.7953,0.3166,0.645,0.5529,0.191,-44.8711,83.9664
598064,0.8018,0.2994,0.6546,0.5509,-0.2499,-43.587,84.6999
598164,0.8014,0.2965,0.6538,0.5526,-0.4228,-44.0357,84.2592
598264,0.8028,0.3091,0.6404,0.5506,-0.8328,-45.8357,84.563
598364,0.8044,0.3139,0.644,0.5508,-0.1287,-45.8287,84.1363
598464,0.8054,0.3155,0.6454,0.5514,0.1138,-45.5002,84.1782
598564,0.8062,0.3166,0.6466,0.5525,0.5083,-47.226,83.7532
598664,0.804,0.3164,0.6455,0.5525,2.7011,-47.1228,81.7347
598764,0.7995,0.3163,0.6454,0.5529,1.7957,-47.9156,82.4024
598864,0.7984,0.316,0.6454,0.5531,0.7554,-48.6979,83.2459
598964,0.7983,0.3163,0.6451,0.5531,0.4588,-47.687,83.3924
599064,0.7985,0.3163,0.6454,0.5533,0.197,-46.7681,83.5102
599164,0.7998,0.3164,0.6455,0.5534,-0.112,-45.8405,83.7293
599264,0.8009,0.3166,0.646,0.5535,0.0121,-44.9077,83.6409
599364,0.8018,0.317,0.6464,0.554,-0.1114,-45.8358,83.7286
599464,0.8026,0.3174,0.647,0.5545,0.0127,-44.9028,83.6404
599564,0.8037,0.3174,0.6474,0.555,-0.2106,-45.7315,83.7289
599664,0.8043,0.317,0.6464,0.5549,0.0522,-44.908,83.8269
599764,0.799,0.3168,0.6458,0.5549,-0.4579,-45.7916,84.1896
599864,0.7976,0.3168,0.6455,0.5545,-0.0466,-45.0042,83.9676
599964,0.7978,0.3179,0.6458,0.5543,1.5532,-44.9439,82.8369
600064,0.7979,0.317,0.6459,0.5543,-0.1642,-45.001,83.9802
600164,0.799,0.317,0.6461,0.5543,1.4558,-44.9794,82.8347
600264,0.8003,0.3171,0.6464,0.5545,-0.1642,-45.001,83.9802
600364,0.8015,0.3174,0.6465,0.5548,1.3559,-44.9801,82.8347
600464,0.8026,0.3176,0.647,0.5549,1.0905,-45.9054,83.0236
600564,0.8038,0.3184,0.6473,0.5553,0.0645,-45.1383,83.6837
600664,0.805,0.3175,0.6469,0.5555,-0.0534,-46.0728,83.9785
600764,0.8005,0.3171,0.6454,0.5551,-0.0068,-45.0384,83.9454
600864,0.7993,0.317,0.6449,0.555,-0.2409,-43.6997,83.9666
600964,0.7996,0.3173,0.6441,0.554,-0.2606,-44.1355,84.1224
601064,0.8005,0.3174,0.638,0.5484,0.0157,-44.7595,83.7873
601164,0.8063,0.2946,0.6581,0.5486,1.1061,-41.4474,83.8235
601264,0.8065,0.304,0.6589,0.5511,-0.0523,-42.0813,83.0899
601364,0.8079,0.313,0.6393,0.5498,-0.2376,-43.6273,83.0831
601464,0.8091,0.3153,0.6425,0.5505,-0.3822,-45.1594,82.8396
601564,0.8098,0.3161,0.6441,0.5516,0.939,-45.508,82.0463
601664,0.8105,0.3169,0.6453,0.5525,-0.0417,-45.7704,82.7383
601764,0.8074,0.3165,0.6441,0.5533,0.3153,-45.3369,82.2732
601864,0.8029,0.3163,0.6441,0.5535,-0.5503,-44.5095,82.813
601964,0.8018,0.3165,0.6443,0.5538,0.1344,-45.2924,82.4715
602064,0.8014,0.3166,0.6443,0.554,-0.3773,-44.2834,82.7608
602164,0.8019,0.3165,0.6445,0.5543,0.0954,-45.178,82.428
602264,0.803,0.3169,0.6449,0.5545,-0.479,-44.2791,82.7611
602364,0.8044,0.317,0.6453,0.5546,0.0036,-45.152,82.4925
602464,0.805,0.3175,0.6454,0.555,-0.0185,-44.3124,82.5082
602564,0.8058,0.3176,0.6464,0.5554,0.0068,-45.2472,82.4903
602664,0.8065,0.3175,0.6464,0.5559,-0.2003,-46.1805,82.7785
602764,0.8026,0.3173,0.645,0.5556,-0.2415,-45.2516,82.6631
602864,0.8,0.317,0.645,0.5558,0.5404,-44.6295,82.1113
602964,0.7994,0.3174,0.6451,0.5556,0.2412,-45.8654,82.4631
603064,0.7975,0.3174,0.6468,0.5556,-0.016,-45.1429,82.6461
603164,0.7958,0.3178,0.6521,0.5558,0.0908,-46.4749,82.4994
603264,0.7936,0.3181,0.6544,0.5533,-0.1376,-47.5994,82.5222
603364,0.7926,0.3185,0.6538,0.5531,-0.0688,-48.6167,82.471
603464,0.7919,0.3185,0.6534,0.5544,0.0116,-49.6273,82.4104
603564,0.7931,0.3185,0.6518,0.5558,-0.1338,-48.61,82.4439
603664,0.7963,0.3185,0.6496,0.5565,-0.1093,-49.3197,82.6309
603764,0.7939,0.3179,0.6473,0.5566,0.7246,-49.955,81.8445
603864,0.7921,0.3178,0.6471,0.5566,-0.2582,-49.2968,82.5926
603964,0.7911,0.3181,0.6474,0.556,0.919,-49.9425,81.8259
604064,0.7915,0.3188,0.647,0.5554,-0.3367,-48.9521,82.7064
604164,0.7941,0.3178,0.6463,0.5548,-0.3516,-47.6357,82.6401
604264,0.7979,0.3174,0.6445,0.5541,-0.4274,-46.1106,82.6864
604364,0.8013,0.3174,0.6429,0.5521,-0.3728,-44.6969,82.4274
604464,0.8085,0.2988,0.6568,0.549,-0.7697,-43.0456,82.7625
604564,0.8087,0.3044,0.6585,0.551,-0.8369,-44.4694,81.9801
604664,0.8098,0.3151,0.6406,0.5505,-0.0413,-46.0577,81.0742
604764,0.8088,0.3164,0.6423,0.5511,0.3023,-45.3242,80.619
604864,0.8038,0.3163,0.6425,0.5513,-0.3629,-44.6977,81.0181
604964,0.8022,0.3165,0.6433,0.5516,0.6699,-45.7602,80.2153
605064,0.8014,0.3168,0.6438,0.5519,0.0374,-45.1267,80.5944
605164,0.8009,0.3169,0.6443,0.552,-0.3313,-44.2997,80.9247
605264,0.8016,0.317,0.6443,0.5523,-0.0023,-45.102,80.7639
605364,0.8026,0.3171,0.6449,0.5526,-0.0809,-44.0609,80.7479
605464,0.8033,0.3174,0.6455,0.553,-0.0003,-45.1951,80.6914
605564,0.8031,0.3178,0.6464,0.5535,0.0012,-44.3557,80.6905
605664,0.8039,0.3179,0.647,0.554,0.0016,-45.2952,80.8306
605764,0.8009,0.3173,0.6451,0.5538,-0.0035,-44.3559,80.8344
605864,0.7981,0.3169,0.6453,0.5536,-0.0987,-45.2905,80.8318
605964,0.7973,0.317,0.6453,0.5531,0.0121,-44.5698,80.8955
606064,0.7974,0.3171,0.6451,0.5529,-0.1146,-45.5028,80.9152
606164,0.798,0.3171,0.6455,0.553,0.0957,-44.5729,80.7666
606264,0.7993,0.3173,0.6458,0.5531,-0.2138,-45.4981,80.9156
606364,0.8005,0.3175,0.646,0.5534,0.1739,-44.5876,80.6414
606464,0.8015,0.318,0.6464,0.5538,-0.2118,-45.4939,80.9142
606564,0.8024,0.3181,0.6466,0.554,0.0759,-44.5834,80.6391
606664,0.8034,0.3178,0.6459,0.5541,-0.0956,-45.6107,81.0415
606764,0.7981,0.3171,0.645,0.5539,0.0496,-44.6773,80.9388
606864,0.7969,0.3171,0.6448,0.5534,-0.195,-45.606,81.0421
606964,0.7976,0.3171,0.6443,0.553,0.1991,-44.4832,80.8347
607064,0.7991,0.3163,0.6431,0.552,-0.1535,-44.9968,81.0837
607164,0.8022,0.3166,0.6405,0.5503,1.2593,-44.7208,79.9453
607264,0.807,0.302,0.6569,0.5469,2.7108,-43.9726,79.854
607364,0.8078,0.3006,0.6613,0.5498,1.8894,-43.026,79.9269
607464,0.809,0.3113,0.6365,0.5493,0.7204,-42.7804,80.3652
607564,0.8105,0.3153,0.6405,0.5498,0.5284,-44.6038,80.4165
607664,0.8114,0.3159,0.6416,0.5508,-0.0751,-46.7376,81.4004
607764,0.8055,0.3164,0.642,0.5513,0.3888,-47.0143,80.9295
607864,0.803,0.317,0.6431,0.552,0.4246,-46.7951,80.7629
607964,0.8028,0.3174,0.6435,0.5524,1.805,-47.2255,79.8213
608064,0.8025,0.3174,0.6435,0.5528,0.7868,-45.7903,80.6357
608164,0.8033,0.317,0.6433,0.5534,-0.2192,-44.4765,81.3516
608264,0.8045,0.3175,0.6441,0.5536,0.0629,-45.1853,81.0823
608364,0.8051,0.3176,0.6444,0.5538,-0.2459,-44.2626,81.2999
608464,0.8062,0.318,0.6449,0.5546,0.0616,-45.3798,81.0835
608564,0.8074,0.3185,0.6456,0.5551,0.0111,-44.5457,81.0486
608664,0.8075,0.3183,0.6448,0.5553,1.716,-44.6105,79.922
608764,0.8024,0.3178,0.6443,0.5554,0.2073,-44.8527,80.8449
608864,0.801,0.3178,0.6444,0.5551,-1.0231,-45.5708,81.7184
608964,0.8016,0.3183,0.6444,0.555,0.0412,-45.0204,80.8916
609064,0.8018,0.3183,0.6446,0.555,-1.2768,-44.3992,81.7479
609164,0.8029,0.3185,0.645,0.5553,-0.1204,-44.9912,80.8647
609264,0.8041,0.3188,0.6453,0.5555,1.4892,-45.097,79.7257
609364,0.8053,0.319,0.6455,0.556,-0.1211,-45.0912,80.8645
609464,0.806,0.3195,0.646,0.5564,0.7572,-44.342,80.1753
609564,0.8072,0.3194,0.6464,0.5566,0.529,-45.3807,80.5469
609664,0.8035,0.3188,0.6449,0.5563,-0.6804,-44.6462,81.2595
609764,0.8006,0.3186,0.6449,0.5563,0.5288,-45.3682,80.405
609864,0.8004,0.3189,0.645,0.5559,-0.7022,-44.7433,81.4169
609964,0.801,0.3189,0.645,0.5558,0.5687,-45.0402,80.4479
610064,0.802,0.3186,0.645,0.5555,-1.1308,-44.5178,81.5772
610164,0.8062,0.3191,0.6496,0.5484,-0.1176,-42.3813,80.9145
610264,0.8105,0.3058,0.6609,0.5519,1.2859,-40.5357,79.7544
610364,0.81,0.3155,0.6385,0.5526,0.2549,-41.7839,80.1911
610464,0.8109,0.319,0.6421,0.5521,0.5907,-43.9277,80.2237
610564,0.8116,0.32,0.6444,0.5533,0.5026,-45.7124,79.8521
610664,0.81,0.3196,0.6438,0.5538,2.846,-45.9564,78.3871
610764,0.805,0.3194,0.6441,0.554,4.76,-45.9519,76.7923
610864,0.8039,0.3194,0.6446,0.5541,3.8955,-47.0153,77.333
610964,0.8037,0.3198,0.6448,0.5541,2.5603,-46.2098,78.2393
611064,0.8037,0.3195,0.645,0.5544,1.089,-45.3279,79.2998
611164,0.8049,0.3195,0.6453,0.5544,-0.5462,-44.8919,80.4575
611264,0.8064,0.32,0.6454,0.5544,0.9938,-45.3877,79.3672
611364,0.8074,0.3206,0.6458,0.5544,-0.3473,-44.9616,80.3173
611464,0.808,0.3208,0.6461,0.5549,1.1468,-45.129,79.1893
611564,0.8094,0.3209,0.6466,0.5554,-0.3428,-44.9467,80.1727
611664,0.8078,0.3204,0.645,0.555,1.3736,-44.8472,78.89
611764,0.8035,0.3199,0.6449,0.5553,-0.3182,-45.0218,80.0144
611864,0.8024,0.3199,0.6448,0.5544,-0.2559,-46.2547,79.9709
611964,0.8026,0.3203,0.6448,0.5539,-0.1658,-45.4289,79.8341
612064,0.8033,0.3204,0.645,0.5539,0.1854,-44.6135,79.5858
612164,0.8047,0.3206,0.6451,0.5539,-0.3502,-45.512,79.895
612264,0.806,0.3209,0.6456,0.554,0.2423,-44.6394,79.4756
612364,0.807,0.321,0.646,0.5543,-0.3475,-45.5083,79.8931
612464,0.8081,0.3211,0.6464,0.5546,0.145,-44.6358,79.4729
612564,0.8093,0.321,0.646,0.5549,-0.3214,-45.5441,80.0144
612664,0.8043,0.3206,0.6449,0.5544,0.1994,-44.6564,79.6457
612764,0.8025,0.3203,0.6446,0.554,-0.3189,-45.5402,80.0126
612864,0.8029,0.3206,0.6446,0.5536,0.2012,-44.5519,79.6443
612964,0.8035,0.3204,0.6446,0.5536,-0.3076,-45.3554,79.9341
613064,0.8051,0.3204,0.6443,0.5531,0.3116,-44.2134,79.5676
613164,0.8072,0.3204,0.6445,0.5531,-0.3509,-44.3294,79.6843
613264,0.8105,0.3186,0.6435,0.5475,-0.2833,-43.4786,79.9108
613364,0.816,0.2696,0.6609,0.5508,0.4982,-42.3255,79.2459
613464,0.8154,0.3108,0.6379,0.5508,-0.4673,-42.1911,79.5581
613564,0.816,0.3179,0.6425,0.5509,-0.2251,-44.0313,79.3242
613664,0.813,0.3181,0.6428,0.5516,0.292,-45.5559,79.0282
613764,0.8085,0.3184,0.644,0.5528,0.4295,-45.4622,78.9316
613864,0.8054,0.3193,0.6468,0.5548,0.4793,-45.7385,78.6105
613964,0.8039,0.3196,0.6465,0.555,0.3198,-45.3627,78.4407
614064,0.8041,0.3199,0.6466,0.5555,1.4934,-45.849,77.5314
614164,0.8053,0.3195,0.6466,0.556,2.6778,-45.2571,76.689
614264,0.8068,0.3196,0.6468,0.5563,0.676,-45.1172,78.2493
614364,0.8079,0.32,0.647,0.5566,-1.1771,-45.0391,79.6303
614464,0.8084,0.3206,0.6478,0.5573,0.442,-45.1822,78.486
614564,0.8093,0.3208,0.6485,0.5576,0.4536,-46.2138,78.4069
614664,0.8072,0.3204,0.6471,0.5576,0.4156,-45.3007,78.3677
614764,0.8035,0.3199,0.6473,0.5578,-0.5893,-44.4644,78.9353
614864,0.8028,0.3201,0.6475,0.5578,-0.5854,-45.4007,79.0034
614964,0.8029,0.3203,0.6474,0.5574,0.2558,-44.6828,78.2652
615064,0.8037,0.3203,0.6476,0.5574,-0.4328,-45.5272,78.7529
615164,0.8049,0.3205,0.6479,0.5574,0.1587,-44.6797,78.2622
615264,0.8062,0.3208,0.6485,0.5578,-0.2902,-45.5757,78.5802
615364,0.8069,0.3209,0.6488,0.5579,0.2609,-44.6753,78.1194
615464,0.8078,0.3211,0.6491,0.5581,-0.5258,-45.52,78.6066
615564,0.8088,0.3208,0.6485,0.5581,0.1877,-44.7093,78.3138
615664,0.8038,0.3205,0.6474,0.558,-0.3824,-45.5821,78.7178
615764,0.8025,0.3203,0.6473,0.5576,0.0898,-44.7054,78.4536
615864,0.803,0.3203,0.647,0.5573,-0.1922,-45.3251,78.6532
615964,0.8044,0.3201,0.6451,0.5554,-0.3704,-42.829,78.273
616064,0.8085,0.312,0.6381,0.5521,-0.0262,-43.5835,78.6607
616164,0.8137,0.2979,0.6409,0.5529,-0.1205,-39.3197,79.721
616264,0.8125,0.3114,0.6421,0.5539,-0.662,-38.8911,79.402
616364,0.8116,0.3159,0.6464,0.5541,-0.1282,-40.3421,78.9119
616464,0.8116,0.3181,0.6483,0.5551,0.4528,-43.4891,78.2125
616564,0.8123,0.3185,0.6489,0.5559,0.6945,-46.4046,78.3725
616664,0.8068,0.3191,0.6483,0.5559,0.4596,-47.4201,78.674
616764,0.8045,0.3196,0.6484,0.5556,0.3726,-49.5258,78.6652
616864,0.8044,0.32,0.6484,0.5558,2.1269,-49.2821,77.3341
616964,0.804,0.3196,0.6481,0.5561,0.0581,-48.4808,78.8282
617064,0.805,0.3191,0.648,0.5563,-0.2757,-46.9585,79.1336
617164,0.8065,0.3193,0.648,0.5565,-0.453,-46.0323,79.326
617264,0.8077,0.3195,0.6484,0.5564,-0.055,-45.328,79.0423
617364,0.8085,0.32,0.6488,0.5569,0.1635,-46.3604,78.7456
617464,0.8094,0.3203,0.6491,0.5571,0.1159,-47.386,78.7802
617564,0.8072,0.3198,0.6475,0.5568,0.0698,-46.4608,78.8141
617664,0.8038,0.3193,0.6474,0.5565,-0.0748,-45.429,78.8452
617764,0.8033,0.3194,0.6473,0.5563,-0.0133,-44.6966,78.8724
617864,0.8034,0.3198,0.6471,0.5559,-0.1724,-45.6286,78.8452
617964,0.8041,0.3199,0.6474,0.5556,0.08,-44.703,78.6663
618064,0.8053,0.3199,0.6476,0.5556,-0.171,-45.6241,78.8442
618164,0.8064,0.32,0.648,0.5559,0.0812,-44.6984,78.6655
618264,0.8074,0.3204,0.6483,0.5561,-0.27,-45.6194,78.8444
618364,0.8087,0.3206,0.6485,0.5561,0.0242,-44.7107,78.5641
618464,0.8088,0.3204,0.6471,0.556,-0.1555,-45.6416,78.762
618564,0.8039,0.3198,0.6468,0.5558,0.0685,-44.6131,78.461
618664,0.8028,0.3198,0.6465,0.5553,-0.0974,-45.5411,78.5783
618764,0.8031,0.3199,0.6466,0.555,-0.0302,-44.6087,78.3169
618864,0.8037,0.3196,0.6461,0.5548,0.0423,-45.3418,78.2654
618964,0.8062,0.3203,0.646,0.5539,0.1236,-43.701,78.0675
619064,0.8105,0.3181,0.6451,0.5523,-0.4152,-42.652,76.8991
619164,0.8163,0.3213,0.6498,0.5478,-1.2651,-37.4638,78.7381
619264,0.8179,0.279,0.6589,0.5519,0.1948,-36.7711,77.4866
619364,0.8177,0.2949,0.6409,0.5515,-0.029,-38.503,77.1938
619464,0.812,0.306,0.6423,0.5506,0.6706,-39.6381,77.0505
619564,0.8098,0.3085,0.642,0.5508,0.7054,-42.8909,77.3504
619664,0.8095,0.31,0.6415,0.5511,1.568,-46.6214,77.3268
619764,0.809,0.3126,0.6424,0.5506,1.7361,-49.5769,76.3994
619864,0.8103,0.314,0.6426,0.5509,2.9572,-50.1294,75.4679
619964,0.8124,0.3141,0.6421,0.552,4.1507,-48.7899,74.5719
620064,0.8144,0.3138,0.6424,0.553,2.0083,-48.3658,76.1928
620164,0.815,0.3143,0.643,0.5539,0.6643,-49.014,77.1279
620264,0.816,0.3146,0.6438,0.5543,0.2914,-48.0037,77.3981
620364,0.8171,0.3146,0.6433,0.5546,0.2777,-49.1146,77.8361
620464,0.8116,0.3145,0.6426,0.5545,-0.4074,-50.024,78.2922
620564,0.81,0.3145,0.6428,0.5549,0.2711,-49.1573,77.7111
620664,0.8099,0.3149,0.6434,0.5548,2.0228,-49.1856,76.3856
620764,0.81,0.3149,0.6436,0.5551,3.6747,-49.1882,75.0596
620864,0.8112,0.315,0.6444,0.5555,1.7359,-49.5012,76.3708
620964,0.8123,0.3153,0.6451,0.5558,0.9544,-48.6151,76.797
621064,0.8138,0.3154,0.6448,0.5555,-0.7977,-49.5839,78.5795
621164,0.8152,0.3161,0.6453,0.5554,0.3399,-49.5068,77.9767
621264,0.8165,0.3166,0.6453,0.5559,-1.243,-49.3214,78.96
621364,0.8144,0.3164,0.644,0.5559,0.7375,-49.3252,77.3262
621464,0.8094,0.316,0.6439,0.5564,-0.8561,-49.1911,78.3302
621564,0.8083,0.3159,0.644,0.5564,1.0766,-49.5694,76.8082
621664,0.8087,0.3164,0.6441,0.5569,-0.588,-49.2973,77.9316
621764,0.8083,0.3159,0.6451,0.5573,0.974,-49.7777,76.8094
621864,0.8068,0.3159,0.6469,0.5576,-0.6314,-49.3255,77.8769
621964,0.8087,0.3161,0.6465,0.5576,1.0856,-49.3163,76.5733
622064,0.8113,0.316,0.6459,0.5573,-0.7646,-48.8432,78.044
622164,0.8134,0.3163,0.6455,0.5568,0.1582,-48.9876,77.2681
622264,0.8149,0.3176,0.6446,0.5566,0.491,-47.3697,77.609
622364,0.811,0.3181,0.642,0.555,0.2887,-45.1435,77.7627
622464,0.8103,0.3088,0.6386,0.5536,-1.1685,-41.7986,77.3493
622564,0.8084,0.3076,0.6394,0.5534,-0.3534,-40.2819,76.9453
622664,0.8081,0.3133,0.6414,0.553,0.3338,-43.2538,76.3688
622764,0.8094,0.3159,0.6426,0.5526,0.2642,-45.3837,76.621
622864,0.8105,0.317,0.6439,0.5528,-0.2323,-44.7122,77.1857
622964,0.8115,0.3176,0.6444,0.5536,0.7614,-45.7532,76.4092
623064,0.812,0.3178,0.6453,0.5543,0.1524,-45.2439,76.4164
623164,0.8127,0.3175,0.6458,0.5553,-0.4936,-44.3595,76.6581
623264,0.8114,0.3165,0.6444,0.555,1.1941,-44.1567,75.4068
623364,0.8065,0.3161,0.6441,0.555,0.0692,-44.9819,76.1253
623464,0.8051,0.3161,0.6443,0.5546,-1.4236,-45.7557,77.1874
623564,0.8053,0.3165,0.6445,0.5541,-0.3302,-45.3255,76.3386
623664,0.8058,0.3163,0.6449,0.5543,0.484,-44.514,75.7636
623764,0.8069,0.3163,0.6454,0.5544,-0.327,-45.223,76.1956
623864,0.8084,0.3165,0.6454,0.5548,0.7128,-44.4029,75.4624
623964,0.8093,0.3168,0.646,0.555,-0.3093,-45.1715,76.1127
624064,0.8102,0.3171,0.6465,0.5551,0.8542,-44.6172,75.292
624164,0.8115,0.3173,0.6465,0.5554,-0.5292,-45.1873,76.1985
624264,0.8127,0.317,0.6459,0.5554,0.9501,-44.8927,75.508
624364,0.8074,0.3166,0.6449,0.5548,-0.7393,-44.8671,76.6319
624464,0.806,0.3164,0.6446,0.5545,0.6094,-45.0407,75.6783
624564,0.8064,0.3166,0.6444,0.5538,-0.8991,-44.9264,76.8156
624664,0.8065,0.3166,0.6444,0.5539,0.7065,-45.0525,75.6804
624764,0.8078,0.3168,0.6445,0.5536,-0.8994,-44.9263,76.8159
624864,0.8093,0.3168,0.6446,0.5534,0.7061,-45.0525,75.6807
624964,0.8114,0.317,0.6439,0.553,-0.9965,-44.7254,76.8133
625064,0.8145,0.317,0.6436,0.5528,0.2656,-44.7273,75.7797
625164,0.817,0.317,0.643,0.5521,-0.7299,-45.1397,76.344
625264,0.8196,0.3176,0.6403,0.5513,0.5979,-43.9388,75.546
625364,0.8185,0.3161,0.6561,0.5473,0.88,-43.1403,75.7757
625464,0.8154,0.3016,0.6614,0.5498,2.4064,-39.9485,74.5739
625564,0.8135,0.3095,0.6606,0.5478,0.7548,-42.7243,75.3957
625664,0.8133,0.314,0.6373,0.5465,0.5697,-45.7402,75.4315
625764,0.8135,0.3154,0.6398,0.5466,-0.0877,-45.2867,75.8979
625864,0.815,0.3154,0.6406,0.5475,0.0928,-44.2612,75.8414
625964,0.8165,0.3159,0.6406,0.5481,0.1738,-45.1936,75.6418
626064,0.8178,0.3161,0.6408,0.549,-0.5684,-44.4589,75.8807
626164,0.8187,0.3158,0.641,0.5494,0.1738,-44.6599,75.4266
626264,0.8203,0.3153,0.6403,0.55,-0.5857,-45.2535,76.3167
626364,0.8163,0.3151,0.6389,0.5495,0.6099,-44.9886,75.4006
626464,0.8133,0.3154,0.6394,0.5489,-1.0165,-45.4117,76.4103
626564,0.8128,0.3154,0.6393,0.5485,0.1073,-44.8717,75.7545
626664,0.8129,0.315,0.6391,0.5486,-0.7016,-45.5093,76.2583
626764,0.8137,0.3151,0.6393,0.5486,0.2045,-44.7751,75.5445
626864,0.8148,0.3155,0.6395,0.5486,-0.6544,-45.5984,76.0836
626964,0.8164,0.3155,0.6399,0.5491,0.108,-44.8055,75.613
627064,0.8177,0.3158,0.6401,0.5493,-0.3924,-45.8908,75.9686
627164,0.8187,0.3161,0.6408,0.5498,0.0067,-45.085,75.6847
627264,0.8198,0.3161,0.6411,0.5503,-0.0659,-44.1452,75.7356
627364,0.8179,0.3156,0.6395,0.55,1.6115,-44.1757,74.4951
627464,0.8133,0.3151,0.6394,0.5496,0.3006,-44.7988,75.3443
627564,0.8123,0.3153,0.6393,0.5493,-0.7683,-45.8001,76.103
627664,0.8125,0.3155,0.6391,0.549,-0.083,-45.0828,75.5437
627764,0.8129,0.3155,0.6394,0.5489,0.7238,-44.4674,74.9755
627864,0.8143,0.3156,0.6396,0.5494,-0.3795,-45.2011,75.6836
627964,0.8156,0.3159,0.6401,0.5498,0.8039,-44.2611,74.8494
628064,0.8171,0.3163,0.6399,0.55,-0.355,-43.7584,75.4592
628164,0.8203,0.3164,0.6338,0.548,-0.2667,-42.4954,75.6732
628264,0.8238,0.294,0.657,0.5503,-0.5613,-39.4338,76.1559
628364,0.8204,0.3024,0.634,0.5484,-0.2198,-40.1563,75.8725
628464,0.8137,0.3108,0.6383,0.5469,0.0698,-41.1036,75.3174
628564,0.8129,0.3124,0.6391,0.5471,0.1252,-41.2509,75.2702
628664,0.8134,0.3126,0.6385,0.5475,0.4176,-42.8035,75.5508
628764,0.8135,0.3135,0.639,0.5479,0.5356,-44.1391,75.3891
628864,0.8143,0.3139,0.64,0.5486,0.1814,-45.1169,75.0726
628964,0.8154,0.3139,0.6404,0.5491,-0.8877,-44.1116,75.8244
629064,0.8164,0.3139,0.6403,0.5499,-0.2749,-44.525,75.3938
629164,0.8174,0.3143,0.6406,0.5504,-0.3057,-43.5866,75.3448
629264,0.8183,0.3148,0.6409,0.5505,-0.3031,-45.0154,75.4888
629364,0.8155,0.3145,0.6395,0.5498,1.3144,-45.1236,74.3446
629464,0.8119,0.3141,0.6394,0.5495,-0.2843,-44.9701,75.3345
629564,0.8115,0.3143,0.6395,0.5496,1.2124,-45.1292,74.3458
629664,0.8116,0.3145,0.6393,0.5495,-0.4797,-44.8557,75.4727
629764,0.812,0.3143,0.6395,0.5498,0.9624,-45.281,74.4517
629864,0.8135,0.3151,0.6398,0.5499,-0.5814,-44.8549,75.6153
629964,0.8149,0.315,0.64,0.5499,0.9116,-45.3193,74.5586
630064,0.8162,0.3154,0.6403,0.5504,-0.4719,-44.9308,75.538
630164,0.817,0.3156,0.6406,0.5509,1.0016,-45.1537,74.4247
630264,0.8156,0.3151,0.6394,0.5508,2.9242,-45.089,72.9921
630364,0.8106,0.3146,0.6393,0.5505,1.3062,-45.0452,73.9962
630464,0.8102,0.3149,0.6391,0.5503,-0.4112,-44.9861,75.1402
630564,0.8109,0.3153,0.6385,0.5499,0.8963,-44.434,74.0052
630664,0.8129,0.315,0.6335,0.5483,-0.1951,-43.9283,74.7791
630764,0.8156,0.2915,0.6499,0.5486,-0.5312,-40.669,76.6419
630864,0.8146,0.2996,0.6503,0.5488,0.6541,-39.7752,75.8169
630964,0.8152,0.3093,0.6358,0.5471,0.5431,-41.1214,75.225
631064,0.8169,0.3128,0.6383,0.5479,0.151,-41.9254,75.0951
631164,0.8174,0.3133,0.6381,0.5488,0.6238,-41.7745,74.8972
631264,0.8119,0.3135,0.6384,0.5488,0.8465,-43.3162,74.8662
631364,0.8113,0.3139,0.6391,0.5491,2.5445,-43.8792,73.2647
631464,0.8116,0.3143,0.6391,0.5499,1.1572,-44.1564,74.1691
631564,0.8118,0.3139,0.6391,0.5501,-0.049,-44.4923,74.879
631664,0.8131,0.314,0.6394,0.551,-0.1364,-43.5527,74.8693
631764,0.8145,0.3146,0.6399,0.5513,-0.049,-44.7895,74.8088
631864,0.8155,0.3154,0.6404,0.5518,0.1692,-45.9115,74.6537
631964,0.8165,0.3155,0.6409,0.5523,-0.0033,-44.9816,74.7768
632064,0.8177,0.3154,0.641,0.5528,0.0641,-45.9061,74.9396
632164,0.813,0.3151,0.6395,0.5525,-0.1015,-44.7704,74.9855
632264,0.8106,0.3145,0.6399,0.5526,0.2025,-45.673,74.6994
632364,0.8104,0.3149,0.6398,0.5525,-0.2762,-44.9508,75.18
632464,0.8105,0.3153,0.64,0.5524,1.1786,-45.3174,74.0787
632564,0.8115,0.3155,0.6405,0.5525,-0.2886,-44.9197,75.1184
632664,0.8129,0.316,0.6408,0.5529,1.1769,-45.3171,74.0798
632764,0.8143,0.3161,0.6411,0.5534,-0.2897,-44.8189,75.1196
632864,0.8153,0.3164,0.6416,0.5536,0.8166,-45.5001,74.335
632964,0.8165,0.3165,0.6421,0.5541,-0.3928,-44.817,75.2632
633064,0.8139,0.3164,0.6405,0.5539,0.9749,-45.3971,74.2234
633164,0.8108,0.3159,0.6404,0.5536,-0.4475,-44.9549,75.1598
633264,0.8103,0.3161,0.6403,0.5531,1.0491,-45.0086,74.172
633364,0.8114,0.3161,0.6395,0.5526,-0.8612,-44.1889,75.3115
633464,0.8135,0.3158,0.6355,0.5508,-0.718,-42.3538,75.1335
633564,0.8162,0.2946,0.6498,0.5503,-0.7762,-39.1858,76.0843
633664,0.8143,0.2984,0.653,0.5513,-0.8747,-39.3029,75.7608
633764,0.8149,0.3091,0.6373,0.55,-0.4082,-40.0581,75.2499
633864,0.8169,0.3124,0.6396,0.5509,0.9637,-42.5089,73.7437
633964,0.8185,0.314,0.6406,0.5518,0.8105,-42.8097,74.0366
634064,0.8154,0.3144,0.6395,0.5516,2.5863,-43.8603,73.0139
634164,0.8124,0.3146,0.64,0.5518,1.1117,-44.7352,73.8959
634264,0.8123,0.3151,0.6401,0.5518,-0.6903,-45.2875,75.2393
634364,0.8123,0.3153,0.6399,0.5514,0.3177,-44.3355,74.4534
634464,0.8131,0.3148,0.64,0.552,-0.1144,-44.9381,74.758
634564,0.8141,0.315,0.6404,0.5525,1.0787,-45.6689,73.9101
634664,0.8153,0.3154,0.6409,0.5526,-0.0251,-45.1848,74.694
634764,0.8163,0.3161,0.6414,0.5528,0.1009,-44.4489,74.6051
634864,0.817,0.3164,0.6419,0.5531,-0.0703,-45.3776,74.7259
634964,0.8181,0.3166,0.6426,0.5536,0.0023,-44.4442,74.7455
635064,0.8145,0.3161,0.6415,0.5533,-0.0016,-45.3782,74.748
635164,0.8112,0.3156,0.6411,0.5529,-0.1973,-44.4395,74.7432
635264,0.8106,0.3159,0.641,0.5525,0.027,-45.653,74.656
635364,0.8109,0.3161,0.6409,0.5521,-0.1114,-44.8169,74.6824
635464,0.8118,0.3164,0.6413,0.5521,0.4304,-45.695,74.2975
635564,0.8129,0.3165,0.6415,0.5523,-0.2135,-44.8127,74.683
635664,0.8141,0.3168,0.642,0.5526,0.684,-45.5887,74.046
635764,0.8153,0.3171,0.6423,0.5528,-0.2165,-44.81,74.6851
635864,0.8163,0.3175,0.6428,0.5531,0.5815,-45.6861,74.0483
635964,0.8174,0.3176,0.6435,0.5534,-0.3321,-45.0455,74.8377
636064,0.8128,0.3171,0.6414,0.5528,1.1413,-44.8208,73.7261
636164,0.8103,0.3166,0.6413,0.5525,-0.4237,-45.0632,74.8316
636264,0.8103,0.317,0.6411,0.5524,1.142,-44.8205,73.7256
636364,0.8106,0.317,0.6409,0.5519,-0.6203,-44.7622,74.8307
636464,0.8123,0.3168,0.6406,0.5519,0.7292,-44.8757,73.8763
636564,0.8148,0.3168,0.6391,0.5511,-1.1143,-44.3338,74.9669
636664,0.8188,0.2874,0.6525,0.5489,0.1371,-42.3904,74.0872
636764,0.8181,0.2866,0.6551,0.5509,1.1351,-40.9609,72.7306
636864,0.8183,0.3028,0.6368,0.5491,0.7582,-41.7239,72.964
636964,0.8191,0.3086,0.6399,0.5495,0.3508,-42.7524,73.069
637064,0.8162,0.3098,0.6386,0.5494,0.5138,-44.6884,73.1542
637164,0.8131,0.3104,0.6384,0.5493,-0.3137,-46.0601,73.9489
637264,0.8127,0.3109,0.6388,0.5496,0.1655,-45.6422,73.4676
637364,0.8125,0.3113,0.6391,0.5499,-0.1714,-44.5142,73.6346
637464,0.8131,0.3113,0.639,0.5504,-0.1452,-44.534,73.5457
637564,0.8149,0.3105,0.6386,0.551,-0.0573,-45.1544,73.3436
637664,0.8162,0.311,0.639,0.5513,0.2805,-44.5364,73.1058
637764,0.8169,0.3118,0.6393,0.5514,-0.2581,-45.7155,73.4863
637864,0.8178,0.312,0.6399,0.5518,-0.0295,-44.8991,73.3945
637964,0.8189,0.3119,0.6398,0.5521,0.3425,-45.9163,73.3403
638064,0.8131,0.3115,0.639,0.5519,0.1023,-45.002,73.4417
638164,0.8115,0.3115,0.6388,0.5519,-1.5164,-44.957,74.5859
638264,0.8119,0.3116,0.6389,0.5516,0.2028,-44.9711,73.4416
638364,0.8115,0.3116,0.6393,0.5514,-1.3719,-45.0846,74.5559
638464,0.8124,0.3123,0.6398,0.5516,0.2396,-45.0834,73.4165
638564,0.8139,0.3129,0.6405,0.5519,-1.1412,-44.5914,74.3901
638664,0.8152,0.313,0.6408,0.552,0.1375,-45.0835,73.4183
638764,0.8166,0.3131,0.6408,0.5526,-0.9713,-44.3978,74.1989
638864,0.8175,0.3131,0.6405,0.5529,0.2358,-45.1802,73.56
638964,0.8122,0.3128,0.6394,0.5525,-0.7344,-44.4277,74.2439
639064,0.8109,0.3125,0.6388,0.5518,0.2324,-45.0784,73.5622
639164,0.8115,0.3128,0.6388,0.5515,-1.06,-44.5979,74.5446
639264,0.812,0.3126,0.6389,0.5515,0.0958,-45.0111,73.5887
639364,0.8135,0.3129,0.6389,0.5514,-1.5838,-44.6138,74.7021
639464,0.8158,0.3134,0.638,0.5511,-0.3857,-44.0806,73.7776
639564,0.8189,0.3069,0.644,0.5501,-0.4893,-39.5164,74.7571
639664,0.8177,0.3018,0.6508,0.5519,0.2369,-38.2035,74.3455
639764,0.8175,0.3073,0.6355,0.5506,-0.1086,-38.2333,74.6518
639864,0.8133,0.3098,0.6369,0.5496,0.4539,-38.8635,74.1122
639964,0.811,0.3103,0.6374,0.5491,0.3775,-40.6122,74.0011
640064,0.8118,0.3104,0.6363,0.5493,0.3623,-42.0708,74.7099
640164,0.8123,0.3106,0.6368,0.5494,0.5293,-43.4137,74.3732
640264,0.8129,0.3105,0.6378,0.5499,0.5044,-44.2342,73.8933
640364,0.8141,0.3106,0.6383,0.5505,-0.1721,-44.7103,74.3004
640464,0.8143,0.3111,0.6393,0.5509,-0.3277,-43.7721,74.4098
640564,0.8146,0.3118,0.6395,0.5509,-0.4228,-43.131,74.4795
640664,0.8159,0.3124,0.6398,0.5511,-0.3565,-42.69,74.5104
640764,0.817,0.3133,0.6403,0.5515,-0.2155,-43.9303,74.4149
640864,0.8166,0.3129,0.6388,0.5514,1.5474,-43.9945,73.1883
640964,0.8112,0.3125,0.6386,0.5514,0.5672,-44.4955,73.6636
641064,0.8103,0.3125,0.6385,0.5511,-0.3183,-45.1782,74.148
641164,0.8109,0.3124,0.6383,0.5511,0.7373,-44.4205,73.3326
641264,0.8115,0.3124,0.6384,0.551,0.5487,-43.488,73.4635
641364,0.8129,0.3128,0.6388,0.551,0.2184,-44.5081,73.6921
641464,0.8143,0.3131,0.6391,0.5511,-0.1865,-45.5116,73.9782
641564,0.8156,0.3133,0.6395,0.5515,0.0458,-44.5939,73.7422
641664,0.8165,0.3136,0.6399,0.5519,-0.0602,-45.5249,73.8171
641764,0.8178,0.3138,0.6401,0.5523,0.0463,-44.5892,73.7419
641864,0.8156,0.3136,0.6386,0.552,0.0408,-45.5202,73.6748
641964,0.8122,0.3136,0.6388,0.5519,-0.1319,-44.5833,73.7254
642064,0.8116,0.3138,0.6389,0.5515,-0.0996,-43.8458,73.7032
642164,0.8122,0.314,0.6389,0.5513,-0.1191,-44.5837,73.6475
642264,0.8137,0.3133,0.6384,0.5508,0.0449,-44.6093,73.4612
642364,0.8162,0.3125,0.6376,0.5508,0.0337,-43.3688,73.4693
642464,0.8181,0.3118,0.637,0.5508,0.0132,-41.6172,73.3413
642564,0.8205,0.3001,0.6304,0.5504,0.6999,-39.9226,72.7427
642664,0.8193,0.2945,0.631,0.5506,0.218,-38.3591,72.7173
642764,0.8178,0.3045,0.6336,0.549,-0.1588,-38.1882,72.7612
642864,0.8134,0.3091,0.6363,0.5483,0.0796,-38.4178,72.5992
642964,0.8116,0.3096,0.6375,0.5484,0.1462,-40.2827,72.6176
643064,0.8122,0.3108,0.638,0.5485,0.4221,-42.0396,72.6274
643164,0.8123,0.3111,0.639,0.5493,0.3751,-42.985,72.4448
643264,0.8135,0.3115,0.6398,0.5501,0.1029,-43.7244,72.5649
643364,0.815,0.3111,0.6401,0.5506,-0.122,-42.2769,72.7222
643464,0.8158,0.3114,0.6404,0.5513,-0.2401,-41.1222,72.8073
643564,0.8165,0.3119,0.641,0.5518,0.1836,-40.5002,72.5312
643664,0.8179,0.3125,0.6415,0.5521,0.0722,-41.8583,72.8194
643764,0.8141,0.3121,0.6399,0.552,0.0512,-42.9087,72.8334
643864,0.8106,0.3115,0.64,0.5521,0.1233,-43.8525,72.7111
643964,0.8095,0.3114,0.6401,0.5521,0.0231,-44.7885,72.7811
644064,0.8103,0.3116,0.6401,0.5523,-0.1797,-45.6187,72.855
644164,0.8114,0.3115,0.6401,0.5524,-0.2444,-44.6866,72.9713
644264,0.813,0.312,0.6405,0.5528,-0.2856,-43.8497,72.9297
644364,0.8148,0.3125,0.6405,0.553,-0.2951,-43.108,73.0095
644464,0.8164,0.3131,0.6408,0.5534,-0.1515,-44.246,72.9109
644564,0.8178,0.3138,0.6411,0.5538,0.0358,-45.175,72.7792
644664,0.8195,0.3138,0.6413,0.5535,-0.2495,-43.4367,72.9076
644764,0.822,0.3126,0.6396,0.5531,-0.3446,-41.7868,73.1158
644864,0.818,0.2975,0.6539,0.5525,1.8796,-39.9899,72.1869
644964,0.8135,0.2961,0.6615,0.5544,0.6417,-38.3597,72.3282
645064,0.8141,0.278,0.6553,0.5511,0.585,-38.0023,72.8439
645164,0.8152,0.293,0.6349,0.5495,0.4956,-38.4415,72.5884
645264,0.8166,0.2973,0.637,0.5498,0.6993,-40.4908,72.0618
645364,0.8189,0.2999,0.6384,0.55,-0.8682,-41.8148,73.1593
645464,0.8202,0.3024,0.6395,0.5505,-0.3335,-43.3527,72.8626
645564,0.8217,0.3038,0.6404,0.5515,0.1425,-44.3873,72.3162
645664,0.8229,0.3048,0.6411,0.5524,-0.0741,-45.3132,72.469
645764,0.824,0.3049,0.6413,0.553,-0.1567,-44.2782,72.7402
645864,0.8184,0.3048,0.6399,0.5529,-0.2105,-43.3373,72.8495
645964,0.8163,0.305,0.6399,0.5524,-0.2358,-42.4917,72.7979
646064,0.8162,0.3056,0.6401,0.5519,-0.2435,-43.6358,72.877
646164,0.8165,0.3064,0.6404,0.5516,-0.078,-44.5702,72.7618
646264,0.8178,0.3065,0.641,0.5519,0.0919,-45.4981,72.6416
646364,0.8193,0.3069,0.6415,0.5525,0.0732,-44.5653,72.655
646464,0.8208,0.3074,0.6419,0.5524,-0.0846,-45.4941,72.7664
646564,0.822,0.3079,0.6423,0.5526,0.0739,-44.5606,72.6545
646664,0.8231,0.3085,0.6426,0.553,-0.084,-45.6883,72.7661
646764,0.8242,0.3088,0.6431,0.5534,0.0284,-45.0556,72.8288
646864,0.8196,0.3085,0.6415,0.5528,-0.5248,-44.2525,73.1464
646964,0.8164,0.3084,0.6414,0.5524,-0.015,-45.1196,72.7183
647064,0.8159,0.3086,0.6416,0.5518,0.102,-44.1816,72.7785
647164,0.8168,0.3089,0.6413,0.5514,-0.1145,-44.8166,72.8611
647264,0.8184,0.3091,0.641,0.5513,0.235,-44.9963,72.4732
647364,0.8212,0.3109,0.6388,0.55,-1.5648,-44.2102,73.5982
647464,0.8225,0.2884,0.65,0.5506,-0.9253,-42.7928,73.8571
647564,0.8208,0.2951,0.6483,0.5504,-1.2338,-41.5768,73.4404
647664,0.8225,0.305,0.6391,0.5491,-0.2016,-42.0374,72.6965
647764,0.8246,0.3096,0.6434,0.5495,0.1039,-42.9975,72.271
647864,0.821,0.3101,0.6428,0.5494,0.5567,-45.4303,71.8705
647964,0.8178,0.3109,0.643,0.5498,-0.1118,-45.4821,72.4143
648064,0.8179,0.3108,0.643,0.5504,0.0133,-46.8119,72.3954
648164,0.818,0.3114,0.6429,0.5509,0.0064,-45.8826,72.4006
648264,0.8188,0.3114,0.6433,0.5515,1.4151,-45.3242,71.2503
648364,0.8202,0.3118,0.644,0.5519,-0.4882,-44.5756,72.4586
648464,0.8214,0.3128,0.6459,0.5521,-0.2885,-45.2538,72.1093
648564,0.8221,0.3138,0.6476,0.5524,0.2983,-44.8697,71.7656
648664,0.8223,0.3149,0.6496,0.5534,-1.2049,-45.625,72.6917
648764,0.8215,0.3155,0.6505,0.5539,0.1988,-45.8009,71.9843
648864,0.8166,0.3155,0.6481,0.5539,0.1742,-45.4775,71.8602
648964,0.813,0.3158,0.6483,0.5543,0.0427,-44.7604,71.6697
649064,0.8116,0.3168,0.649,0.5544,-0.1265,-45.9855,71.9303
649164,0.8109,0.3176,0.6491,0.5543,-0.0068,-45.3551,71.8454
649264,0.8109,0.3183,0.6499,0.555,-0.0053,-46.487,71.8442
649364,0.8112,0.3191,0.651,0.5553,-0.2114,-47.4125,71.9911
649464,0.8125,0.3196,0.6506,0.5556,-0.1157,-48.331,71.9201
649564,0.8137,0.3204,0.6506,0.5561,-0.0171,-49.2435,71.846
649664,0.8146,0.321,0.6506,0.5569,0.0845,-50.15,71.7685
649764,0.8163,0.3213,0.6505,0.5573,-0.1172,-49.1373,71.8453
649864,0.8152,0.3206,0.645,0.5548,-0.1646,-46.514,71.5181
649964,0.8141,0.3098,0.6361,0.5525,-0.7375,-45.9544,71.4959
650064,0.813,0.308,0.6403,0.5544,-0.2829,-46.0056,71.1749
650164,0.812,0.3148,0.644,0.5541,0.4129,-47.7979,70.3967
650264,0.8129,0.3178,0.6453,0.5543,1.3313,-48.0802,69.8858
650364,0.8146,0.3206,0.646,0.5551,0.2933,-48.8959,70.7958
650464,0.8163,0.3224,0.6466,0.556,-0.1516,-49.7673,71.4888
650564,0.8177,0.323,0.6469,0.5566,1.9862,-49.6801,69.523
650664,0.8187,0.3235,0.6474,0.5574,0.2858,-49.2411,70.8198
650764,0.8199,0.3238,0.6473,0.5579,-1.1905,-49.5956,72.3527
650864,0.8149,0.3233,0.6451,0.5575,0.151,-49.1144,71.3858
650964,0.8123,0.3234,0.6451,0.5578,-0.3212,-50.0897,71.745
651064,0.812,0.3236,0.6451,0.5576,0.0903,-49.4023,71.4319
651164,0.8123,0.3239,0.6453,0.5576,1.8508,-49.3868,70.0952
651264,0.8131,0.324,0.6456,0.5576,0.0903,-49.3986,71.4318
651364,0.8146,0.3243,0.6459,0.5579,-1.77,-49.3827,72.7683
651464,0.816,0.3253,0.6463,0.5581,-0.0096,-49.3985,71.4318
651564,0.8174,0.3249,0.6465,0.5583,1.7507,-49.3891,70.0952
651664,0.8184,0.3251,0.647,0.5584,-0.0099,-49.3985,71.4319
651764,0.8198,0.3256,0.6474,0.5589,1.6504,-49.3888,70.0953
651864,0.8177,0.3255,0.6454,0.5585,3.6181,-49.2438,68.6158
651964,0.8127,0.3251,0.6454,0.5584,5.2701,-49.2058,67.289
652064,0.8119,0.3255,0.6454,0.558,6.9313,-49.243,65.9493
652164,0.8124,0.3255,0.6451,0.5575,5.0822,-49.3207,67.2751
652264,0.813,0.3255,0.6454,0.5575,3.3268,-49.3728,68.6069
652364,0.8145,0.3259,0.6456,0.5575,1.4675,-49.3975,69.9424
652464,0.8163,0.326,0.6458,0.5574,-0.2926,-49.2965,71.2795
652564,0.8177,0.3264,0.646,0.5574,1.0715,-49.5986,70.1666
652664,0.8191,0.3264,0.6459,0.5566,0.6376,-48.0926,70.3475
652764,0.8213,0.3263,0.6426,0.5541,-0.1934,-48.3835,70.6757
652864,0.8259,0.307,0.6514,0.5524,-0.6447,-45.5495,72.5471
652964,0.8165,0.3064,0.6371,0.5539,-0.9232,-42.2666,71.8597
653064,0.813,0.3153,0.6419,0.5529,-0.4244,-42.2722,71.535
653164,0.8131,0.3193,0.6433,0.5529,0.6809,-42.8364,70.6943
653264,0.8133,0.3213,0.6434,0.5531,1.0056,-45.1561,70.581
653364,0.8149,0.3226,0.6438,0.5531,-0.0646,-46.1142,71.6866
653464,0.8163,0.324,0.6444,0.5538,1.7964,-47.8014,70.1916
653564,0.8169,0.3253,0.6455,0.5544,3.5542,-48.6942,68.8005
653664,0.818,0.3255,0.6458,0.5548,4.9005,-48.3292,67.7282
653764,0.8189,0.325,0.6459,0.5554,5.4008,-46.6813,67.3936
653864,0.8194,0.3251,0.6473,0.5566,3.4192,-47.3978,69.3203
653964,0.8137,0.3255,0.6464,0.556,2.0625,-47.1089,70.5043
654064,0.8112,0.3256,0.6461,0.5554,1.2406,-48.3464,71.0297
654164,0.8114,0.3259,0.6459,0.5553,0.428,-49.427,71.712
654264,0.8116,0.3259,0.6458,0.5551,-1.0834,-49.3038,72.729
654364,0.8127,0.3258,0.6461,0.5556,0.6677,-49.2511,71.2584
654464,0.8143,0.3258,0.6464,0.556,2.4134,-49.0566,69.9394
654564,0.8158,0.326,0.6468,0.5563,1.7539,-48.1993,70.5001
654664,0.8173,0.3263,0.647,0.5563,1.1422,-47.327,71.0201
654764,0.8185,0.3265,0.647,0.5563,0.6655,-48.2136,71.3729
654864,0.8202,0.3268,0.6471,0.5564,0.262,-49.1928,71.8898
654964,0.8154,0.3264,0.6451,0.556,0.1016,-48.2797,71.9344
655064,0.8135,0.3263,0.6454,0.556,-0.0813,-49.193,71.9975
655164,0.8139,0.3265,0.6451,0.556,0.0396,-50.0829,72.0354
655264,0.8141,0.3264,0.6449,0.5553,-0.1127,-49.1692,72.0744
655364,0.8153,0.3265,0.6451,0.5551,0.3259,-50.0493,71.7401
655464,0.8171,0.3266,0.6448,0.5553,-0.1369,-48.6386,71.7848
655564,0.8196,0.3266,0.6431,0.5549,-0.0998,-47.3192,71.7565
655664,0.8224,0.3271,0.6391,0.5524,0.9246,-46.0534,70.6415
655764,0.8253,0.3185,0.6338,0.553,0.2425,-40.6116,71.3675
655864,0.8223,0.3176,0.639,0.554,-1.8642,-39.1291,72.8312
655964,0.819,0.3221,0.6419,0.5535,-0.6005,-41.485,71.7447
656064,0.8143,0.3244,0.6444,0.5536,0.5736,-42.3115,70.948
656164,0.8145,0.3261,0.645,0.5538,0.7963,-44.9433,71.0495
656264,0.8149,0.326,0.6446,0.5538,-0.1226,-46.555,72.046
656364,0.8155,0.3264,0.6451,0.5544,1.811,-47.9884,70.3526
656464,0.817,0.3268,0.6456,0.5551,3.6595,-48.1421,68.846
656564,0.8185,0.3268,0.6461,0.5558,4.6037,-46.7683,68.0306
656664,0.8191,0.3265,0.6464,0.5569,5.4014,-45.6124,67.2641
656764,0.8198,0.3269,0.6466,0.5573,3.4017,-45.4796,68.8294
656864,0.8209,0.3266,0.6465,0.5574,1.5254,-45.5861,70.5079
656964,0.8152,0.3266,0.6451,0.5573,0.1761,-45.2696,71.4654
657064,0.8134,0.3268,0.6458,0.5575,0.2426,-46.4015,71.3472
657164,0.8134,0.3269,0.6461,0.5576,1.7834,-46.8722,70.1582
657264,0.8133,0.3268,0.6463,0.5579,3.2006,-46.2736,68.9185
657364,0.8141,0.3266,0.6465,0.5584,4.618,-45.7127,67.9758
657464,0.8158,0.327,0.6469,0.5585,3.0463,-45.493,69.0989
657564,0.8174,0.3275,0.6471,0.5589,2.4188,-46.5631,69.5429
657664,0.8187,0.3278,0.6475,0.5589,1.7306,-47.6138,70.0413
657764,0.8198,0.328,0.6476,0.5589,0.8491,-48.4379,70.6231
657864,0.8214,0.3278,0.6475,0.5589,0.1023,-49.1703,71.3265
657964,0.8165,0.3271,0.6456,0.5584,-0.1208,-47.854,71.342
658064,0.8149,0.3269,0.6454,0.5584,-0.1801,-46.9319,71.3111
658164,0.8153,0.3271,0.6453,0.5581,-0.2238,-47.854,71.411
658264,0.8155,0.3266,0.6441,0.5571,-0.7416,-46.2286,71.3407
658364,0.8188,0.3098,0.6349,0.5534,-0.1015,-41.7309,70.7939
658464,0.8206,0.279,0.652,0.556,0.9467,-38.8215,69.8458
658564,0.82,0.2999,0.6399,0.5564,0.7772,-39.2756,69.9974
658664,0.821,0.3099,0.644,0.5551,0.7073,-42.8596,69.63
658764,0.8225,0.314,0.6459,0.555,0.6271,-45.9752,69.8017
658864,0.8242,0.3179,0.6459,0.5554,0.5402,-47.0169,71.0649
658964,0.8183,0.3191,0.6451,0.5551,2.5118,-48.4081,69.7505
659064,0.8177,0.3201,0.6455,0.5555,4.219,-48.5817,68.1903
659164,0.8181,0.3206,0.6451,0.5555,5.8024,-47.8521,67.0532
659264,0.8181,0.3208,0.645,0.5556,6.2034,-45.8714,66.686
659364,0.819,0.3214,0.6463,0.5559,7.3315,-44.7487,65.7853
659464,0.8158,0.3241,0.655,0.5563,8.1896,-44.3545,64.7179
659564,0.6826,0.3248,0.6608,0.554,6.2914,-45.3056,65.5543
659664,0.6903,0.3254,0.6613,0.5501,4.8726,-46.3581,66.5583
659764,0.6888,0.3264,0.6614,0.547,3.7945,-47.2882,67.3328
659864,0.6733,0.3265,0.6591,0.5415,3.0688,-46.9358,68.1464
659964,0.6493,0.3266,0.6583,0.5356,1.9667,-46.4617,68.9412
660064,0.6173,0.3278,0.6591,0.5311,0.9648,-45.7308,69.6631
660164,0.6228,0.3281,0.6605,0.5293,0.3245,-45.4591,69.709
660264,0.6619,0.3258,0.6585,0.54,-0.5732,-43.3827,70.2696
660364,0.6768,0.3173,0.6598,0.549,-0.351,-44.4047,70.0478
660464,0.6775,0.323,0.6613,0.55,0.1751,-45.8855,69.6774
660564,0.6773,0.3278,0.6626,0.5499,-0.007,-44.956,69.665
660664,0.6774,0.3289,0.6634,0.5504,0.043,-45.8823,69.559
660764,0.677,0.3295,0.6618,0.5501,0.0972,-44.9473,69.5927
660864,0.6708,0.3308,0.6625,0.5485,-0.9942,-45.7802,70.1577
660964,0.6645,0.3306,0.6636,0.5466,-0.9542,-47.0021,69.8492
661064,0.6374,0.3324,0.6656,0.5423,-0.6246,-46.1071,69.6786
661164,0.4736,0.333,0.6698,0.5235,-0.022,-45.1189,69.3196
661264,0.3559,0.335,0.675,0.4904,0.151,-45.0887,69.0551
661364,0.3301,0.3364,0.6748,0.4934,0.1214,-46.5205,69.0753
661464,0.4706,0.3359,0.6696,0.4804,0.2704,-46.4523,69.394
661564,0.6516,0.3371,0.6586,0.4645,0.2897,-43.6151,69.3904
661664,0.7054,0.3364,0.6545,0.5365,-0.2809,-42.068,69.8603
661764,0.7155,0.3339,0.6511,0.5435,0.7072,-42.6182,69.7928
661864,0.7291,0.3316,0.6519,0.5444,0.2523,-41.0842,69.7497
661964,0.7216,0.3425,0.6558,0.5446,-0.1215,-40.0703,70.0592
