1147324,0.7351,0.3143,0.6401,0.4488,-1.1058,-47.3355,315.0515
1147424,0.7345,0.3856,0.6388,0.4473,-2.542,-49.2303,314.3261
1147524,0.7411,0.395,0.6354,0.443,-5.4405,-53.1791,315.6046
1147624,0.7408,0.3921,0.6335,0.4421,-6.336,-50.9327,315.386
1147724,0.7489,0.3723,0.634,0.4414,-4.3399,-47.6409,315.4859
1147824,0.7539,0.3439,0.6345,0.442,-2.5083,-41.4787,313.8459
1147924,0.7579,0.3075,0.6351,0.4634,-1.2854,-36.0976,312.569
1148024,0.7563,0.2918,0.6365,0.4836,-2.5093,-34.9841,313.1974
1148124,0.7481,0.2976,0.6388,0.49,-1.0414,-33.508,313.7701
1148224,0.7569,0.3031,0.6413,0.4918,-1.5134,-33.4044,312.6661
1148324,0.764,0.3065,0.6443,0.4904,-0.1584,-36.0159,309.0877
1148424,0.7714,0.3116,0.6476,0.4876,1.0474,-37.4823,303.743
1157544,0.69,0.3016,0.6723,0.4755,-5.7093,-33.8778,301.2604
1157644,0.694,0.3015,0.6729,0.4738,-7.2699,-34.5484,302.391
1157744,0.7,0.3006,0.6704,0.4724,-7.5012,-34.1373,302.4012
1157844,0.7023,0.2993,0.6686,0.4703,-6.2055,-32.1239,302.1181
1157944,0.68,0.2963,0.6695,0.4663,-5.1408,-30.285,303.9189
1158044,0.6641,0.2998,0.6671,0.4673,-3.2082,-25.3665,306.3611
1158144,0.6909,0.3711,0.663,0.475,-2.4545,-16.8261,308.0411
1158244,0.6919,0.3256,0.6595,0.4795,-0.1031,-11.667,309.0201
1158344,0.483,0.2978,0.6598,0.483,-0.5462,-6.9159,312.7515
1158444,0.4738,0.2884,0.6613,0.4838,-1.5076,-4.617,316.2309
1158544,0.4485,0.2875,0.6563,0.4831,-3.354,-2.33,318.4211
1158644,0.4731,0.293,0.6549,0.4793,-2.4198,-2.5722,318.5336
1158744,0.4931,0.2926,0.6548,0.4765,-2.9277,-2.2482,318.3179
1158844,0.519,0.2954,0.6533,0.4743,-2.0044,-2.4685,317.9265
1158944,0.5488,0.2965,0.6533,0.4731,-2.3367,-3.717,317.114
1159044,0.5581,0.2979,0.653,0.472,-3.2963,-4.3405,317.1814
1159144,0.5813,0.3039,0.6526,0.4706,-1.5825,-5.7542,316.7313
1159244,0.5996,0.3076,0.648,0.4684,-0.4717,-6.2598,316.3194
1159344,0.6478,0.3163,0.6483,0.4655,0.5038,-7.9524,315.891
1159444,0.7014,0.3233,0.6486,0.4641,0.629,-10.08,315.7914
1159544,0.7101,0.3239,0.6488,0.4645,0.4411,-9.6659,315.816
1159644,0.7121,0.3253,0.649,0.4659,0.2708,-11.4808,315.842
1159744,0.7136,0.3246,0.6496,0.4676,0.3185,-11.6844,315.8862
1159844,0.7144,0.3258,0.6499,0.4658,0.1793,-17.691,315.0776
1159944,0.6974,0.3273,0.6454,0.4593,0.253,-28.1992,314.0403
1160044,0.6683,0.3489,0.6439,0.449,-0.1964,-38.9583,312.277
1160144,0.6859,0.3431,0.6445,0.4455,0.3405,-44.9948,310.9072
1160244,0.6975,0.317,0.647,0.4459,1.361,-47.4231,310.3046
1160344,0.7083,0.3221,0.6508,0.4485,0.8397,-49.166,311.821
1160444,0.7181,0.3231,0.6535,0.4518,0.7396,-51.0998,313.2256
1160544,0.7248,0.3226,0.6559,0.4529,-0.5228,-53.3071,315.5508
1160644,0.7289,0.3258,0.6558,0.4558,-0.4881,-54.3105,315.5234
1160744,0.7263,0.3293,0.6564,0.4559,1.8322,-54.4025,314.2021
1160844,0.726,0.3333,0.6585,0.4584,1.9822,-51.9385,315.2462
1160944,0.7278,0.335,0.6589,0.4615,1.3371,-49.4261,317.4312
1161044,0.7318,0.336,0.6593,0.4644,3.6739,-47.4778,316.9003
1161144,0.7316,0.3349,0.6609,0.4624,6.0176,-47.2696,315.3001
1161244,0.7369,0.3366,0.6626,0.4618,5.6948,-45.7722,314.0591
1161344,0.7301,0.3374,0.6646,0.4635,6.704,-44.5334,310.4135
1161444,0.7289,0.3363,0.6664,0.4635,6.6631,-45.0145,306.9437
1161544,0.73,0.3366,0.6643,0.4633,6.093,-44.5212,303.9087
1161644,0.729,0.3388,0.6659,0.4651,4.7276,-44.8524,301.9449
1161744,0.7373,0.3401,0.6669,0.4666,1.8457,-43.9253,301.1896
1161844,0.757,0.3404,0.667,0.4661,-1.0459,-43.8762,301.592
1161944,0.7606,0.3399,0.6671,0.4664,-4.3225,-44.6186,303.557
1162044,0.7576,0.3388,0.6671,0.4669,-3.6448,-45.1217,303.7389
1162144,0.7563,0.3394,0.6666,0.465,-2.3424,-45.456,304.0576
1162244,0.7623,0.3394,0.667,0.4643,-2.4648,-46.4312,304.426
1162344,0.7705,0.3411,0.6655,0.4653,-1.0063,-45.1678,303.8645
1162444,0.7751,0.3409,0.6659,0.4698,0.6514,-45.104,302.6213
1162544,0.7354,0.3414,0.6658,0.4731,-0.7134,-45.3501,303.4449
1162644,0.634,0.3405,0.6649,0.4735,0.4182,-44.7416,302.1468
1162744,0.6054,0.3401,0.6658,0.4758,-0.6988,-45.9182,302.7979
1162844,0.6049,0.3403,0.6671,0.4754,0.0613,-45.2654,301.7601
1162944,0.6594,0.3399,0.6681,0.4756,0.0554,-46.0993,301.3426
1163044,0.7168,0.3398,0.6689,0.4755,-0.1488,-47.0276,301.0665
1163144,0.7374,0.3396,0.6673,0.4753,0.1425,-46.1005,300.4333
1163244,0.739,0.3394,0.6661,0.4744,0.3226,-47.1269,300.0239
1163344,0.7424,0.3391,0.6658,0.4736,0.1849,-46.1022,299.9821
1163444,0.7448,0.3391,0.666,0.4725,0.0285,-45.1727,300.0939
1163544,0.7465,0.3391,0.6664,0.4724,-0.2226,-44.2366,300.3414
1163644,0.7495,0.3393,0.6673,0.4733,0.1474,-45.159,300.1508
1163744,0.7516,0.3398,0.6678,0.4736,-0.6114,-44.3284,300.6847
1163844,0.7531,0.3399,0.6684,0.4738,0.1444,-45.1558,300.1528
1163944,0.7543,0.3401,0.6689,0.4739,-0.515,-44.3258,300.546
1164044,0.7559,0.3405,0.669,0.4743,-0.2263,-45.2643,300.4817
1164144,0.7508,0.3401,0.6658,0.4729,0.6849,-44.4191,299.5553
1164244,0.7486,0.3398,0.6656,0.472,-0.2295,-45.1911,300.1998
1164344,0.748,0.3396,0.6659,0.4721,0.6875,-44.4165,299.5534
1164444,0.7486,0.3396,0.666,0.4716,-0.2271,-45.1882,300.0574
1164544,0.7495,0.34,0.6666,0.4714,0.7918,-44.4138,299.2684
1164644,0.7506,0.3403,0.6669,0.4715,-0.2069,-45.1503,299.9721
1164744,0.7531,0.341,0.6675,0.4716,0.6943,-44.3119,299.4083
1164844,0.754,0.3411,0.6683,0.4718,-0.2223,-45.1198,300.1245
1164944,0.7555,0.3418,0.669,0.472,0.6567,-44.4761,299.5756
1165044,0.7581,0.342,0.669,0.4724,-0.4934,-45.1323,300.8106
1165144,0.7525,0.3416,0.666,0.4709,0.8717,-44.7313,299.6335
1165244,0.7511,0.3415,0.6659,0.4705,-0.7607,-45.1669,300.9286
1165344,0.7509,0.3414,0.6663,0.4703,0.7525,-44.9292,299.8585
1165444,0.752,0.3414,0.6664,0.4695,-0.9484,-45.0728,300.9908
1165544,0.7538,0.3419,0.6668,0.4696,0.657,-44.9446,299.8553
1165644,0.7545,0.342,0.6674,0.4701,-0.948,-45.0728,300.9905
1165744,0.7553,0.342,0.6678,0.4699,0.5574,-44.9449,299.9964
1165844,0.757,0.3424,0.6685,0.4704,-1.0418,-45.095,301.1277
1165944,0.758,0.3423,0.669,0.4706,0.3579,-44.9457,300.1373
1166044,0.7603,0.3421,0.6694,0.4709,0.1829,-45.9815,300.6134
1166144,0.7558,0.3418,0.6656,0.4696,-0.0902,-45.052,300.7357
1166244,0.7553,0.3418,0.666,0.4698,1.0471,-44.3821,299.9355
1166344,0.7563,0.3418,0.6664,0.47,-0.0883,-45.0496,300.5937
1166444,0.7563,0.3419,0.6668,0.47,0.9644,-44.3889,299.7818
1166544,0.757,0.342,0.6673,0.47,-0.1283,-44.9802,300.5515
1166644,0.7585,0.342,0.6679,0.4709,1.542,-45.2081,299.2977
1166744,0.7606,0.3425,0.6686,0.4713,-0.0358,-44.9947,300.4154
1166844,0.761,0.3429,0.6693,0.4715,1.4404,-45.2097,299.2991
1166944,0.762,0.3431,0.6699,0.4719,-0.2305,-44.9792,300.4115
1167044,0.762,0.3433,0.6684,0.4723,1.4729,-45.1126,299.2766
1167144,0.7563,0.3428,0.6671,0.4714,-0.133,-44.9863,300.1301
1167244,0.7558,0.3429,0.667,0.4711,1.3629,-45.0391,299.0013
1167344,0.756,0.343,0.6675,0.4709,-0.2551,-44.8897,300.0049
1167444,0.7563,0.3429,0.6678,0.4711,0.9489,-45.4433,299.0808
1167544,0.7579,0.3431,0.6684,0.4711,-0.3086,-44.8524,299.9723
1167644,0.7579,0.3433,0.6688,0.4714,0.9462,-45.4422,299.0828
1167744,0.7588,0.3435,0.6691,0.4716,-0.311,-44.8512,299.974
1167844,0.7591,0.3439,0.6698,0.4718,0.9434,-45.4412,299.0847
1167944,0.7598,0.3443,0.6701,0.472,-0.3135,-44.8499,299.9757
1168044,0.7613,0.3445,0.67,0.4724,0.9397,-45.4412,299.3692
1168144,0.7545,0.344,0.6673,0.4714,-0.4145,-44.8475,300.1157
1168244,0.7521,0.3441,0.6674,0.471,0.8574,-45.3443,299.2855
1168344,0.7519,0.3439,0.6678,0.4716,-0.3698,-44.8067,300.0839
1168444,0.7525,0.3438,0.6679,0.471,0.8378,-45.4285,299.2283
1168544,0.7534,0.3443,0.6683,0.4708,-0.3724,-44.8052,300.0857
1168644,0.7526,0.3446,0.6684,0.47,0.8378,-45.6264,299.2277
1168744,0.7343,0.3453,0.6671,0.4649,-0.2527,-45.0858,300.0717
1168844,0.7303,0.3458,0.6661,0.4634,1.0382,-44.6042,299.2321
1168944,0.7336,0.3458,0.6665,0.4645,-0.4157,-45.0172,300.1882
1169044,0.7423,0.3454,0.667,0.4664,1.0983,-44.8437,299.472
1169144,0.7378,0.3449,0.6645,0.4666,-0.3766,-45.0635,300.3021
1169244,0.7401,0.3449,0.6651,0.4673,1.1751,-44.7923,299.2062
1169344,0.7439,0.3448,0.6656,0.4691,-0.1761,-45.063,300.0188
1169444,0.7605,0.3446,0.6678,0.4726,1.1938,-44.5607,299.0533
1169544,0.7643,0.3448,0.6686,0.4729,-0.1741,-45.0624,300.0174
1169644,0.7643,0.345,0.6691,0.4725,1.1954,-44.5597,299.0521
1169744,0.7648,0.3454,0.6696,0.4728,-0.2718,-44.9614,300.0169
1169844,0.771,0.3455,0.6713,0.4758,1.3262,-46.0735,298.8796
1169944,0.7724,0.346,0.6724,0.4759,0.3823,-45.3151,299.5551
1170044,0.772,0.3464,0.6701,0.4749,-0.3432,-44.5451,299.9262
1170144,0.7693,0.3461,0.6701,0.4761,0.4138,-45.8971,298.8982
1170244,0.7694,0.3463,0.6701,0.475,-0.104,-44.8929,299.3372
1170344,0.768,0.3466,0.6698,0.4734,0.5924,-45.5047,298.9134
1170444,0.7613,0.3471,0.6695,0.472,-0.4128,-44.6268,299.5539
1170544,0.7588,0.347,0.6695,0.4715,0.3637,-45.4122,298.9349
1170644,0.7585,0.347,0.6699,0.4714,-0.4679,-44.5747,299.5933
1170744,0.7586,0.3474,0.6701,0.4716,0.405,-45.3615,298.9765
1170844,0.7573,0.3475,0.6706,0.4711,-0.4707,-44.572,299.5953
1170944,0.756,0.3474,0.6704,0.4709,0.6053,-45.7562,299.1151
1171044,0.7473,0.347,0.6673,0.4689,-0.0734,-44.9064,299.5977
1171144,0.7446,0.3471,0.6671,0.468,0.5004,-45.7534,299.2602
1171244,0.7421,0.347,0.6673,0.4671,0.0222,-44.879,299.5299
1171344,0.7376,0.3468,0.6674,0.4655,-0.4505,-45.7051,299.6556
1171444,0.7393,0.3464,0.6683,0.4675,-0.5544,-46.8313,299.8705
1171544,0.7533,0.3459,0.6679,0.4719,-1.0384,-47.3728,298.8037
1171644,0.7736,0.3488,0.6665,0.47,-0.9813,-47.1372,293.7804
1171744,0.7838,0.3544,0.6676,0.4653,-2.4718,-42.8978,289.8109
1171844,0.7525,0.3455,0.6614,0.4573,-2.0106,-42.8432,288.3737
1171944,0.7359,0.3476,0.6553,0.4509,0.281,-45.4697,288.9429
1172044,0.817,0.3488,0.6565,0.4584,1.1377,-49.5238,293.1552
1172144,0.8336,0.3494,0.6503,0.4529,0.1653,-50.3475,289.5544
1172244,0.8323,0.3304,0.6519,0.5089,1.9314,-45.1982,282.7469
1172344,0.836,0.3234,0.6441,0.5223,0.9268,-46.9264,277.3613
1172444,0.7914,0.3788,0.6575,0.512,0.1441,-43.8775,270.9758
1172544,0.8306,0.2686,0.6668,0.5178,-2.3446,-38.9584,274.5229
1172644,0.7735,0.2984,0.6553,0.5224,-9.7078,-40.9698,285.2417
1172744,0.7828,0.3208,0.6554,0.5156,-6.1825,-31.3812,282.1042
1172844,0.8432,0.2585,0.6551,0.5239,-5.806,-22.6688,275.9841
1172944,0.7841,0.2689,0.6529,0.5195,-1.6698,-37.1526,275.5986
1173044,0.7731,0.3229,0.6299,0.521,1.0934,-23.7764,275.187
1173144,0.8499,0.2413,0.663,0.5241,1.2668,-27.7869,278.4296
1173244,0.622,0.2821,0.6561,0.4921,9.5083,-31.8006,281.9402
1173344,0.8155,0.2539,0.6568,0.5298,8.1792,-21.626,273.448
1173444,0.8338,0.2898,0.6359,0.5256,12.0291,-36.6228,265.4676
1173544,0.731,0.3153,0.6416,0.526,12.5831,-28.673,269.2465
1173644,0.84,0.2611,0.653,0.5263,10.8103,-26.7325,273.2922
1173744,0.7321,0.3088,0.6279,0.4694,0.6719,-39.7456,281.425
1173844,0.628,0.2731,0.643,0.5196,0.919,-19.1325,278.1799
1173944,0.7776,0.2834,0.6198,0.5298,1.2628,-27.6659,271.9963
1174044,0.7279,0.3045,0.6438,0.458,8.2055,-43.1659,270.7485
1174144,0.714,0.2976,0.6278,0.4688,7.0764,-37.7339,275.5666
1174244,0.7563,0.2771,0.6308,0.5126,9.0102,-41.0692,280.1562
1174344,0.697,0.3136,0.6559,0.4838,4.379,-48.0651,285.933
1174444,0.7649,0.2786,0.6399,0.5201,8.7395,-46.5636,280.9649
1174544,0.7915,0.2723,0.6261,0.5251,14.5883,-54.8395,271.8549
1174644,0.7998,0.3439,0.6638,0.522,16.1302,-58.5881,271.1451
1174744,0.7968,0.2825,0.6508,0.5216,12.4234,-57.9546,284.2215
1174844,0.8038,0.265,0.6391,0.5284,6.7016,-67.5994,292.9802
1174944,0.7329,0.311,0.6668,0.472,-1.6397,-61.4345,300.7582
1175044,0.7763,0.2554,0.6241,0.5291,5.4551,-49.3039,290.3501
1175144,0.6998,0.2961,0.65,0.5229,11.3866,-59.6153,279.9465
1175244,0.4033,0.2765,0.6675,0.4685,2.9305,-53.1485,290.5502
1175344,0.6553,0.2603,0.632,0.5229,-2.4645,-46.9147,298.5348
1175444,0.6733,0.2888,0.6584,0.4829,-6.4976,-61.3289,308.6618
1175544,0.3443,0.3189,0.6705,0.4866,-8.0284,-54.0623,307.857
1175644,0.694,0.261,0.6398,0.4485,-0.858,-51.9629,296.6917
1175744,0.6508,0.2711,0.6519,0.4596,18.2086,-66.5877,278.692
1175844,0.7268,0.2835,0.6608,0.4783,4.735,-62.0861,292.5422
1175944,0.7939,0.2723,0.6293,0.499,-1.631,-53.7773,305.408
1176044,0.7933,0.2799,0.6495,0.472,-14.0017,-60.2845,318.3627
1176144,0.7973,0.2868,0.6505,0.4948,-8.8461,-56.0279,313.1221
1176244,0.8035,0.2835,0.6228,0.518,-6.9414,-59.3826,303.1085
1176344,0.806,0.3156,0.6551,0.5115,-7.0523,-75.0122,299.9877
1176444,0.8133,0.2614,0.6265,0.5203,1.3739,-70.3916,297.1028
1176544,0.8196,0.26,0.6654,0.524,-2.484,-67.1004,303.406
1176644,0.8195,0.2856,0.6421,0.5195,-5.4911,-74.2613,310.1354
1176744,0.8196,0.2503,0.6344,0.5199,8.0897,-62.3652,295.9631
1176844,0.8168,0.2381,0.6586,0.5236,17.7627,-65.2245,280.0545
1176944,0.8242,0.2939,0.6489,0.5139,21.6802,-71.2269,276.1369
1177044,0.8283,0.2493,0.6523,0.5204,13.331,-61.2312,288.5317
1177144,0.8283,0.2329,0.6633,0.5236,15.3485,-69.7875,289.2174
1177244,0.8077,0.2998,0.6383,0.474,16.5821,-69.6607,288.0228
1177344,0.7473,0.2521,0.6194,0.5168,14.9608,-54.8399,288.2736
1177444,0.7744,0.2604,0.6224,0.525,27.3763,-61.4518,268.8045
1177544,0.61,0.2988,0.6546,0.4604,25.8067,-63.2652,266.8836
1177644,0.7508,0.2511,0.6211,0.511,19.5587,-61.5341,281.8903
1177744,0.7936,0.2624,0.6388,0.5193,19.1705,-75.8325,284.1593
1177844,0.7984,0.2861,0.6435,0.453,9.013,-71.8097,292.5486
1177944,0.8047,0.2725,0.6194,0.5186,11.7331,-58.3266,284.7486
1178044,0.8122,0.2905,0.6233,0.518,17.9736,-61.6495,271.1273
1178144,0.8185,0.2971,0.611,0.5171,16.7936,-57.7734,273.6979
1178244,0.8128,0.2369,0.6591,0.5205,16.48,-64.2279,277.0291
1178344,0.8285,0.2851,0.663,0.5193,3.4927,-73.6364,291.4417
1178444,0.823,0.2841,0.6659,0.5145,11.6561,-67.4907,286.6196
1178544,0.8213,0.297,0.659,0.5196,13.6584,-63.2548,278.0338
1178644,0.828,0.3265,0.6241,0.5113,29.1067,-70.6608,268.3937
1178744,0.8292,0.2749,0.6269,0.5176,27.2207,-62.9327,273.536
1178844,0.8268,0.3049,0.6664,0.5221,28.2704,-65.9031,275.0577
1178944,0.837,0.3408,0.6291,0.5133,19.4532,-66.9627,285.8391
1179044,0.825,0.2693,0.6475,0.5168,17.0473,-58.2429,285.1434
1179144,0.8183,0.2839,0.6548,0.5164,23.0998,-59.7359,274.3417
1179244,0.822,0.2941,0.6295,0.5101,27.9188,-65.2505,270.7063
1179344,0.8255,0.257,0.6628,0.5148,23.2198,-62.1141,279.6179
1179444,0.8252,0.2574,0.6721,0.5185,15.7628,-67.9069,289.7166
1179544,0.8298,0.275,0.6556,0.5128,7.5092,-69.1983,299.4201
1179644,0.8221,0.2538,0.6623,0.5203,9.9432,-58.8082,295.2058
1179744,0.8237,0.2594,0.6619,0.5196,16.1364,-63.5874,287.5074
1179844,0.8281,0.3318,0.6668,0.5106,4.4071,-57.3337,295.9601
1179944,0.8293,0.2464,0.6723,0.5185,0.6897,-48.6494,301.4925
1180044,0.8336,0.2443,0.6798,0.517,-3.7911,-58.0329,309.4172
1180144,0.8335,0.2929,0.6744,0.5134,-3.4582,-50.5003,310.577
1180244,0.8195,0.2556,0.6695,0.5206,-5.005,-43.0364,304.5301
1180344,0.8317,0.2944,0.6566,0.5126,-1.2805,-52.8142,296.1121
1180444,0.8327,0.3313,0.6568,0.5145,6.048,-49.2965,292.3202
1180544,0.8298,0.2539,0.6798,0.5194,3.4677,-44.6713,297.817
1180644,0.8367,0.2814,0.6763,0.5131,-9.1936,-53.4147,311.2257
1180744,0.83,0.2674,0.6789,0.5138,-1.5102,-47.7804,304.7434
1180844,0.8249,0.2554,0.6739,0.5185,-1.0369,-49.0364,298.4328
1180944,0.8324,0.2911,0.6751,0.5098,10.4088,-57.8911,289.7937
1181044,0.8321,0.304,0.6789,0.5111,12.8292,-54.6189,287.495
1181144,0.8336,0.2515,0.6845,0.5171,8.4954,-51.172,294.5156
1181244,0.8362,0.2961,0.6844,0.5109,-8.1067,-57.5245,308.2663
1181344,0.8311,0.2479,0.6834,0.5123,0.258,-49.7061,301.5587
1181444,0.8223,0.2565,0.6743,0.518,1.9402,-55.8223,294.4371
1181544,0.8308,0.324,0.6274,0.5089,-0.8226,-53.2679,293.6405
1181644,0.8355,0.2805,0.666,0.5133,1.7415,-47.7099,288.7106
1181744,0.833,0.2495,0.6836,0.5155,0.8482,-49.071,292.7366
1181844,0.8314,0.2941,0.6731,0.5066,2.2596,-53.655,296.1439
1181944,0.8303,0.2503,0.6738,0.5115,6.8353,-46.5905,291.4875
1182044,0.8263,0.2488,0.6716,0.5151,11.558,-54.0131,285.3376
1182144,0.8255,0.2656,0.6765,0.506,11.686,-57.7604,283.0045
1182244,0.8363,0.2524,0.6813,0.5125,11.2125,-52.2268,283.0399
1182344,0.8369,0.2405,0.6864,0.5155,8.3072,-53.4863,289.9982
1182444,0.828,0.2928,0.6813,0.5089,3.3625,-48.4112,295.3849
1182544,0.8275,0.2309,0.6799,0.5175,6.5312,-33.0494,287.1292
1182644,0.8283,0.2406,0.6754,0.5159,9.3982,-34.7469,280.8002
1182744,0.8365,0.3085,0.6078,0.5113,3.8,-32.658,280.3652
1182844,0.8317,0.2381,0.673,0.5173,5.1346,-30.2527,281.2907
1182944,0.832,0.2584,0.6674,0.5141,3.5476,-39.8408,286.8601
1183044,0.8344,0.3063,0.6325,0.5124,-1.9661,-26.8906,289.9968
1183144,0.8252,0.2416,0.6664,0.5188,-3.5652,-19.6085,285.0487
1183244,0.8343,0.2779,0.6663,0.5126,-5.571,-33.8021,282.7204
1183344,0.8372,0.2923,0.6661,0.5166,-4.6779,-30.0686,286.8589
1183444,0.8321,0.2284,0.6773,0.5184,-6.9103,-29.0616,292.0012
1183544,0.8311,0.2496,0.68,0.5128,-7.7547,-45.0443,299.4654
1183644,0.8324,0.27,0.6769,0.5138,-2.1244,-39.5027,295.2912
1183744,0.827,0.2463,0.6774,0.5175,-2.7789,-42.7645,289.0976
1183844,0.8358,0.3006,0.6805,0.5098,-3.8021,-44.7298,290.2953
1183944,0.8394,0.2984,0.685,0.515,-4.207,-39.2759,292.7666
1184044,0.8324,0.2574,0.6915,0.5166,-5.5927,-35.0325,305.0224
1184144,0.8342,0.2849,0.6919,0.5098,-6.7599,-38.8695,314.654
1184244,0.8336,0.2586,0.6878,0.5154,-3.1617,-31.5966,314.1175
1184344,0.8302,0.2391,0.6815,0.5183,-6.6672,-34.8725,313.3643
1184444,0.8343,0.2701,0.6914,0.5108,-10.7584,-39.5113,318.7331
1184544,0.8452,0.293,0.6919,0.5179,-9.0658,-24.502,322.7769
1184644,0.8342,0.239,0.7,0.514,-6.2911,-24.3885,328.6249
1184744,0.842,0.311,0.6769,0.512,-6.1733,-23.1263,336.9773
1184844,0.8404,0.2721,0.6788,0.5139,-5.2305,-9.358,337.3561
1184944,0.8348,0.2443,0.6861,0.5178,-8.9821,-13.1183,331.4052
1185044,0.8385,0.2708,0.6881,0.5135,-6.8183,-21.7892,332.3643
1185144,0.8402,0.2503,0.6928,0.5176,-3.6196,-12.8698,335.8036
1185244,0.8283,0.2514,0.7006,0.517,-1.2037,-14.5404,343.7793
1185344,0.8392,0.2993,0.7005,0.5124,0.7518,-22.4985,341.3505
1185444,0.8419,0.2585,0.6956,0.5213,1.5677,-17.6178,337.4538
1185544,0.841,0.2543,0.6921,0.5246,1.9769,-22.7232,330.7462
1185644,0.8388,0.3266,0.6948,0.5168,3.023,-29.5203,327.3251
1185744,0.8398,0.2785,0.7009,0.5198,3.1678,-22.2876,331.2641
1185844,0.8332,0.2628,0.7109,0.5216,5.1563,-25.2036,334.722
1185944,0.8444,0.3483,0.709,0.5173,4.3166,-24.2518,336.8501
1186044,0.8392,0.2654,0.7076,0.5241,1.3105,-19.6335,336.2949
1186144,0.8487,0.2749,0.6941,0.5255,0.7748,-30.2744,331.5173
1186244,0.8443,0.3424,0.636,0.5206,-4.1676,-26.9892,333.5671
1186344,0.8382,0.2434,0.7001,0.5191,-1.426,-26.6719,336.1366
1186444,0.8427,0.2559,0.7065,0.5218,-0.0153,-30.6139,339.4787
1186544,0.8465,0.3126,0.6989,0.5201,0.709,-22.3934,340.088
1186644,0.8482,0.2401,0.697,0.528,-3.021,-15.8128,337.3869
1186744,0.8498,0.312,0.6316,0.5283,-8.1685,-20.5333,334.6706
1186844,0.8478,0.333,0.631,0.5283,-3.7878,-16.6145,335.5256
1186944,0.8429,0.2309,0.6939,0.5261,-1.2481,-17.7008,337.414
1187044,0.8489,0.2799,0.6919,0.5265,-7.6264,-30.6503,340.803
1187144,0.8518,0.3199,0.6883,0.5259,-4.5305,-26.9005,338.0607
1187244,0.8477,0.258,0.693,0.5301,-7.9911,-24.1247,331.69
1187344,0.8408,0.3438,0.6831,0.526,-5.9626,-30.3223,332.1657
1187444,0.8469,0.2903,0.6996,0.5281,-6.1613,-24.8111,331.2661
1187544,0.8448,0.2536,0.7113,0.5283,-5.4966,-22.3544,335.8386
1187644,0.8447,0.3278,0.7029,0.5239,-6.6854,-23.2444,338.58
1187744,0.8543,0.2703,0.7003,0.5294,-1.9941,-11.7765,332.7926
1187844,0.8438,0.2428,0.6974,0.531,-3.8623,-17.9539,328.8415
1187944,0.8428,0.3445,0.6973,0.5251,-7.1517,-26.1619,325.8558
1188044,0.8493,0.2606,0.7063,0.5264,-2.8995,-17.4441,326.8118
1188144,0.8473,0.2506,0.7164,0.528,-4.3136,-20.8565,331.7484
1188244,0.8512,0.296,0.7145,0.5255,-10.6805,-19.5907,336.2646
1188344,0.8423,0.2131,0.7093,0.5329,-14.2345,-16.9914,331.4957
1188444,0.8388,0.226,0.7078,0.5313,-12.608,-31.1588,329.105
1188544,0.834,0.2853,0.715,0.5259,-18.5579,-31.9228,333.9045
1188644,0.8437,0.2695,0.7161,0.5308,-15.4802,-22.2172,334.0023
1188744,0.8498,0.2719,0.717,0.5309,-15.4887,-21.6649,340.5804
1188844,0.8429,0.3428,0.7069,0.5231,-15.7367,-17.538,341.0741
1188944,0.8424,0.2718,0.7078,0.5284,-23.8593,-11.0394,332.588
1189044,0.8452,0.3013,0.6953,0.529,-25.2014,-24.1076,331.3458
1189144,0.8469,0.3065,0.6419,0.5273,-19.7968,-19.4215,332.2776
1189244,0.8447,0.2391,0.7064,0.5259,-17.4278,-19.3234,334.4774
1189344,0.8418,0.2864,0.699,0.5276,-16.9002,-33.3767,342.3298
1189444,0.8418,0.3538,0.6401,0.5269,-10.2141,-24.7223,339.0263
1189544,0.8409,0.2443,0.695,0.5303,-14.7652,-24.4787,333.1618
1189644,0.8455,0.3605,0.6428,0.531,-20.1502,-38.9705,332.0155
1189744,0.8445,0.3521,0.6439,0.5313,-12.5101,-33.0113,332.8479
1189844,0.8395,0.2545,0.7009,0.5243,-7.9076,-30.6455,336.6455
1189944,0.833,0.285,0.7036,0.5264,-10.5541,-41.9478,344.1923
1190044,0.8342,0.3358,0.7048,0.5238,-5.5556,-35.2847,338.9529
1190144,0.842,0.2558,0.7029,0.5281,-11.5254,-30.9229,331.0161
1190244,0.8402,0.3273,0.7019,0.5245,-15.0811,-37.6913,332.4634
1190344,0.8467,0.3146,0.6978,0.527,-9.6992,-25.84,330.3553
1190444,0.8315,0.2449,0.7024,0.5289,-5.8713,-23.1581,336.7631
1190544,0.8399,0.3269,0.6965,0.5275,-14.9006,-33.0476,349.1599
1190644,0.8442,0.3211,0.6951,0.5269,-13.3369,-27.5876,342.0149
1190744,0.8449,0.2561,0.704,0.528,-17.275,-30.5837,331.1687
1190844,0.8373,0.3518,0.638,0.5256,-19.6395,-38.036,334.0888
1190944,0.8414,0.2843,0.691,0.5276,-15.0858,-28.1986,331.8674
1191044,0.8332,0.2533,0.7089,0.5265,-13.6246,-29.4601,339.6598
1191144,0.8387,0.3625,0.6344,0.5239,-5.8203,-34.9807,340.9578
1191244,0.8417,0.2405,0.7026,0.5265,-5.1701,-26.8986,333.3587
1191344,0.8403,0.2605,0.7046,0.5289,-7.9433,-36.1685,328.887
1191444,0.8217,0.3156,0.7105,0.5188,-16.3623,-49.1662,335.2093
1191544,0.8357,0.2663,0.7086,0.526,-8.028,-43.1019,338.4332
1191644,0.8407,0.2773,0.7104,0.53,-8.009,-48.1917,350.2403
1191744,0.8498,0.3499,0.6445,0.5239,-8.1362,-41.4008,349.2541
1191844,0.8458,0.2789,0.7035,0.5284,-7.5735,-38.6853,335.1524
1191944,0.8409,0.2918,0.6988,0.5259,-5.9979,-55.0349,326.1535
1192044,0.8494,0.3185,0.641,0.5278,-5.134,-48.5295,331.0586
1192144,0.8402,0.2879,0.7088,0.5243,-0.8192,-46.279,337.1771
1192244,0.8484,0.2819,0.6903,0.5263,-2.7207,-56.8827,346.673
1192344,0.8533,0.321,0.6454,0.5181,-2.8479,-47.0181,345.1679
1192444,0.8368,0.2674,0.7015,0.523,-6.7865,-45.6439,337.1731
1192544,0.8465,0.3063,0.6415,0.5235,-1.5122,-61.7766,327.3734
1192644,0.85,0.3509,0.6394,0.5256,-2.3316,-53.9271,331.9687
1192744,0.8444,0.2815,0.7143,0.5275,2.5377,-49.5549,338.1917
1192844,0.8552,0.3308,0.6829,0.5255,-12.3675,-53.2593,350.255
1192944,0.847,0.269,0.6964,0.5269,-4.1784,-42.6908,340.4559
1193044,0.8378,0.2841,0.7125,0.5276,-6.1179,-44.9706,329.7547
1193144,0.8464,0.395,0.6559,0.5259,-4.7301,-51.7201,333.6567
1193244,0.8504,0.2589,0.6873,0.5234,-6.8403,-46.3885,337.6756
1193344,0.8449,0.2738,0.7211,0.5254,-8.039,-53.0908,347.2148
1193444,0.8315,0.3831,0.7078,0.5264,-9.3257,-61.6055,351.2692
1193544,0.8429,0.2609,0.7043,0.525,-0.4823,-53.3037,335.63
1193644,0.843,0.2794,0.708,0.5285,5.1207,-60.0758,323.3595
1193744,0.8355,0.3875,0.7106,0.5243,-0.9372,-58.6376,330.1001
1193844,0.8435,0.269,0.717,0.5266,1.7212,-55.2152,338.1252
1193944,0.8374,0.2791,0.7219,0.528,-2.5911,-61.8562,349.6845
1194044,0.8402,0.3416,0.7151,0.5226,-4.9133,-56.9934,353.8407
1194144,0.8392,0.2458,0.7149,0.5278,-3.3179,-54.1433,341.8028
1194244,0.8469,0.2859,0.7148,0.5275,2.2857,-60.2214,331.5421
1194344,0.8484,0.3633,0.7104,0.5278,-4.1123,-53.2565,339.7344
1194444,0.8369,0.2453,0.7174,0.5253,-1.1742,-51.2338,343.5832
1194544,0.8407,0.261,0.7221,0.5259,-8.3729,-62.8352,354.7001
1194644,0.8417,0.3241,0.7193,0.523,-5.1986,-57.4154,350.2226
1194744,0.8478,0.2539,0.7153,0.5273,-9.4645,-55.4569,343.106
1194844,0.8478,0.3443,0.7074,0.5244,-6.7206,-67.512,334.0809
1194944,0.8424,0.3251,0.7065,0.5249,1.3548,-57.3757,330.1577
1195044,0.8385,0.2489,0.7168,0.5226,2.1918,-55.6381,335.1399
1195144,0.8438,0.2869,0.7206,0.5215,-10.6299,-65.5642,348.1033
1195244,0.8487,0.3349,0.7201,0.5218,-4.3302,-57.7449,341.7967
1195344,0.8458,0.2754,0.7141,0.5259,-7.3509,-55.1125,332.9703
1195444,0.847,0.2904,0.6451,0.5266,-3.6226,-64.4837,334.8697
1195544,0.8527,0.3325,0.6428,0.528,-2.7532,-54.2193,331.7461
1195644,0.846,0.2623,0.7134,0.5206,0.488,-56.2583,332.0205
1195744,0.8293,0.3543,0.7109,0.52,7.0191,-60.1852,324.2105
1195844,0.8455,0.2909,0.7099,0.5226,5.1421,-51.0181,324.8599
1195944,0.8379,0.2565,0.705,0.5201,6.9043,-49.3264,319.1525
1196044,0.8357,0.3839,0.6866,0.5184,12.6693,-58.921,318.6808
1196144,0.8465,0.2663,0.7086,0.522,10.9375,-49.2119,321.9139
1196244,0.8433,0.2563,0.7198,0.5243,9.8846,-55.6292,324.807
1196344,0.8412,0.3485,0.7141,0.5204,18.7907,-67.9736,317.5176
1196444,0.8414,0.2536,0.7106,0.5226,18.7084,-58.9794,317.2756
1196544,0.8368,0.2741,0.7083,0.5245,20.9362,-60.086,311.4102
1196644,0.8389,0.3638,0.6934,0.5214,15.9392,-63.8365,310.4137
1196744,0.8455,0.2703,0.7129,0.5209,16.8033,-59.562,314.5978
1196844,0.8369,0.2633,0.716,0.521,15.3853,-62.6677,322.3861
1196944,0.8327,0.3653,0.7168,0.517,20.7702,-64.8343,316.1198
1197044,0.8393,0.2334,0.7131,0.5253,18.2764,-56.2028,313.3106
1197144,0.8438,0.2689,0.7119,0.5239,35.6551,-66.545,291.4887
1197244,0.8407,0.3441,0.7039,0.5219,18.3651,-68.3694,312.76
1197344,0.8387,0.2353,0.7109,0.5229,29.2412,-69.8196,310.05
1197444,0.8313,0.2468,0.717,0.5223,28.6376,-77.5356,318.0469
1197544,0.8425,0.3749,0.7183,0.5199,72.8048,-84.5006,277.5327
1197644,0.8403,0.2716,0.7175,0.5259,51.7975,-75.7752,290.7374
1197744,0.8414,0.2945,0.7136,0.5259,56.8992,-73.4291,278.0196
1197844,0.8333,0.4025,0.7129,0.5215,50.6212,-72.9081,277.8344
1197944,0.8379,0.2598,0.7174,0.5218,49.6087,-70.61,287.7383
1198044,0.8378,0.2699,0.7199,0.5271,73.3775,-77.4777,271.655
1198144,0.8203,0.2968,0.7234,0.5229,84.0667,-76.6163,260.5352
1198244,0.8408,0.2689,0.7113,0.53,61.2213,-70.8143,278.4831
1198344,0.8358,0.2879,0.7076,0.527,78.2762,-69.8496,253.9125
1198444,0.834,0.3184,0.7121,0.5219,60.5727,-74.4592,271.7116
1198544,0.8379,0.2409,0.7151,0.5259,62.1849,-74.2541,276.2718
1198644,0.8437,0.2498,0.7233,0.5276,102.564,-79.0952,235.9661
1198744,0.843,0.3445,0.7205,0.5239,64.0157,-80.3869,278.2415
1198844,0.8323,0.2583,0.7111,0.5278,43.753,-74.71,290.3624
1198944,0.8408,0.3289,0.7141,0.5276,68.9504,-75.3554,259.383
1199044,0.8424,0.3945,0.7119,0.5275,42.1528,-70.9701,288.0805
1199144,0.8457,0.26,0.7228,0.5256,47.6328,-73.1883,287.5035
1199244,0.8349,0.3375,0.7196,0.526,44.3522,-80.8293,287.4285
1199344,0.838,0.284,0.7235,0.5248,32.4533,-72.998,298.386
1199444,0.8382,0.25,0.7163,0.5303,37.7316,-72.9307,284.5734
1199544,0.8393,0.3784,0.7198,0.5239,75.3592,-74.0975,253.0262
1199644,0.8467,0.3503,0.7221,0.5303,56.8769,-71.7189,277.1888
1199744,0.8384,0.2638,0.7219,0.5301,54.709,-72.9744,285.9178
1199844,0.8399,0.3631,0.7261,0.5274,62.084,-81.4246,273.8219
1199944,0.8489,0.3655,0.7271,0.5304,43.1558,-72.4568,290.2024
1200044,0.846,0.2889,0.7211,0.5324,39.7281,-66.5859,283.0913
1200144,0.8454,0.4014,0.7103,0.5279,48.5348,-71.6227,277.5968
1200244,0.8493,0.336,0.7064,0.5294,34.5458,-63.9675,294.6049
1200344,0.8378,0.2678,0.7235,0.5311,33.8661,-63.2416,300.1242
1200444,0.8432,0.316,0.7265,0.528,37.1885,-64.9568,298.3748
1200544,0.8505,0.2916,0.7235,0.5321,28.6755,-55.677,306.3532
1200644,0.8484,0.2543,0.7154,0.533,28.415,-57.9612,299.9305
1200744,0.8358,0.3529,0.7024,0.5285,33.7157,-68.9038,292.4261
1200844,0.8474,0.2905,0.7141,0.5253,26.7052,-60.7577,302.2742
1200944,0.8438,0.2626,0.7243,0.5294,29.1711,-64.4245,305.6623
1201044,0.8453,0.3561,0.7238,0.5308,56.7302,-71.5132,279.7522
1201144,0.8503,0.2911,0.7196,0.532,37.6296,-63.4282,298.0912
1201244,0.8424,0.2904,0.7155,0.5316,34.3507,-60.692,294.4202
1201344,0.8442,0.4145,0.7121,0.5279,46.0778,-63.9893,280.502
1201444,0.8503,0.292,0.7228,0.5255,42.4453,-59.1871,287.2711
1201544,0.8523,0.2901,0.7285,0.5289,41.3165,-64.0817,290.7006
1201644,0.827,0.348,0.726,0.5226,38.7982,-66.3863,296.9779
1201744,0.8434,0.2749,0.7171,0.5283,33.2707,-60.1204,296.8555
1201844,0.8472,0.2863,0.7141,0.5303,47.8737,-64.0336,277.2627
1201944,0.8457,0.3913,0.7158,0.5251,30.4382,-65.2816,296.5662
1202044,0.8469,0.2631,0.7181,0.5248,31.3498,-66.1381,299.1447
1202144,0.8432,0.2648,0.7243,0.5246,43.3499,-76.6498,290.9576
1202244,0.845,0.3249,0.7234,0.5233,43.7076,-74.6254,293.0175
1202344,0.8458,0.2949,0.7181,0.5286,38.1539,-68.4774,291.1771
1202444,0.8522,0.3388,0.715,0.5253,48.4287,-68.9181,271.5729
1202544,0.8479,0.3891,0.7186,0.5254,40.4451,-67.1474,279.8586
1202644,0.8409,0.2833,0.7185,0.523,30.1141,-60.7173,294.6553
1202744,0.8457,0.3441,0.6986,0.5291,18.1033,-64.9693,306.1765
1202844,0.8472,0.3266,0.6903,0.5264,18.3106,-57.242,313.2085
1202944,0.846,0.2546,0.7134,0.5246,17.0175,-57.3604,304.8907
1203044,0.8412,0.3445,0.6323,0.5275,18.0631,-65.8774,295.5318
1203144,0.8445,0.3578,0.6366,0.5293,14.6499,-55.9455,301.9965
1203244,0.843,0.2534,0.7151,0.5259,17.5622,-56.4242,303.9469
1203344,0.8432,0.3519,0.7128,0.5288,9.2264,-66.0566,312.1863
1203444,0.849,0.3415,0.7151,0.5293,9.521,-54.4129,314.8062
1203544,0.8377,0.2578,0.7155,0.5305,5.805,-52.0551,309.2614
1203644,0.833,0.3615,0.6408,0.532,9.5492,-60.0693,306.9869
1203744,0.8489,0.3343,0.6278,0.5303,6.9885,-47.0652,310.211
1203844,0.8454,0.2714,0.721,0.5301,7.7587,-42.5105,313.3387
1203944,0.8394,0.3664,0.7059,0.5321,6.246,-48.7228,318.9563
1204044,0.843,0.2741,0.712,0.5295,7.916,-38.1837,310.4971
1204144,0.8395,0.2504,0.7161,0.533,7.7395,-43.3676,304.7939
1204244,0.8373,0.3489,0.7164,0.533,8.777,-52.4066,299.0775
1204344,0.8504,0.2819,0.7249,0.5286,7.8344,-42.4691,306.5226
1204444,0.8383,0.2618,0.7268,0.5326,4.674,-52.8472,314.7549
1204544,0.8414,0.3883,0.7099,0.5315,2.4919,-47.9513,321.2146
1204644,0.8405,0.265,0.7223,0.5353,1.2348,-45.1811,314.5475
1204744,0.8464,0.2918,0.7185,0.5373,5.07,-56.317,307.5736
1204844,0.8458,0.4136,0.7139,0.534,0.0537,-46.5892,314.9927
1204944,0.834,0.271,0.7263,0.5319,1.4515,-43.3206,316.8635
1205044,0.8397,0.2843,0.7315,0.535,-3.2724,-47.2739,323.8865
1205144,0.8395,0.3921,0.7314,0.5316,0.9912,-42.7338,322.5835
1205244,0.8462,0.2654,0.7234,0.5338,-4.099,-40.2852,319.7832
1205344,0.8417,0.3455,0.7204,0.5319,-3.5828,-47.5419,312.427
1205444,0.8418,0.3406,0.7225,0.5334,-0.7818,-38.9649,309.3438
1205544,0.8419,0.2653,0.7258,0.5325,1.2841,-36.2563,313.7053
1205644,0.8465,0.3301,0.7245,0.5314,-6.1333,-43.3367,318.9671
1205744,0.8503,0.3183,0.7149,0.5306,-3.9258,-37.2589,316.5952
1205844,0.8417,0.2815,0.7218,0.5318,-8.4756,-38.3405,311.0602
1205944,0.8334,0.3756,0.7275,0.5283,-0.1285,-46.1437,307.543
1206044,0.8462,0.3481,0.7269,0.5306,-0.8229,-35.3783,308.6798
1206144,0.8474,0.2774,0.7291,0.5304,2.229,-38.2198,308.3866
1206244,0.8413,0.3494,0.7304,0.5271,7.1908,-43.6695,306.7193
1206344,0.8449,0.2808,0.727,0.5301,4.8575,-41.263,305.8152
1206444,0.8463,0.2728,0.7203,0.53,2.1626,-40.5375,299.6029
1206544,0.8422,0.3938,0.7264,0.5281,5.7553,-50.6174,302.8597
1206644,0.8557,0.3009,0.7289,0.5314,0.8627,-39.1711,307.691
1206744,0.8473,0.2735,0.7245,0.5318,3.0166,-37.5861,315.3308
1206844,0.849,0.3863,0.7176,0.5315,6.9812,-47.4184,316.9021
1206944,0.8535,0.2806,0.7226,0.5323,8.9652,-39.4388,310.9373
1207044,0.8534,0.2863,0.7235,0.5335,6.2318,-42.2232,303.8298
1207144,0.8587,0.3834,0.6453,0.5319,6.5394,-49.7291,300.9917
1207244,0.8554,0.3051,0.7088,0.5296,7.2557,-42.3602,304.5776
1207344,0.8483,0.3269,0.7245,0.5306,8.0556,-44.2023,311.3937
1207444,0.8515,0.3589,0.7131,0.5303,15.106,-57.8075,306.9348
1207544,0.8519,0.2735,0.7168,0.5349,15.6212,-48.7949,301.3933
1207644,0.8472,0.2906,0.7135,0.5333,28.3069,-53.4108,290.7552
1207744,0.8443,0.3098,0.7183,0.5276,26.0772,-53.1674,295.8477
1207844,0.842,0.2478,0.7199,0.5308,25.5491,-52.2122,302.3479
1207944,0.8498,0.2556,0.7279,0.5315,29.5948,-61.8663,300.3106
1208044,0.8534,0.3066,0.7306,0.5283,16.0759,-54.4544,312.7692
1208144,0.8428,0.2786,0.7213,0.5316,11.3573,-49.4707,306.6324
1208244,0.8494,0.2948,0.7243,0.5301,18.9945,-59.1989,295.9808
1208344,0.85,0.3116,0.7158,0.5306,10.6702,-48.4044,303.1618
1208444,0.8483,0.282,0.7283,0.5288,13.8483,-51.707,304.538
1208544,0.8336,0.3043,0.7341,0.5275,-5.0643,-56.6076,316.3549
1208644,0.8459,0.2936,0.7298,0.5255,1.0787,-43.7658,312.1986
1208744,0.8467,0.2891,0.7194,0.5291,-1.1062,-44.6121,306.4228
1208844,0.8395,0.3348,0.7276,0.528,-2.8374,-56.0429,307.9808
1208944,0.8555,0.3045,0.7303,0.5296,-2.0177,-49.1373,308.2516
1209044,0.8452,0.2764,0.7311,0.5311,-2.1865,-47.0251,312.776
1209144,0.8438,0.3469,0.6954,0.5391,-3.7432,-53.0879,318.5399
1209244,0.851,0.247,0.7074,0.5339,-1.9746,-44.9694,313.913
1209344,0.8488,0.2699,0.7248,0.5379,-3.1899,-49.3277,311.3411
1209444,0.8452,0.3991,0.6414,0.5385,-1.2822,-59.1278,303.5245
1209544,0.8499,0.2871,0.7155,0.5329,1.2857,-53.2409,305.0212
1209644,0.8469,0.2929,0.7304,0.5369,1.13,-52.9819,310.7678
1209744,0.8362,0.3083,0.733,0.5316,9.2154,-63.2213,307.4316
1209844,0.8505,0.2884,0.7254,0.535,8.7438,-54.0486,305.0804
1209944,0.8409,0.2863,0.7176,0.5354,12.6225,-56.6943,299.3691
1210044,0.834,0.3249,0.7235,0.5328,26.0457,-65.2176,289.5011
1210144,0.8457,0.2613,0.7286,0.5295,22.2019,-60.6731,294.6341
1210244,0.8449,0.2623,0.7349,0.5346,26.2505,-73.2359,289.4509
1210344,0.8427,0.3946,0.7396,0.5324,25.0702,-77.355,294.1701
1210444,0.8449,0.3328,0.7308,0.5329,11.6844,-64.3281,302.5705
1210544,0.8454,0.2993,0.731,0.5403,15.4671,-69.4278,297.0586
1210644,0.8429,0.4279,0.7265,0.5403,3.8593,-68.0987,312.2064
1210744,0.848,0.3011,0.7368,0.53,4.9496,-65.6979,316.5698
1210844,0.8353,0.324,0.7383,0.5335,-5.0655,-69.9308,326.5557
1210944,0.8368,0.3144,0.7398,0.5271,0.0526,-65.5236,325.616
1211044,0.8495,0.2905,0.7284,0.5319,0.2545,-61.3795,316.5606
1211144,0.8452,0.4036,0.7104,0.5359,11.3599,-67.9677,302.7182
1211244,0.8599,0.3641,0.6346,0.538,11.87,-60.6541,303.3169
1211344,0.8468,0.2795,0.7303,0.5358,11.9572,-56.6324,310.1067
1211444,0.8507,0.3153,0.728,0.5378,6.3719,-64.6623,316.227
1211544,0.8534,0.323,0.7319,0.5353,5.6196,-53.6925,318.863
1211644,0.8535,0.2823,0.728,0.5389,4.4832,-51.8422,311.8545
1211744,0.846,0.3974,0.6875,0.5379,8.2772,-55.3361,310.3062
1211844,0.8545,0.3018,0.6864,0.5374,7.3198,-47.1008,311.9129
1211944,0.8475,0.2639,0.7313,0.5369,7.0044,-49.7136,314.3201
1212044,0.8303,0.354,0.7405,0.5318,3.5219,-57.4946,314.4217
1212144,0.8512,0.2803,0.7343,0.5324,4.7073,-53.3105,309.8716
1212244,0.8488,0.2838,0.7209,0.534,4.9905,-53.51,305.5789
1212344,0.8448,0.3948,0.7259,0.5336,6.7491,-61.3401,303.9393
1212444,0.8542,0.2503,0.7288,0.5291,3.2467,-53.862,307.1611
1212544,0.8497,0.2565,0.7345,0.535,3.6974,-61.6491,311.5188
1212644,0.8509,0.3464,0.7386,0.5333,15.3811,-78.9294,301.0889
1212744,0.8552,0.2783,0.7341,0.5338,10.0571,-67.2339,304.6783
1212844,0.86,0.316,0.7106,0.542,16.9937,-67.9597,296.937
1212944,0.854,0.3539,0.6683,0.5309,22.7309,-67.6224,289.2296
1213044,0.8557,0.2925,0.6926,0.5261,25.0546,-67.1943,289.7232
1213144,0.846,0.2851,0.7303,0.5303,34.1281,-74.202,284.3685
1213244,0.8315,0.3151,0.7403,0.5265,45.3663,-77.631,274.8246
1213344,0.8474,0.2856,0.7285,0.5294,29.8433,-71.4269,286.1441
1213444,0.8503,0.3075,0.729,0.5334,43.5737,-73.2348,269.0876
1213544,0.8424,0.3465,0.7335,0.5268,26.4192,-71.4239,287.0736
1213644,0.8392,0.2473,0.7321,0.5303,27.2858,-69.8079,288.188
1213744,0.8453,0.2541,0.7416,0.5334,49.6395,-82.9542,270.1401
1213844,0.8534,0.32,0.7448,0.5298,44.3941,-80.3697,275.3718
1213944,0.845,0.3093,0.7335,0.5356,31.1001,-73.906,282.2619
1214044,0.847,0.3624,0.7366,0.5309,70.0654,-78.4975,236.5367
1214144,0.8472,0.3568,0.7389,0.5294,22.3504,-67.6672,280.3298
1214244,0.8459,0.283,0.7343,0.5299,24.0611,-63.4762,284.074
1214344,0.8459,0.287,0.741,0.5295,19.343,-70.3888,292.6136
1214444,0.8388,0.293,0.7353,0.5266,14.7656,-66.2137,299.0175
1214544,0.8365,0.2691,0.7226,0.531,17.2014,-63.935,290.618
1214644,0.8424,0.3005,0.7358,0.5288,37.1286,-63.8781,281.0452
1214744,0.8522,0.2799,0.7303,0.5319,28.2481,-52.3677,289.5749
1214844,0.8378,0.2058,0.7309,0.5298,29.2137,-57.6123,291.7275
1214944,0.8415,0.2823,0.7409,0.5284,38.8647,-68.6875,282.7178
1215044,0.8428,0.2534,0.7403,0.5324,30.7893,-62.2994,290.2153
1215144,0.8353,0.248,0.7285,0.5321,31.5877,-62.6761,285.618
1215244,0.8335,0.3175,0.7408,0.5258,66.0665,-65.1143,254.6721
1215344,0.8373,0.3134,0.7345,0.5241,45.4299,-63.7494,274.4768
1215444,0.834,0.2751,0.734,0.5256,38.3854,-59.2567,283.1938
1215544,0.8225,0.2733,0.7446,0.5251,40.3409,-65.2244,281.8416
1215644,0.8438,0.2728,0.7379,0.5268,31.1189,-55.6932,291.0377
1215744,0.8437,0.2808,0.7256,0.5319,26.5132,-53.1872,294.977
1215844,0.8345,0.3144,0.7353,0.5263,23.0536,-56.6727,293.463
1215944,0.8443,0.2378,0.7326,0.5291,21.0533,-48.9866,297.7201
1216044,0.8384,0.2321,0.7364,0.5309,22.8488,-56.7235,298.1632
1216144,0.843,0.3023,0.7454,0.5301,35.357,-65.2894,284.6125
1216244,0.8424,0.2473,0.7381,0.53,27.9593,-58.1424,291.9243
1216344,0.8358,0.2655,0.7348,0.533,35.5289,-61.323,278.6528
1216444,0.8357,0.3625,0.7428,0.5295,43.4075,-68.2508,270.1478
1216544,0.8462,0.297,0.7404,0.5253,29.9955,-60.8185,285.595
1216644,0.8437,0.2859,0.7445,0.531,28.424,-66.3418,288.714
1216744,0.8395,0.3831,0.7466,0.5289,23.4673,-58.5572,296.507
1216844,0.8443,0.2571,0.7379,0.5325,23.1175,-54.9447,292.1556
1216944,0.8434,0.346,0.7419,0.5346,37.3356,-66.5272,269.4471
1217044,0.8455,0.3794,0.7421,0.533,28.3497,-59.7248,280.1923
1217144,0.836,0.2731,0.7351,0.5301,31.1449,-57.1598,285.4332
1217244,0.8437,0.3038,0.7478,0.5279,24.4012,-62.002,294.7816
1217344,0.8482,0.2833,0.7455,0.5275,18.5136,-51.2605,301.4044
1217444,0.8453,0.2701,0.7315,0.533,19.2093,-55.1027,292.0936
1217544,0.8362,0.4144,0.7426,0.5318,21.3666,-53.9068,292.6537
1217644,0.8467,0.3446,0.7401,0.5314,20.8798,-46.8229,298.1271
1217744,0.8435,0.277,0.7369,0.5309,20.1251,-47.7265,305.7624
1217844,0.8253,0.3685,0.7461,0.5296,13.9613,-54.5845,313.3667
1217944,0.847,0.3278,0.7438,0.5278,10.2297,-45.8481,316.0734
1218044,0.8407,0.287,0.7233,0.5303,11.6535,-45.2761,308.2975
1218144,0.82,0.3166,0.728,0.5301,24.0266,-48.4261,300.4231
1218244,0.846,0.3028,0.7285,0.5324,19.4905,-40.2516,305.8352
1218344,0.8447,0.2596,0.7356,0.5359,18.2191,-40.3096,307.2441
1218444,0.835,0.3348,0.7429,0.5339,19.2751,-52.9437,305.1281
1218544,0.851,0.2899,0.7354,0.5348,20.4269,-40.8723,302.791
1218644,0.8478,0.2771,0.7268,0.5395,19.2246,-41.6081,297.5329
1218744,0.8464,0.355,0.7379,0.5415,22.703,-52.0725,292.008
1218844,0.8539,0.3016,0.738,0.5298,22.9707,-45.6061,295.7634
1218944,0.8434,0.2801,0.7395,0.5324,21.8979,-50.8396,296.336
1219044,0.829,0.3625,0.7441,0.5285,24.9084,-55.6044,296.6717
1219144,0.8505,0.2815,0.7298,0.5339,17.2892,-44.5929,301.4518
1219244,0.8539,0.2735,0.7248,0.5383,22.4125,-50.8177,295.5286
1219344,0.8468,0.3469,0.7241,0.5373,22.8734,-61.7826,299.7072
1219444,0.8515,0.261,0.73,0.5309,22.378,-51.2903,308.243
1219544,0.8519,0.2736,0.7439,0.5334,22.2983,-62.1964,309.5409
1219644,0.8557,0.392,0.75,0.5314,16.8533,-53.4665,318.2216
1219744,0.8508,0.301,0.7336,0.5365,10.9236,-45.0819,316.1919
1219844,0.8465,0.3325,0.7396,0.5369,27.5145,-51.9553,307.915
1219944,0.8483,0.3759,0.7411,0.5381,22.2121,-46.7528,306.8949
1220044,0.8447,0.2736,0.7376,0.533,24.1766,-46.8379,306.0602
1220144,0.8323,0.3445,0.7466,0.5279,18.4289,-53.0595,313.5297
1220244,0.8417,0.2941,0.7435,0.5276,13.5771,-47.3824,315.9914
1220344,0.843,0.288,0.7268,0.5313,11.8674,-46.4063,309.4223
1220444,0.8357,0.379,0.7336,0.5324,21.856,-48.4708,303.9203
1220544,0.8548,0.3101,0.7413,0.5331,11.5742,-36.7763,311.9176
1220644,0.8409,0.261,0.7361,0.5338,14.9464,-43.7389,311.9953
1220744,0.8318,0.3035,0.7431,0.5273,30.8455,-57.8648,296.8376
1220844,0.8478,0.315,0.7406,0.5375,20.0173,-39.6672,304.6049
1220944,0.8448,0.3113,0.7289,0.54,17.7746,-38.6866,302.3573
1221044,0.8479,0.3961,0.7436,0.5355,16.1936,-49.0281,295.4261
1221144,0.8448,0.2824,0.7414,0.5318,20.9675,-41.3971,295.7453
1221244,0.8419,0.2983,0.746,0.5348,20.3321,-49.3678,298.0078
1221344,0.83,0.3064,0.7494,0.5289,18.465,-49.3706,304.4525
1221444,0.8424,0.2809,0.7308,0.5361,13.8337,-41.6246,304.7135
1221544,0.8382,0.2996,0.7341,0.5378,17.8086,-48.9143,294.6693
1221644,0.8395,0.358,0.7438,0.5374,7.6754,-47.1345,307.0564
1221744,0.8455,0.2684,0.7399,0.5346,6.9621,-46.3494,309.6777
1221844,0.8473,0.2738,0.7513,0.5351,9.5427,-58.1621,314.1354
1221944,0.8424,0.3129,0.7506,0.5335,12.9672,-52.846,313.0228
1222044,0.838,0.2865,0.7349,0.538,8.9355,-47.9168,309.3058
1222144,0.8419,0.3119,0.745,0.5373,20.2481,-60.3864,292.7498
1222244,0.8433,0.3633,0.7471,0.5385,17.1096,-50.0234,297.7189
1222344,0.843,0.2844,0.7408,0.5356,19.7139,-49.6326,300.0642
1222444,0.8296,0.292,0.7471,0.5335,10.4222,-55.9257,307.2215
1222544,0.8404,0.3249,0.7465,0.534,5.5001,-43.2502,309.8283
1222644,0.8435,0.2988,0.7351,0.5364,3.2167,-43.5409,304.4565
1222744,0.8415,0.4033,0.7444,0.5381,-1.6072,-45.3722,308.9017
1222844,0.8489,0.2816,0.7394,0.5381,1.6579,-31.6089,306.4629
1222944,0.836,0.2495,0.736,0.5379,2.3395,-35.4054,308.2227
1223044,0.8429,0.3095,0.7484,0.5354,-10.1384,-46.5406,318.5042
1223144,0.8493,0.2849,0.7496,0.5364,-7.7601,-42.086,313.1569
1223244,0.844,0.2783,0.7359,0.5394,-9.6361,-45.8354,309.0645
1223344,0.8242,0.3373,0.7373,0.5404,-8.3749,-53.9949,316.3428
1223444,0.8418,0.3119,0.7425,0.5351,-8.058,-45.5472,313.4905
1223544,0.841,0.2894,0.7378,0.5358,-6.5542,-44.2244,316.2377
1223644,0.8217,0.3284,0.7424,0.5314,-0.6652,-53.2438,314.963
1223744,0.8417,0.3033,0.7413,0.5333,-4.7096,-41.0945,313.3748
1223844,0.8444,0.2825,0.7306,0.5359,-5.1386,-38.7622,312.1622
1223944,0.837,0.3605,0.7369,0.5343,-9.5855,-53.4435,315.8031
1224044,0.8502,0.2639,0.739,0.53,-8.8988,-43.2518,318.2472
1224144,0.837,0.2598,0.737,0.535,-6.4428,-49.5801,320.9428
1224244,0.8434,0.3364,0.7481,0.5351,3.4168,-63.4026,317.5754
1224344,0.8512,0.2859,0.7456,0.5344,5.2037,-52.5267,315.4195
1224444,0.8489,0.2805,0.7364,0.5366,3.8262,-53.3026,313.0486
1224544,0.8409,0.3356,0.746,0.5328,4.8035,-55.6206,313.3815
1224644,0.8463,0.2744,0.744,0.536,5.7537,-48.5965,315.3405
1224744,0.8478,0.2691,0.7418,0.536,11.3457,-49.5494,309.7355
1224844,0.8412,0.272,0.7448,0.5361,10.0826,-50.1021,312.6588
1224944,0.8392,0.2738,0.741,0.5364,5.8622,-46.0697,320.0321
1225044,0.8493,0.2771,0.7236,0.5374,5.3646,-37.4223,323.1249
1225144,0.852,0.2764,0.7128,0.5394,4.373,-30.7758,326.8782
1225244,0.8543,0.2763,0.706,0.5411,5.3151,-28.7607,327.3412
1225344,0.8572,0.2785,0.7074,0.5409,4.9764,-27.4612,329.3027
1225444,0.8518,0.282,0.7015,0.5401,4.8224,-27.7839,329.3239
1225544,0.852,0.284,0.6399,0.5395,3.3867,-32.4352,329.2464
1225644,0.8563,0.2903,0.6393,0.5389,0.7426,-30.6196,328.8735
1225744,0.8578,0.291,0.6406,0.5393,-2.1629,-30.4705,328.6186
1225844,0.8537,0.2896,0.6411,0.5391,-1.0453,-31.9923,327.2427
1225944,0.8513,0.2901,0.6465,0.5383,-2.3163,-33.444,328.1129
1226044,0.8543,0.2918,0.6494,0.5359,-2.6518,-31.8041,329.7443
1226144,0.856,0.2901,0.6519,0.5345,-1.9733,-32.6439,332.9593
1226244,0.8604,0.2746,0.6493,0.5318,2.7475,-30.0824,333.0061
1226344,0.8553,0.269,0.6543,0.5309,5.6543,-27.6718,335.9877
1226444,0.8582,0.2674,0.657,0.529,6.9796,-24.8193,337.9247
1226544,0.8617,0.2671,0.658,0.5239,8.4315,-21.4831,337.9041
1226644,0.8639,0.2624,0.6566,0.5125,10.1461,-20.4606,337.3848
1226744,0.857,0.2639,0.6564,0.5055,9.6834,-19.1452,335.6841
1226844,0.8587,0.2591,0.6575,0.498,8.34,-17.9451,333.1024
1226944,0.8619,0.2583,0.659,0.4763,6.0109,-16.4593,328.6807
1227044,0.8638,0.2556,0.6638,0.4589,3.0332,-18.7585,323.5339
1227144,0.8513,0.2633,0.6668,0.4588,-1.9011,-19.8968,320.4111
1227244,0.8146,0.2909,0.6724,0.4638,-7.3433,-20.5334,319.9853
1227344,0.7114,0.3311,0.6728,0.4679,-11.6778,-18.42,319.9536
1227444,0.6025,0.3988,0.6689,0.4704,-13.8196,-14.1666,319.8665
1227544,0.5411,0.414,0.6554,0.4684,-13.3298,-10.2388,319.8202
1227644,0.637,0.345,0.6556,0.4701,-13.3298,-7.1875,318.733
1227744,0.6519,0.3128,0.6579,0.4704,-16.0332,-5.2445,318.7829
1227844,0.6548,0.2966,0.6575,0.472,-16.1997,-4.1768,318.3465
1227944,0.6353,0.286,0.6618,0.4786,-14.8769,-1.8951,318.6296
1228044,0.6006,0.3046,0.6584,0.4679,-15.961,1.6018,317.4241
1228144,0.6403,0.3121,0.6565,0.4636,-14.6702,2.0195,316.8918
1228244,0.6366,0.3054,0.6569,0.4621,-12.867,1.9552,316.4255
1228344,0.6293,0.3028,0.6563,0.4596,-12.0836,1.0348,315.9687
1228444,0.6133,0.3096,0.6498,0.4588,-12.537,-0.3929,315.6381
1228544,0.5823,0.3151,0.6504,0.4585,-12.6152,0.8391,315.1055
1228644,0.5623,0.3139,0.6514,0.4564,-12.3987,-0.1267,314.9641
1228744,0.5541,0.314,0.6529,0.456,-13.4092,0.9545,314.8921
1228844,0.5259,0.3285,0.6508,0.4549,-13.6803,0.9076,315.1193
1228944,0.5224,0.3448,0.6495,0.4541,-12.8953,0.1126,315.1515
1229044,0.5414,0.3535,0.6476,0.4508,-11.6217,0.0766,315.0861
1229144,0.5758,0.358,0.6446,0.4708,-12.4393,0.1215,315.2598
1229244,0.5906,0.3556,0.6433,0.5035,-13.1126,-0.5979,315.2195
1229344,0.6028,0.3564,0.6584,0.5136,-12.4219,0.7006,315.1054
1229444,0.6071,0.3613,0.6584,0.5186,-12.5954,0.0563,314.9968
1229544,0.606,0.3634,0.6499,0.5216,-11.731,-0.5768,314.971
1229644,0.4689,0.3645,0.6521,0.5193,-13.1462,-0.2073,315.0366
1229744,0.4381,0.3594,0.6523,0.5149,-12.283,0.2792,314.6981
1229844,0.4321,0.3623,0.653,0.5133,-13.1323,-0.5498,314.7981
1229944,0.4211,0.3716,0.6541,0.5143,-12.5971,0.0165,314.8383
1230044,0.4146,0.3691,0.6566,0.5118,-11.2064,-0.5773,315.2122
