318024,0.6074,0.3893,0.4254,0.4124,0.123,-48.748,187.3289
318124,0.6064,0.3895,0.4249,0.4121,0.0669,-49.655,187.3058
318224,0.6059,0.3894,0.425,0.4119,-0.2837,-48.9472,187.6366
318324,0.6058,0.3895,0.4253,0.4115,0.265,-49.8122,187.2201
318424,0.6066,0.3895,0.4251,0.4116,-0.2864,-48.9427,187.6386
318524,0.6081,0.3896,0.4251,0.4114,0.2626,-49.9072,187.222
318624,0.6093,0.3894,0.4254,0.4114,-0.1902,-49.0229,187.5661
318724,0.6108,0.3895,0.4254,0.4118,0.2599,-49.9024,187.224
318824,0.61,0.3895,0.4259,0.4118,-0.1925,-49.018,187.5678
318924,0.6078,0.3894,0.4261,0.4115,0.3746,-49.8973,187.0716
319024,0.6078,0.3896,0.4268,0.4114,-0.2611,-49.044,187.5548
319124,0.6069,0.3894,0.4276,0.4111,0.4885,-49.8925,186.9199
319224,0.6073,0.3895,0.4275,0.4115,-0.3112,-49.0774,187.5278
319324,0.6075,0.3895,0.4273,0.4118,0.3843,-49.8892,186.924
319424,0.6094,0.3895,0.4278,0.4125,-0.2748,-49.0407,187.4249
319524,0.6113,0.3894,0.4286,0.4126,0.3809,-49.8851,186.9266
319624,0.6111,0.3895,0.427,0.4131,-0.2779,-49.0365,187.4272
319724,0.6083,0.3891,0.4268,0.4121,0.2771,-49.8812,186.9304
319824,0.6065,0.3888,0.4259,0.4119,-0.2224,-49.0036,187.3099
319924,0.6064,0.3885,0.4259,0.4118,0.174,-49.8768,186.9337
320024,0.6061,0.3884,0.426,0.4118,-0.1504,-48.9771,187.1801
320124,0.6073,0.3885,0.4264,0.4119,0.172,-49.8717,186.9352
320224,0.6079,0.3884,0.4266,0.4116,-0.2685,-48.9718,187.3346
320324,0.6089,0.3886,0.4269,0.4119,0.2809,-49.8365,186.9175
320424,0.6099,0.3885,0.427,0.412,-0.2712,-48.9673,187.3367
320524,0.611,0.3888,0.4271,0.4123,0.1775,-49.8323,186.921
320624,0.6123,0.3886,0.4264,0.4123,-0.1856,-48.9364,187.1966
320724,0.6114,0.3888,0.4256,0.412,0.1754,-49.8273,186.9226
320824,0.6095,0.3886,0.4253,0.4119,-0.1875,-48.9314,187.198
320924,0.6088,0.3886,0.4263,0.4121,0.1736,-49.9218,186.924
321024,0.6084,0.3883,0.4268,0.4119,-0.1233,-49.0199,187.1496
321124,0.6088,0.3883,0.4264,0.4123,-0.0631,-50.0161,187.2344
321224,0.6106,0.3879,0.4178,0.4069,-0.0868,-48.9016,187.3168
321324,0.6151,0.3873,0.4076,0.4036,0.3711,-49.2117,187.1951
321424,0.6158,0.3874,0.4161,0.3985,-0.8996,-49.8408,188.1618
321524,0.6214,0.388,0.4185,0.3994,0.2736,-49.0095,187.1919
321624,0.6283,0.3895,0.4193,0.3966,-0.533,-49.7637,187.6544
321724,0.633,0.3906,0.4158,0.3981,0.308,-49.0324,187.004
321824,0.6311,0.3906,0.4196,0.3976,-0.5007,-49.8651,187.5434
321924,0.6294,0.3909,0.4196,0.3998,0.2523,-49.1652,186.8944
322024,0.6278,0.3908,0.4221,0.3989,-0.6167,-50.0557,187.556
322124,0.6259,0.391,0.4259,0.3979,0.1517,-49.2335,186.9704
322224,0.627,0.3908,0.4255,0.3975,-0.4965,-50.2515,187.3998
322324,0.6296,0.3913,0.4226,0.397,-0.0879,-49.4784,187.0106
322424,0.6321,0.3916,0.42,0.3961,0.661,-48.6796,186.5101
322524,0.6325,0.3915,0.4215,0.3958,-0.0978,-49.503,187.0836
322624,0.6243,0.3911,0.4455,0.3966,0.6824,-48.8761,186.3515
322724,0.6221,0.3903,0.4583,0.3975,-0.1917,-49.6297,186.9483
322824,0.6201,0.3895,0.4579,0.3984,0.7104,-48.584,186.2774
322924,0.6188,0.3894,0.4564,0.3991,0.1152,-49.4148,186.5205
323024,0.6179,0.3891,0.4529,0.4008,-1.4621,-49.1646,187.6509
323124,0.6189,0.389,0.4485,0.4021,0.1049,-49.5316,186.529
323224,0.62,0.3884,0.4426,0.4043,-0.5725,-48.8816,187.1834
323324,0.6208,0.3876,0.4361,0.4066,0.3082,-49.7702,186.516
323424,0.6225,0.3875,0.4311,0.4103,-0.2843,-49.1293,187.0423
323524,0.6228,0.3878,0.4284,0.4078,0.7777,-50.6206,186.3829
323624,0.6179,0.3876,0.4274,0.4083,0.224,-49.8571,186.8077
323724,0.6168,0.3876,0.4274,0.4024,-0.2047,-48.7684,187.1333
323824,0.6171,0.3874,0.428,0.4008,-0.0118,-49.2694,186.912
323924,0.6165,0.3874,0.4294,0.4039,-0.0278,-50.0769,186.8488
324024,0.6161,0.3874,0.4289,0.4043,-0.0902,-49.163,186.8192
324124,0.6168,0.3874,0.4291,0.4043,0.2559,-50.0541,186.5556
324224,0.618,0.3874,0.4286,0.4059,-0.0921,-49.1579,186.8206
324324,0.6185,0.3875,0.428,0.4081,0.2564,-50.546,186.5547
324424,0.6163,0.388,0.4286,0.4039,0.0542,-50.5465,186.7083
324524,0.6163,0.3883,0.4293,0.4066,-0.1088,-49.837,186.8973
324624,0.6158,0.3881,0.4298,0.4046,0.2295,-48.7275,186.5758
324724,0.6153,0.3881,0.4273,0.4064,-0.0787,-49.5256,186.8091
324824,0.6153,0.3879,0.4261,0.4053,0.4542,-48.6511,186.4064
324924,0.6155,0.3879,0.4265,0.4034,-0.0758,-49.5211,186.8069
325024,0.6163,0.388,0.4265,0.4031,0.4565,-48.6464,186.4046
325124,0.617,0.388,0.4261,0.4029,-0.0729,-49.5165,186.8047
325224,0.6181,0.3881,0.4258,0.4026,0.3438,-48.6423,186.5551
325324,0.619,0.3883,0.4258,0.4025,-0.0609,-49.5301,186.8609
325424,0.62,0.3884,0.4258,0.4026,0.3458,-48.6373,186.5536
325524,0.621,0.3883,0.4263,0.4025,-0.1743,-49.5252,187.0123
325624,0.6221,0.3886,0.4255,0.4033,0.7418,-48.8762,186.2425
325724,0.62,0.3885,0.4251,0.4026,-0.5058,-49.6081,187.0377
325824,0.6179,0.3884,0.4239,0.4025,0.8628,-49.0316,185.9998
325924,0.6175,0.3884,0.424,0.4025,-0.6027,-49.6063,187.0359
326024,0.6173,0.3884,0.4243,0.4024,0.8575,-49.0944,185.928
326124,0.6176,0.3884,0.4241,0.402,-0.7166,-49.6048,187.1876
326224,0.6186,0.3885,0.4248,0.4019,0.7179,-49.1561,186.0223
326324,0.6195,0.3884,0.4248,0.4016,-0.7626,-49.6487,187.1465
326424,0.6201,0.3884,0.4256,0.4014,0.7204,-49.1551,186.0204
326524,0.6213,0.3885,0.4259,0.4013,-0.7599,-49.6479,187.1444
326624,0.6218,0.3883,0.4265,0.4011,0.7229,-49.1542,186.0185
326724,0.6223,0.3884,0.4259,0.4013,-0.874,-49.6463,187.2963
326824,0.6208,0.3885,0.4261,0.4004,0.567,-49.2039,186.1252
326924,0.619,0.3885,0.4253,0.4001,-0.9073,-49.7011,187.2456
327024,0.6181,0.3885,0.4261,0.3996,0.4708,-49.3039,186.1221
327124,0.6185,0.3883,0.4278,0.399,-1.2761,-49.6243,187.3742
327224,0.619,0.3881,0.4284,0.3991,0.3886,-49.3265,186.1086
327324,0.62,0.3883,0.4288,0.3989,-1.2745,-49.6242,187.3729
327424,0.6209,0.3883,0.429,0.3988,0.3901,-49.3262,186.1075
327524,0.6214,0.3883,0.4289,0.3983,-1.2729,-49.6241,187.3717
327624,0.622,0.3884,0.4261,0.3966,0.2896,-49.026,186.1059
327724,0.627,0.3873,0.4096,0.4124,-0.3868,-49.5705,186.76
327824,0.6259,0.3869,0.4079,0.4049,0.8333,-48.4677,185.7603
327924,0.6258,0.3874,0.4179,0.3994,-0.0221,-49.3966,186.4702
328024,0.6289,0.389,0.4221,0.3956,1.3912,-49.2387,185.3116
328124,0.6323,0.39,0.4239,0.3924,-0.626,-49.1318,186.6161
328224,0.6351,0.3906,0.4225,0.3921,0.8571,-49.705,185.4245
328324,0.6366,0.391,0.421,0.3914,-0.6699,-49.0812,186.3669
328424,0.6379,0.3913,0.4206,0.39,0.5339,-49.5932,185.3777
328524,0.6399,0.3918,0.4205,0.3901,-1.0159,-49.0601,186.6182
328624,0.641,0.3923,0.4208,0.39,-0.9885,-48.1542,186.5875
328724,0.6418,0.3929,0.4258,0.3886,-0.4202,-48.8032,186.0857
328824,0.6393,0.3929,0.4299,0.388,0.187,-49.6585,185.6258
328924,0.6398,0.3931,0.4305,0.3876,-0.656,-48.8978,186.3947
329024,0.6401,0.3933,0.4321,0.387,0.0035,-49.6507,185.9507
329124,0.6413,0.3934,0.4276,0.3865,0.1067,-48.8344,185.8074
329224,0.6424,0.3934,0.4195,0.3869,0.0509,-49.8402,185.7842
329324,0.6423,0.3935,0.4179,0.3876,0.0463,-49.1275,185.8645
329424,0.6351,0.394,0.4234,0.388,0.0084,-50.9274,185.828
329524,0.6305,0.394,0.4288,0.3869,0.0033,-50.0187,185.8319
329624,0.6223,0.3935,0.4393,0.3889,0.7685,-49.3029,185.2213
329724,0.619,0.3934,0.4395,0.3904,-0.3801,-49.7114,185.9084
329824,0.6186,0.3928,0.4356,0.3919,0.6533,-49.0346,185.2012
329924,0.6188,0.3924,0.4326,0.3939,-0.3356,-49.8987,185.9612
330024,0.6199,0.3919,0.4284,0.397,0.2413,-49.3357,185.5228
330124,0.6206,0.3914,0.4274,0.3995,-1.2244,-49.8367,186.5736
330224,0.6213,0.3911,0.4264,0.4024,0.223,-49.3164,185.4717
330324,0.6209,0.3905,0.4255,0.4016,-1.1234,-49.936,186.5728
330424,0.6206,0.3904,0.4231,0.4089,0.0329,-49.8166,185.901
330524,0.618,0.3898,0.4188,0.4126,-0.1558,-49.2034,186.1093
330624,0.6176,0.3895,0.422,0.4109,0.5235,-50.0417,185.5919
330724,0.6179,0.3891,0.4239,0.4039,-0.257,-48.7967,186.11
330824,0.6186,0.3891,0.426,0.3988,-0.0756,-49.4877,185.8226
330924,0.6193,0.3891,0.4269,0.3985,0.3959,-48.5467,185.5972
331024,0.6198,0.3894,0.4273,0.3986,-0.1171,-49.434,185.9098
331124,0.6205,0.3895,0.427,0.3988,1.395,-48.9635,184.7651
331224,0.6195,0.3895,0.4271,0.3991,-0.1146,-49.4332,185.9079
331324,0.6174,0.3895,0.4276,0.4,1.397,-48.9622,184.7636
331424,0.6161,0.3895,0.4281,0.4008,-0.2125,-49.5316,185.9061
331524,0.6158,0.3893,0.4283,0.4014,0.9017,-48.8214,185.0629
331624,0.6159,0.3891,0.4281,0.402,-0.2087,-49.5293,185.9032
331724,0.6171,0.3891,0.4273,0.4034,0.9105,-49.1202,185.0551
331824,0.6169,0.3891,0.4256,0.4019,-0.7362,-50.1769,186.3692
331924,0.6156,0.3896,0.4265,0.405,-0.081,-49.96,185.9361
332024,0.6159,0.3895,0.4264,0.4061,0.0498,-49.1485,185.8367
332124,0.6175,0.3899,0.4276,0.4066,-0.1326,-50.0524,185.9755
332224,0.6191,0.39,0.4265,0.408,0.0507,-49.0426,185.8359
332324,0.6204,0.39,0.4251,0.4084,-0.1969,-49.85,186.0892
332424,0.6195,0.39,0.4248,0.4073,0.189,-48.9568,185.7962
332524,0.6181,0.3899,0.4243,0.4069,-0.3117,-49.8448,186.2417
332624,0.6168,0.3898,0.4244,0.4066,0.2843,-48.9835,185.7891
332724,0.616,0.3896,0.4246,0.406,-0.3085,-49.8405,186.2392
332824,0.616,0.3896,0.4251,0.4063,0.2877,-49.0796,185.7865
332924,0.6168,0.3898,0.4254,0.4061,-0.5637,-49.9019,186.3587
333024,0.6171,0.3898,0.4249,0.4061,0.3167,-49.1098,185.6891
333124,0.6168,0.39,0.4266,0.4088,-0.6625,-50.0971,186.359
333224,0.6171,0.39,0.4268,0.4091,0.1131,-49.3775,185.7678
333324,0.618,0.3901,0.4264,0.4093,-1.5507,-49.6735,187.0336
333424,0.6188,0.39,0.4259,0.4086,0.1148,-49.3771,185.7666
333524,0.6201,0.39,0.4245,0.409,-1.5485,-49.674,187.0319
333624,0.6184,0.3899,0.4239,0.4075,0.0164,-49.2773,185.7641
333724,0.6168,0.3898,0.4234,0.4069,-0.1083,-50.1829,185.8593
333824,0.6161,0.3895,0.4233,0.4063,-0.1005,-49.2717,185.9178
333924,0.6161,0.3894,0.4238,0.4039,0.5751,-50.1103,185.4026
334024,0.6169,0.3894,0.4238,0.4033,-0.1038,-49.2674,185.9203
334124,0.6178,0.3896,0.4244,0.4043,0.5711,-50.1061,185.4056
334224,0.6183,0.3894,0.4234,0.4035,-0.1071,-49.2631,185.9228
334324,0.6185,0.3893,0.4228,0.4031,0.6855,-50.1012,185.2535
334424,0.6198,0.3894,0.4229,0.4035,-0.1078,-49.2857,185.8585
334524,0.6206,0.3894,0.4231,0.4031,0.6812,-50.0974,185.2569
334624,0.6216,0.3895,0.423,0.4034,-0.1115,-49.2817,185.8613
334724,0.6219,0.3898,0.4228,0.4038,0.813,-50.0921,184.9512
334824,0.6201,0.3903,0.424,0.4045,-0.1004,-49.4117,185.6475
334924,0.6189,0.3901,0.4249,0.4065,1.6016,-49.1757,184.3572
335024,0.6193,0.3906,0.4258,0.4111,-0.0993,-49.4116,185.6466
335124,0.6189,0.3906,0.4263,0.4124,1.6025,-49.1752,184.3565
335224,0.6198,0.391,0.427,0.4149,-0.0982,-49.4114,185.6458
335324,0.6199,0.3908,0.427,0.416,1.6034,-49.1746,184.3559
335424,0.6209,0.391,0.4281,0.4164,-0.0973,-49.5112,185.6442
335524,0.6216,0.3908,0.4286,0.4163,0.615,-48.6721,185.1059
335624,0.6225,0.3908,0.4289,0.4173,-0.0938,-49.5073,185.6416
335724,0.6231,0.3908,0.4289,0.4178,0.6178,-48.6679,185.1038
335824,0.623,0.3901,0.4101,0.4351,-0.1205,-49.4046,185.9427
335924,0.6211,0.3886,0.401,0.4315,1.1484,-48.511,185.245
336024,0.6255,0.3893,0.4105,0.4113,-0.0315,-49.2698,185.9849
336124,0.6358,0.391,0.4088,0.4089,-0.0911,-50.0713,185.6642
336224,0.6519,0.3925,0.394,0.4089,-0.068,-49.4613,185.5697
336324,0.6814,0.3905,0.3831,0.4081,0.6889,-48.8599,184.9208
336424,0.6899,0.3904,0.3765,0.4054,-0.5897,-49.8162,185.6644
336524,0.6653,0.3916,0.3749,0.4025,0.4474,-49.277,184.8765
336624,0.6471,0.3928,0.3838,0.3959,-1.4381,-49.1898,186.3617
336724,0.6089,0.3946,0.3933,0.3911,0.1565,-49.0353,185.074
336824,0.5933,0.3961,0.3976,0.3908,-0.6484,-49.9215,185.5259
336924,0.5961,0.3978,0.4054,0.3913,0.2,-49.0511,184.8032
337024,0.6075,0.3989,0.4109,0.39,-0.4895,-49.7231,185.0366
337124,0.6104,0.4003,0.4206,0.3889,0.4894,-48.9997,184.2171
337224,0.612,0.3994,0.4204,0.388,-0.7478,-50.0637,184.7911
337324,0.6133,0.3994,0.4194,0.3884,0.1368,-49.1734,184.1163
337424,0.6136,0.3995,0.4129,0.3898,-0.4617,-49.9404,184.2163
337524,0.6103,0.4014,0.4274,0.3891,0.3453,-48.9017,183.6793
337624,0.6124,0.4005,0.445,0.3913,0.2347,-48.592,184.0439
337724,0.6106,0.3993,0.4461,0.3938,0.3744,-49.8923,184.2353
337824,0.6046,0.3988,0.4436,0.3954,-0.285,-49.2412,184.878
337924,0.6013,0.3988,0.4376,0.3984,1.2337,-50.0971,183.9472
338024,0.5986,0.3983,0.4369,0.4,0.2794,-49.3223,184.5476
338124,0.5985,0.3979,0.4338,0.4023,-1.1685,-49.7394,185.5842
338224,0.5986,0.3971,0.4318,0.4049,0.4635,-49.2883,184.4194
338324,0.5986,0.3968,0.4316,0.4081,-1.1598,-49.6596,185.794
338424,0.5985,0.3963,0.432,0.4099,0.5529,-49.2919,184.5685
338524,0.5988,0.396,0.4316,0.4104,-1.219,-49.6005,185.9799
338624,0.5955,0.3954,0.4323,0.4104,0.4564,-49.3191,184.7067
338724,0.5936,0.395,0.4314,0.4108,-1.2344,-49.5996,186.1324
338824,0.5933,0.3945,0.4299,0.4135,0.563,-49.5227,184.7023
338924,0.5923,0.3943,0.4271,0.4236,-1.0628,-49.6585,185.937
339024,0.5916,0.3946,0.4239,0.4281,0.6463,-49.4651,184.5737
339124,0.5929,0.3946,0.4248,0.4273,-0.9597,-49.1801,185.7274
339224,0.5941,0.3943,0.425,0.4165,0.4353,-49.1442,184.6572
339324,0.595,0.394,0.4281,0.412,-0.8355,-49.5222,185.5474
339424,0.5955,0.3941,0.4289,0.4099,0.7381,-49.2658,184.4177
339524,0.5938,0.394,0.4311,0.4085,-0.9292,-49.5579,185.6839
339624,0.5916,0.3938,0.4325,0.4089,0.7395,-49.2655,184.4167
339724,0.5909,0.3936,0.4336,0.4104,-0.9278,-49.5578,185.6828
339824,0.5906,0.3936,0.4346,0.4108,0.7408,-49.2652,184.4156
339924,0.5908,0.3935,0.434,0.413,-0.9301,-49.7572,185.6848
340024,0.591,0.3934,0.4335,0.4158,0.3641,-49.5101,184.7666
340124,0.5905,0.3931,0.4329,0.418,-1.1706,-49.4374,186.073
340224,0.5885,0.3933,0.4349,0.4206,0.5896,-49.6747,184.7374
340324,0.5874,0.3939,0.4339,0.4238,-0.8323,-49.3577,185.8819
340424,0.5889,0.394,0.4328,0.4231,0.9216,-49.4366,184.5501
340524,0.5913,0.3943,0.432,0.426,-0.9493,-49.3568,186.0357
340624,0.5909,0.3941,0.4316,0.4256,0.806,-49.4278,184.7031
340724,0.5899,0.394,0.4305,0.4251,-0.9477,-49.2567,186.0344
340824,0.5889,0.3938,0.4299,0.4248,0.7466,-49.5043,184.7484
340924,0.5885,0.3936,0.4296,0.425,-1.0487,-49.2557,186.0349
341024,0.5888,0.3936,0.43,0.4253,0.6577,-49.5825,184.7401
341124,0.59,0.3938,0.4299,0.4253,-0.8864,-49.1423,185.9119
341224,0.5901,0.3936,0.4295,0.4256,0.5387,-49.5825,184.8956
341324,0.5909,0.3939,0.4296,0.4258,-0.9253,-49.0734,186.006
341424,0.5914,0.3939,0.429,0.4263,0.536,-49.5816,184.8977
341524,0.5925,0.394,0.4293,0.4266,-0.9278,-49.0723,186.0079
341624,0.5934,0.394,0.4284,0.4269,0.4166,-49.581,185.0535
341724,0.5924,0.3941,0.4281,0.4258,-0.9226,-49.0852,186.0689
341824,0.5903,0.3943,0.4279,0.4258,0.5541,-49.5814,184.9488
341924,0.589,0.3935,0.4286,0.4258,-0.925,-49.0842,186.0707
342024,0.5884,0.3933,0.4291,0.4251,0.5514,-49.5806,184.9508
342124,0.5886,0.3934,0.4295,0.4256,-0.9275,-49.0832,186.0726
342224,0.5895,0.3933,0.4298,0.4253,0.4321,-49.5801,185.1066
342324,0.5903,0.3933,0.4296,0.4253,-0.9284,-48.9983,186.1379
342424,0.5913,0.3934,0.4299,0.4251,0.4289,-49.5788,185.1091
342524,0.5918,0.3933,0.4296,0.425,-0.9312,-48.9968,186.14
342624,0.5928,0.3934,0.43,0.4249,0.4256,-49.5776,185.1115
342724,0.5933,0.3934,0.4294,0.424,-0.9341,-48.9953,186.1422
342824,0.5928,0.3936,0.429,0.4226,0.4223,-49.5763,185.114
342924,0.5904,0.3934,0.4294,0.4216,-0.937,-48.9938,186.1443
343024,0.5894,0.3933,0.4305,0.4216,0.4353,-49.5754,184.9637
343124,0.5888,0.393,0.4306,0.4198,-0.943,-49.0051,186.0085
343224,0.5885,0.3926,0.4211,0.4278,0.5343,-49.7729,184.9643
343324,0.5905,0.3914,0.4053,0.4379,-0.4212,-48.7341,185.9084
343424,0.596,0.3921,0.3996,0.4235,-1.0581,-49.8946,186.2723
343524,0.606,0.3938,0.4061,0.409,0.2609,-48.9798,185.1251
343624,0.6111,0.3955,0.4039,0.4069,-0.5846,-49.8445,185.5422
343724,0.6133,0.3966,0.399,0.4073,0.301,-49.0866,184.7922
343824,0.6181,0.3963,0.3928,0.4066,-0.6978,-50.2957,185.4023
343924,0.6328,0.396,0.3926,0.4044,-0.358,-49.6508,185.0531
344024,0.6358,0.3961,0.3935,0.4011,0.6812,-49.1111,184.265
344124,0.6356,0.3968,0.3955,0.396,-0.9087,-49.7803,185.4623
344224,0.6264,0.3995,0.4073,0.3939,-0.0943,-49.1023,184.8836
344324,0.6196,0.3996,0.4143,0.3951,-0.1235,-49.9993,184.8207
344424,0.6181,0.3999,0.4195,0.3944,-0.137,-48.9894,184.6766
344524,0.617,0.4001,0.4189,0.3944,-0.0344,-49.886,184.4487
344624,0.6171,0.4006,0.4126,0.3965,0.1464,-49.0718,184.2464
344724,0.6065,0.4,0.4266,0.3973,-0.056,-50.4546,184.5503
344824,0.6005,0.3974,0.4328,0.398,-0.0279,-50.0463,184.6707
344924,0.5963,0.3964,0.4398,0.3978,0.2454,-49.1319,184.3334
345024,0.5948,0.3958,0.4449,0.398,-0.0483,-49.9519,184.2965
345124,0.5933,0.3949,0.4454,0.3996,0.5778,-48.8352,183.7809
345224,0.5925,0.3944,0.4413,0.4013,-0.2359,-49.7383,184.2567
345324,0.5926,0.3941,0.4365,0.4029,0.4557,-48.8753,183.809
345424,0.5935,0.394,0.4338,0.404,-0.272,-49.7048,184.3607
345524,0.5931,0.3939,0.4296,0.406,0.4589,-48.8713,183.8066
345624,0.5933,0.3938,0.4271,0.4088,-0.2846,-49.7011,184.5106
345724,0.5906,0.3935,0.4254,0.4111,0.4817,-48.8762,183.9296
345824,0.5889,0.3931,0.4226,0.4124,-0.281,-49.6973,184.5078
345924,0.5876,0.3933,0.4214,0.4101,0.3889,-49.2748,183.9231
346024,0.5864,0.393,0.4186,0.4146,-1.0278,-50.1432,185.0775
346124,0.5868,0.393,0.4076,0.4056,-0.2412,-49.7012,184.6079
346224,0.591,0.3938,0.3973,0.3968,-0.0383,-49.0549,184.7146
346324,0.5914,0.3945,0.3948,0.3925,0.0468,-49.9628,184.7901
346424,0.5864,0.395,0.402,0.3914,-0.0285,-49.1494,184.8474
346524,0.5836,0.3946,0.4168,0.3916,0.6521,-49.2585,184.0068
346624,0.5808,0.3938,0.4346,0.4003,-1.0406,-49.3014,184.935
346724,0.5778,0.393,0.4408,0.412,0.9603,-49.4561,183.0041
346824,0.5816,0.3931,0.4374,0.4279,-0.6684,-49.1457,184.1761
346924,0.5923,0.3924,0.4313,0.4323,0.9668,-49.1783,182.9453
347024,0.5993,0.3916,0.4288,0.425,-0.6102,-48.9417,183.8617
347124,0.601,0.3918,0.4288,0.4151,0.1793,-49.6896,183.2534
347224,0.5935,0.3924,0.432,0.4148,-0.5731,-49.3179,183.8129
347324,0.5896,0.3928,0.4355,0.417,1.0387,-49.9484,182.5116
347424,0.5874,0.3928,0.4355,0.4234,-0.3123,-49.797,183.6035
347524,0.5884,0.3933,0.4356,0.4235,0.4625,-48.9475,182.9505
347624,0.5903,0.3933,0.4359,0.4265,-0.368,-49.7504,183.5806
347724,0.5914,0.3933,0.4336,0.429,0.466,-48.9439,182.9478
347824,0.5901,0.3933,0.4326,0.4286,-0.3642,-49.7469,183.5777
347924,0.5879,0.3933,0.4325,0.4284,0.4694,-48.9403,182.9452
348024,0.5869,0.3933,0.432,0.4273,-0.3603,-49.7434,183.5747
348124,0.5869,0.3933,0.4315,0.4253,0.3732,-48.937,182.9415
348224,0.5874,0.393,0.4311,0.4239,-0.311,-49.7759,183.4608
348324,0.5881,0.393,0.4308,0.4226,0.3763,-48.9328,182.9392
348424,0.5889,0.3929,0.4301,0.4224,-0.3075,-49.7719,183.4581
348524,0.59,0.3931,0.4301,0.4224,0.2798,-48.929,182.9357
348624,0.5908,0.3933,0.43,0.4226,-0.2427,-49.7984,183.3322
348724,0.5916,0.3931,0.4296,0.4226,0.2824,-48.9243,182.9337
348824,0.5924,0.3933,0.4296,0.4229,-0.2403,-49.8932,183.3303
348924,0.5931,0.3933,0.4284,0.4234,0.1873,-49.0055,183.0054
349024,0.5908,0.3931,0.4288,0.4224,-0.3382,-49.8883,183.3296
349124,0.5898,0.393,0.4285,0.4228,0.2522,-49.0261,182.881
349224,0.5885,0.3928,0.4284,0.4229,-0.2173,-49.7847,183.1726
349324,0.5884,0.3926,0.4289,0.4224,0.1727,-48.9052,182.7999
349424,0.5889,0.3926,0.4289,0.4219,-0.1435,-49.8009,183.0398
349524,0.5898,0.3928,0.4288,0.4218,0.1744,-48.9002,182.7986
349624,0.5905,0.3928,0.4288,0.4213,-0.1416,-49.7959,183.0384
349724,0.5914,0.3928,0.4291,0.4216,0.1761,-48.8951,182.7973
349824,0.5924,0.3929,0.4295,0.4218,-0.2401,-49.7907,183.0382
349924,0.5931,0.3928,0.43,0.4216,0.289,-48.9173,182.6367
350024,0.5943,0.393,0.4299,0.4225,-0.2372,-49.7862,183.0359
350124,0.5936,0.393,0.4294,0.4219,0.2916,-48.9127,182.6347
350224,0.5914,0.3929,0.4296,0.4215,-0.2343,-49.7816,183.0337
350324,0.5903,0.3926,0.43,0.4234,0.2942,-48.908,182.6328
350424,0.5916,0.3918,0.4109,0.4366,-0.0291,-49.181,183.0289
350524,0.595,0.3909,0.3919,0.4241,-0.2737,-49.6888,183.5497
350624,0.6034,0.3916,0.399,0.4136,0.3036,-48.161,182.8171
350724,0.6098,0.392,0.3836,0.4169,0.1107,-46.8397,182.8859
350824,0.6163,0.3925,0.3739,0.4171,-0.145,-45.2072,182.9241
350924,0.621,0.3931,0.3713,0.4143,-0.2121,-45.7436,182.76
351024,0.6234,0.3941,0.3754,0.4081,-0.149,-44.82,182.5711
351124,0.6256,0.3951,0.3795,0.403,-0.3211,-45.7564,182.5533
351224,0.6269,0.396,0.3856,0.3988,-0.3364,-44.8472,182.4181
351324,0.624,0.3963,0.3935,0.3964,0.7429,-45.4202,181.6535
351424,0.6228,0.3963,0.3999,0.3949,-0.8126,-44.8606,182.7532
351524,0.6213,0.3965,0.4085,0.3925,0.543,-45.1228,181.795
351624,0.617,0.3966,0.4241,0.3909,0.5384,-46.4523,181.7255
351724,0.6168,0.3971,0.4334,0.3909,0.2768,-47.4737,181.8441
351824,0.6191,0.397,0.434,0.3926,0.0635,-46.2492,182.0687
351924,0.619,0.3969,0.4371,0.3931,-0.1669,-47.0769,182.3738
352024,0.6199,0.3973,0.4394,0.393,-0.0115,-47.998,182.4725
352124,0.6191,0.3964,0.4324,0.3946,-0.1165,-46.9757,182.6172
352224,0.6163,0.3955,0.443,0.3943,0.1274,-48.2958,182.5829
352324,0.6189,0.3954,0.4425,0.3941,0.5034,-47.8789,182.4608
352424,0.6196,0.3955,0.4425,0.3956,0.424,-49.18,182.5249
352524,0.6164,0.395,0.444,0.3978,-0.5189,-50.2173,183.3278
352624,0.6126,0.3944,0.4468,0.3995,0.2842,-49.3499,182.4442
352724,0.6083,0.3938,0.4478,0.4013,-1.1929,-49.6269,183.7187
352824,0.6059,0.3935,0.4481,0.4026,0.5567,-49.3065,182.4652
352924,0.6021,0.3931,0.4528,0.4038,-1.1204,-49.3758,183.7388
353024,0.5985,0.3926,0.4525,0.4036,0.6559,-49.4069,182.2492
353124,0.5958,0.3921,0.448,0.4051,-1.1039,-49.3761,183.5852
353224,0.5946,0.3918,0.4453,0.406,0.5392,-49.4073,182.4029
353324,0.5948,0.3916,0.4426,0.4071,-1.2201,-49.3694,183.7385
353424,0.5959,0.3914,0.4406,0.4094,0.5391,-49.4073,182.403
353524,0.5966,0.3914,0.4374,0.4148,-1.1275,-49.6702,183.7451
353624,0.5973,0.3915,0.4309,0.419,0.5698,-49.582,182.5324
353724,0.5964,0.3915,0.4266,0.4264,-0.8287,-49.5956,183.6704
353824,0.5995,0.3914,0.4246,0.4285,0.6677,-49.2099,182.4577
353924,0.5994,0.3909,0.4256,0.4229,-1.1757,-49.2393,183.6303
354024,0.5996,0.3909,0.4284,0.414,0.4275,-49.267,182.3373
354124,0.5981,0.3905,0.4305,0.4121,-1.0936,-49.7246,183.494
354224,0.597,0.3906,0.4324,0.4123,0.4308,-49.3665,182.3352
354324,0.5965,0.3904,0.4329,0.4143,-1.317,-49.5859,183.6633
354424,0.5965,0.3904,0.4323,0.4153,0.4977,-49.4414,182.2197
354524,0.5966,0.3906,0.4323,0.4155,-1.2391,-49.3823,183.5381
354624,0.5973,0.3905,0.431,0.4153,0.5212,-49.4014,182.2016
354724,0.5981,0.3906,0.431,0.4156,-1.2391,-49.3823,183.5381
354824,0.5989,0.3908,0.4313,0.4151,0.5212,-49.4014,182.2016
354924,0.5998,0.391,0.4309,0.4146,-1.3558,-49.3807,183.6917
355024,0.5988,0.391,0.4315,0.412,0.2879,-49.4007,182.509
355124,0.5969,0.391,0.4321,0.4113,-1.4722,-49.3761,183.8452
355224,0.5955,0.391,0.4321,0.4114,0.1878,-49.4015,182.509
355324,0.5954,0.3909,0.4323,0.4139,-1.5713,-49.3618,183.8444
355424,0.5951,0.391,0.4328,0.4138,0.1881,-49.5015,182.5096
355524,0.5949,0.391,0.432,0.4131,-1.1313,-48.93,183.5737
355624,0.5928,0.3914,0.4298,0.4156,0.2332,-50.4935,182.6862
355724,0.5896,0.3918,0.4304,0.4185,-0.0794,-49.5877,182.9898
355824,0.5909,0.392,0.4298,0.419,0.289,-48.2889,182.7117
355924,0.5925,0.3919,0.4268,0.4211,0.0539,-49.0957,182.8886
356024,0.5939,0.392,0.4255,0.4213,-0.3265,-49.9011,183.1679
356124,0.5944,0.392,0.4243,0.4211,0.2488,-48.9329,182.5888
356224,0.5909,0.3919,0.424,0.4214,-0.3231,-49.6108,182.9479
356324,0.5889,0.3916,0.4234,0.4221,0.6444,-48.889,182.28
356424,0.5883,0.3915,0.4234,0.4225,-0.3415,-49.7496,183.1674
356524,0.5884,0.3915,0.4241,0.4221,0.5624,-48.9299,182.4167
356624,0.5889,0.3915,0.4251,0.4221,-0.3717,-49.7021,183.1251
356724,0.5898,0.3915,0.426,0.4218,0.5671,-49.0272,182.4131
356824,0.5905,0.3914,0.4273,0.4218,-0.5311,-49.7388,183.2467
356924,0.5915,0.3915,0.4281,0.4218,0.4544,-49.0252,182.5636
357024,0.5928,0.3915,0.4291,0.4219,-0.6073,-49.7926,183.435
357124,0.5935,0.3914,0.4296,0.4236,0.3702,-49.0759,182.7573
357224,0.5921,0.391,0.4151,0.4364,0.0523,-50.1549,182.6724
357324,0.5879,0.3906,0.4091,0.4228,-0.0656,-49.443,183.1874
357424,0.5878,0.39,0.416,0.4074,0.1451,-47.9098,182.8429
357524,0.592,0.3899,0.4281,0.4033,-0.1434,-48.4278,182.911
357624,0.595,0.389,0.4371,0.4029,-0.2376,-49.1391,183.1134
357724,0.6031,0.3906,0.4246,0.4066,0.3067,-50.1585,182.6889
357824,0.6113,0.3934,0.4129,0.4059,-0.3688,-49.0626,183.1142
357924,0.6151,0.3945,0.4068,0.4045,0.1728,-49.8526,182.7578
358024,0.619,0.3959,0.4021,0.4018,-0.3489,-49.0548,182.8585
358124,0.6193,0.3969,0.4053,0.3988,0.3759,-49.8589,182.2325
358224,0.619,0.3975,0.4195,0.3971,-0.6354,-48.7122,183.0532
358324,0.6199,0.3978,0.4216,0.3955,-0.2056,-49.8321,182.7861
358424,0.6184,0.3978,0.4246,0.3944,-0.2365,-48.9424,182.9274
358524,0.6154,0.398,0.4379,0.3929,0.1225,-49.7219,182.5798
358624,0.6145,0.3981,0.4405,0.3921,-0.2303,-48.8224,182.989
358724,0.6145,0.3983,0.4358,0.393,0.2456,-49.8135,182.5629
358824,0.6153,0.3983,0.4325,0.3938,-0.1514,-48.9378,182.7993
358924,0.615,0.3984,0.4223,0.3946,0.2476,-50.1331,182.5712
359024,0.6146,0.3979,0.4195,0.3951,-0.1722,-49.2329,182.9558
359124,0.6135,0.3978,0.4249,0.3939,0.7866,-49.9302,182.1607
359224,0.6115,0.3959,0.438,0.3959,-0.1847,-49.7065,182.9752
359324,0.6213,0.3946,0.4373,0.3968,0.4176,-48.831,182.7373
359424,0.6216,0.3941,0.4378,0.3976,0.1369,-49.6813,182.7536
359524,0.617,0.3938,0.4433,0.3989,0.3909,-48.8914,182.3121
359624,0.6181,0.3939,0.4449,0.3999,0.3354,-49.8339,181.8866
359724,0.619,0.3935,0.4445,0.4004,-0.0812,-48.9832,182.0732
359824,0.6166,0.3933,0.4444,0.4015,0.2169,-50.2858,181.7812
359924,0.6104,0.3929,0.4455,0.4029,0.0953,-49.3804,181.9515
360024,0.6059,0.3924,0.4433,0.4045,-1.558,-49.4828,183.2077
360124,0.6024,0.3918,0.4409,0.405,0.0761,-49.2861,182.0305
360224,0.6005,0.3916,0.4404,0.4048,-0.7492,-50.14,182.7898
360324,0.5998,0.3914,0.4389,0.4061,0.0669,-49.3309,182.167
360424,0.5993,0.3906,0.4379,0.4073,-0.626,-50.1373,182.6309
360524,0.5978,0.3906,0.4338,0.4068,0.1972,-48.9992,181.9377
360624,0.5976,0.3904,0.4339,0.4054,-0.2429,-49.9797,182.2721
360724,0.5984,0.3903,0.4333,0.4046,0.1286,-49.1862,181.9895
360824,0.5991,0.3899,0.4318,0.4049,-0.5215,-50.0518,182.5497
360924,0.6014,0.3896,0.4328,0.4013,0.0498,-49.0061,182.0368
361024,0.6019,0.3894,0.4329,0.4015,-0.2669,-49.8144,182.1273
361124,0.5991,0.3895,0.4338,0.4018,0.1858,-48.9452,181.7068
361224,0.5966,0.389,0.4333,0.4015,-0.1824,-49.8353,181.9864
361324,0.596,0.389,0.4334,0.4015,0.2038,-48.8396,181.5515
361424,0.5959,0.389,0.4338,0.4021,-0.1247,-49.7345,181.8005
361524,0.5954,0.3893,0.4339,0.4028,0.2059,-48.9352,181.5498
361624,0.5959,0.3893,0.4336,0.4044,-0.1921,-49.9213,181.8519
361724,0.5959,0.3893,0.434,0.4065,0.1364,-49.3241,181.6023
361824,0.5944,0.3898,0.4333,0.4039,-1.0929,-50.2761,182.5409
361924,0.5928,0.3903,0.4351,0.4115,-0.138,-50.013,181.8139
362024,0.5909,0.3906,0.4351,0.4145,0.0649,-49.2053,181.6595
362124,0.5924,0.391,0.4368,0.4158,-0.2395,-50.0007,181.8914
362224,0.594,0.3911,0.4363,0.4193,0.1139,-48.8031,181.6223
362324,0.592,0.3909,0.4355,0.4189,-0.1609,-49.7096,181.7557
362424,0.5908,0.3905,0.4343,0.4184,0.291,-48.7235,181.4133
362524,0.5905,0.3906,0.4336,0.4189,-0.0784,-49.5135,181.5527
362624,0.5906,0.3904,0.434,0.4195,0.5028,-48.6473,181.1134
362724,0.5911,0.3904,0.434,0.4205,-0.0753,-49.5091,181.5503
362824,0.592,0.3908,0.4339,0.4208,0.5043,-48.5422,181.1126
362924,0.5928,0.3903,0.4331,0.4214,-0.1253,-49.4154,181.6535
363024,0.5936,0.3906,0.433,0.4223,1.5738,-49.1739,180.3654
363124,0.5945,0.3906,0.4328,0.4219,-0.1242,-49.4153,181.6526
363224,0.5954,0.3906,0.4326,0.4221,1.5747,-49.1735,180.3647
363324,0.5963,0.3908,0.4324,0.4223,-0.2232,-49.4144,181.6521
363424,0.5963,0.3906,0.4318,0.422,1.4155,-49.1792,180.3335
363524,0.5935,0.3904,0.4318,0.421,-0.3726,-49.4378,181.6138
363624,0.592,0.3903,0.4316,0.4213,1.3493,-49.2455,180.3075
363724,0.5913,0.39,0.4314,0.4214,-0.2723,-49.5384,181.6128
363824,0.5914,0.3901,0.432,0.4215,0.9698,-48.8885,180.6723
363924,0.5921,0.3903,0.4329,0.4218,-0.0364,-49.5363,181.3032
364024,0.5931,0.3901,0.4328,0.4223,0.085,-48.6273,181.2767
364124,0.5941,0.39,0.4325,0.4223,-0.1314,-49.5379,181.5059
364224,0.5953,0.3901,0.4325,0.4223,0.5196,-48.7126,181.0789
364324,0.5963,0.3901,0.4315,0.4228,-0.1253,-49.4618,181.5669
364424,0.5986,0.3901,0.4276,0.4223,1.1222,-48.6156,180.6245
364524,0.6003,0.3901,0.4234,0.4203,-0.0427,-49.3495,181.5693
364624,0.5986,0.3899,0.4226,0.4163,0.4702,-50.1758,181.167
364724,0.5968,0.3893,0.4208,0.4181,-0.1732,-49.2037,181.7226
364824,0.6026,0.3901,0.4035,0.417,0.3341,-50.0285,181.4661
364924,0.6118,0.3919,0.3953,0.411,-0.6642,-49.1451,182.1243
365024,0.6196,0.3933,0.3834,0.4084,0.6621,-49.8805,181.0416
365124,0.6368,0.392,0.3686,0.4063,-0.661,-49.7358,181.8173
365224,0.6444,0.3933,0.3638,0.4026,0.2929,-49.4943,180.8638
365324,0.6628,0.3916,0.3635,0.3996,-1.6291,-49.2941,182.2998
365424,0.6544,0.3915,0.3678,0.3945,-0.3166,-49.7049,181.2861
365524,0.634,0.3928,0.377,0.3906,0.1937,-48.8969,180.8108
365624,0.5916,0.3945,0.3928,0.3899,-0.6846,-49.4896,181.3823
365724,0.5663,0.3965,0.4013,0.3918,0.8961,-48.9555,180.248
365824,0.5951,0.3981,0.4088,0.3918,-0.6625,-49.1826,181.0638
365924,0.6003,0.3995,0.4218,0.3919,0.7412,-49.1643,179.7818
366024,0.6038,0.4004,0.4214,0.3924,-0.8657,-49.5334,180.9264
366124,0.6049,0.4006,0.4085,0.3944,0.9211,-49.4641,179.6459
366224,0.6034,0.4021,0.4086,0.394,-0.7404,-49.4345,181.1245
366324,0.5983,0.3999,0.4244,0.3931,0.9324,-49.5421,179.6372
366424,0.5986,0.398,0.4314,0.394,-0.8693,-49.2757,181.0705
366524,0.5989,0.3968,0.429,0.395,0.8305,-49.4096,179.78
366624,0.5978,0.3965,0.4288,0.397,-0.8294,-49.3798,181.1161
366724,0.5959,0.3961,0.4336,0.3986,1.2468,-49.4097,179.6265
366824,0.5943,0.3958,0.4369,0.4009,-0.1964,-49.2915,180.8098
366924,0.5938,0.3951,0.44,0.4025,1.1439,-49.9437,179.7238
367024,0.5944,0.3946,0.4385,0.4044,-0.0336,-49.3244,180.5564
367124,0.5938,0.3945,0.4359,0.4054,0.3747,-50.3067,180.2445
367224,0.5939,0.3943,0.4341,0.4074,0.0065,-49.6155,180.5256
367324,0.594,0.3939,0.433,0.4104,0.0948,-48.6987,180.3936
367424,0.5925,0.3934,0.4293,0.4151,-0.029,-49.8069,180.4872
367524,0.5906,0.393,0.426,0.4124,0.1352,-48.9923,180.4394
367624,0.5901,0.3928,0.4223,0.4225,-0.1666,-49.9882,180.6686
367724,0.591,0.3915,0.419,0.426,0.2883,-49.4853,180.4764
367824,0.5906,0.3914,0.4225,0.4245,-1.3237,-48.9167,181.6208
367924,0.593,0.3918,0.4274,0.4171,-0.0822,-49.1427,180.5287
368024,0.5956,0.392,0.4289,0.4109,0.0087,-49.8404,180.309
368124,0.5961,0.3924,0.43,0.4093,-0.1088,-48.9248,180.3212
368224,0.596,0.3926,0.4294,0.408,0.1006,-49.8287,180.1623
368324,0.5931,0.3923,0.4304,0.4073,-0.2261,-48.9194,180.4752
368424,0.591,0.3923,0.4298,0.4081,0.0778,-49.8035,180.3099
368524,0.5888,0.3919,0.4293,0.4096,-0.2131,-49.1938,180.5957
368624,0.5864,0.3919,0.432,0.4131,0.6534,-50.3891,179.7946
368724,0.5834,0.392,0.4314,0.4174,0.0834,-49.8282,180.2298
368824,0.584,0.3923,0.4344,0.4185,-0.191,-48.8165,180.3611
368924,0.5848,0.3925,0.434,0.4221,0.1056,-49.7145,180.1363
369024,0.5865,0.3925,0.4324,0.4209,-0.3069,-48.6099,180.5138
369124,0.5879,0.3925,0.4326,0.4198,0.0419,-49.5042,180.2503
369224,0.5908,0.3923,0.4338,0.414,-0.3067,-48.3031,180.5131
369324,0.5986,0.3926,0.437,0.4104,-0.1533,-48.5122,180.3217
369424,0.6006,0.3934,0.4398,0.4071,-0.0963,-49.4214,180.2042
369524,0.5919,0.3925,0.44,0.4118,1.6135,-50.1332,179.1173
369624,0.5861,0.3908,0.4403,0.4174,0.4928,-50.1367,180.1209
369724,0.5838,0.3903,0.4405,0.4201,-0.201,-49.5751,180.7141
369824,0.582,0.3906,0.4405,0.4195,0.4847,-48.5829,180.0424
369924,0.583,0.3916,0.4391,0.4186,-0.0341,-49.3557,180.4343
370024,0.5851,0.392,0.4385,0.4171,0.639,-49.7951,179.9218
370124,0.5871,0.3924,0.439,0.4141,-0.5837,-48.9897,180.774
370224,0.5884,0.3924,0.439,0.4134,0.4686,-49.7198,179.9756
370324,0.5896,0.3925,0.4378,0.4131,-0.5873,-48.987,180.7767
370424,0.5904,0.3925,0.4365,0.413,0.3478,-49.7176,180.1326
370524,0.5895,0.3924,0.4369,0.4128,-0.6287,-48.9178,180.9381
370624,0.5876,0.3924,0.4369,0.4121,0.2465,-49.6707,180.34
370724,0.5864,0.3923,0.4361,0.411,-0.3805,-48.8403,180.7499
370824,0.5861,0.3919,0.4361,0.41,0.2086,-49.6989,180.3035
370924,0.5863,0.3918,0.4363,0.4095,-0.384,-48.9364,180.7527
371024,0.5868,0.3915,0.4361,0.4084,0.3162,-49.7718,180.2214
371124,0.5875,0.3911,0.435,0.4064,-0.5034,-48.9318,180.9082
371224,0.5884,0.3908,0.4343,0.4053,0.3598,-49.7256,180.2535
371324,0.5893,0.3904,0.4333,0.4033,-0.5069,-48.9283,180.9108
371424,0.5903,0.3903,0.4329,0.4053,0.3559,-49.7222,180.2565
371524,0.591,0.3903,0.4329,0.4075,-0.6101,-48.9244,180.9124
371624,0.5909,0.3904,0.433,0.4089,0.4864,-49.581,180.0156
371724,0.5888,0.3904,0.4329,0.4074,-1.0269,-48.7371,181.0858
371824,0.5898,0.39,0.4339,0.4076,-0.1223,-49.0506,180.2498
371924,0.5899,0.39,0.4361,0.4086,0.1958,-49.945,180.0079
372024,0.5899,0.3899,0.4364,0.41,-0.1241,-49.0454,180.2511
372124,0.5905,0.39,0.4373,0.4113,0.1938,-49.94,180.0094
372224,0.5909,0.39,0.4374,0.4115,-0.1258,-49.0403,180.2524
372324,0.5918,0.3899,0.4286,0.4124,0.1919,-49.9349,180.0108
372424,0.5929,0.3889,0.4118,0.422,-0.1278,-49.1358,180.2539
372524,0.5963,0.3888,0.3974,0.4168,-0.2846,-50.2148,180.6989
372624,0.6013,0.3906,0.4018,0.4034,-0.189,-49.2155,180.6128
372724,0.6048,0.3923,0.3994,0.4018,0.4484,-50.0153,179.9767
372824,0.6075,0.3939,0.3903,0.4009,-0.5032,-49.0579,180.7533
372924,0.6124,0.3951,0.384,0.3991,0.4727,-49.7787,179.937
373024,0.6244,0.3954,0.3814,0.3971,-0.6779,-49.2077,180.6573
373124,0.6378,0.3951,0.3791,0.3951,0.5587,-49.7385,179.6322
373224,0.642,0.3961,0.3799,0.3935,-0.9948,-49.1372,180.6468
373324,0.6439,0.3968,0.3801,0.3935,0.1293,-49.8455,179.9157
373424,0.6445,0.397,0.383,0.392,-0.6784,-48.938,180.5698
373524,0.6439,0.3979,0.3875,0.3906,-0.0394,-49.4622,180.0652
373624,0.6345,0.3988,0.3995,0.3898,0.2914,-48.3863,179.6628
373724,0.6236,0.4,0.4101,0.389,-0.0683,-48.8924,179.8598
373824,0.6181,0.4009,0.4189,0.3889,-0.0451,-49.3036,179.767
373924,0.6151,0.4016,0.4225,0.3885,0.3983,-50.184,179.2884
374024,0.6149,0.4019,0.4206,0.3888,-0.0486,-49.3006,179.6295
374124,0.6153,0.4023,0.417,0.3893,0.2768,-50.1795,179.446
374224,0.6159,0.4024,0.4139,0.3896,-0.0408,-49.2811,179.6883
374324,0.6155,0.4028,0.4144,0.3894,0.2752,-50.2737,179.4471
374424,0.6126,0.4021,0.418,0.389,-0.1076,-49.3727,179.6622
374524,0.6099,0.4004,0.4275,0.3889,1.501,-49.8444,178.4371
374624,0.6119,0.3985,0.4344,0.389,0.1907,-49.3903,179.4472
374724,0.6145,0.3975,0.4355,0.3899,-1.4457,-49.3563,180.6244
374824,0.617,0.3969,0.4376,0.3916,0.3124,-49.4052,179.2898
374924,0.6158,0.396,0.44,0.3931,-1.1128,-49.3603,180.3175
375024,0.6148,0.3958,0.4435,0.3958,0.8612,-49.4143,178.8296
375124,0.6124,0.3951,0.4451,0.3956,-0.798,-49.3759,180.1654
375224,0.6066,0.3943,0.4445,0.3965,-0.507,-48.47,179.8805
375324,0.6021,0.3936,0.4413,0.3976,0.0727,-49.4482,179.5183
375424,0.5999,0.3931,0.4386,0.3988,-0.8695,-48.8151,180.1654
375524,0.599,0.3925,0.4374,0.4001,-0.0232,-49.635,179.6566
375624,0.5996,0.3921,0.4354,0.4021,-0.0503,-48.9205,179.7423
375724,0.6,0.3918,0.4343,0.405,0.0463,-50.0282,179.6689
375824,0.5999,0.3913,0.4324,0.4033,-0.1375,-49.1143,179.8735
375924,0.6,0.3914,0.4294,0.3999,0.1768,-49.9959,179.6994
376024,0.6001,0.3915,0.4286,0.4006,-0.089,-49.0919,179.9017
376124,0.5998,0.3914,0.4318,0.4038,0.1751,-49.9908,179.7007
376224,0.5954,0.3913,0.4344,0.4053,-0.0905,-49.0867,179.9028
376324,0.5934,0.391,0.4351,0.4038,0.0558,-49.8863,179.8565
376424,0.5939,0.3911,0.4353,0.4021,0.084,-48.6707,179.6288
376524,0.5948,0.3909,0.4363,0.4013,-0.0214,-49.5809,179.7085
376624,0.5963,0.3913,0.4356,0.4008,0.0845,-48.6653,179.6284
376724,0.5964,0.3911,0.4354,0.4011,-0.1367,-49.5755,179.8613
376824,0.5966,0.391,0.4349,0.4021,0.3965,-48.7234,179.5232
376924,0.596,0.3908,0.4348,0.4033,-0.118,-49.6949,179.9123
377024,0.5954,0.3911,0.4351,0.4041,0.2351,-48.797,179.6448
377124,0.595,0.3911,0.4346,0.4068,-0.116,-49.6899,179.9107
377224,0.5945,0.3914,0.4374,0.4098,0.3525,-48.7916,179.4908
377324,0.5933,0.3913,0.4376,0.4131,-0.157,-49.6639,179.8767
377424,0.5911,0.3909,0.436,0.4134,0.355,-48.787,179.4889
377524,0.5899,0.391,0.4354,0.4128,-0.2545,-49.6591,179.8757
377624,0.5895,0.3909,0.435,0.4136,0.4191,-48.8405,179.4305
377724,0.5896,0.3908,0.4348,0.4141,-0.2223,-49.689,179.9165
377824,0.5901,0.3906,0.4343,0.4126,0.422,-48.8362,179.4282
377924,0.5908,0.3904,0.4339,0.4115,-0.219,-49.6848,179.9139
378024,0.5916,0.3905,0.4335,0.4106,0.425,-48.8319,179.426
378124,0.5926,0.3906,0.434,0.4108,-0.2156,-49.6806,179.9114
378224,0.5935,0.3908,0.4335,0.4106,0.428,-48.8276,179.4238
378324,0.5943,0.391,0.4333,0.4108,-0.328,-49.5768,180.062
378424,0.5944,0.3909,0.4326,0.4096,0.8794,-48.9095,179.1474
378524,0.5916,0.3908,0.4329,0.4086,-0.4245,-49.5743,180.06
378624,0.59,0.3904,0.4324,0.4083,0.9438,-48.9974,179.0229
378724,0.5899,0.3904,0.432,0.4083,-0.4221,-49.6727,180.0579
378824,0.5898,0.39,0.4326,0.4073,0.6858,-48.9537,179.0762
378924,0.5905,0.39,0.4324,0.4071,-0.4175,-49.6636,179.9128
379024,0.5915,0.3901,0.4328,0.4065,0.5733,-48.9518,179.2265
379124,0.5926,0.39,0.4319,0.4073,-0.4054,-49.6091,179.969
379224,0.5939,0.3899,0.432,0.4095,0.8309,-48.9566,179.0319
379324,0.5946,0.3901,0.4323,0.4104,-0.4017,-49.6073,179.9662
379424,0.595,0.3901,0.4323,0.41,0.8342,-48.9546,179.0294
379524,0.5958,0.3904,0.4316,0.4111,-0.5145,-49.6052,180.1171
379624,0.5934,0.3903,0.432,0.4103,0.7691,-48.9397,179.0672
379724,0.5921,0.3901,0.4313,0.4101,-0.506,-49.6255,180.0991
379824,0.5919,0.3898,0.4313,0.4103,0.7174,-48.9222,179.0949
379924,0.5919,0.3899,0.4315,0.4105,-0.3699,-49.6389,179.9189
380024,0.5928,0.3896,0.4314,0.4121,0.7209,-48.9196,179.0922
380124,0.5936,0.3899,0.4288,0.4151,-0.5826,-49.6356,180.0706
380224,0.5943,0.3895,0.4268,0.4151,0.68,-49.0667,179.1776
380324,0.5948,0.3896,0.4279,0.4154,-0.4905,-49.6884,180.0008
380424,0.5955,0.3896,0.4283,0.4153,0.6643,-48.997,179.1246
380524,0.5965,0.3899,0.4264,0.4164,-0.6034,-49.6857,180.1517
380624,0.5948,0.3899,0.4163,0.42,0.8167,-48.8612,178.8676
380724,0.592,0.3901,0.4159,0.4184,-0.2757,-49.5762,179.6948
380824,0.5934,0.3893,0.4078,0.4193,0.3561,-48.4592,179.4772
380924,0.5959,0.3888,0.4024,0.4163,-0.0972,-48.9578,179.8853
381024,0.6001,0.3895,0.4054,0.3985,-0.1966,-49.5639,179.7354
381124,0.604,0.391,0.4118,0.3948,0.204,-48.5818,179.1914
381224,0.6073,0.3923,0.4099,0.3963,-0.3398,-49.6851,179.5188
381324,0.6096,0.3935,0.4053,0.3948,0.3588,-48.7024,178.9777
381424,0.6118,0.3948,0.4031,0.3931,-0.1972,-49.583,179.3235
381524,0.6129,0.3955,0.4056,0.3924,0.4498,-48.7797,178.6808
381624,0.6146,0.3965,0.4095,0.3919,-0.7239,-49.7295,179.6165
381724,0.613,0.3968,0.4133,0.3913,0.0425,-49.1225,179.0758
381824,0.6114,0.3968,0.4199,0.391,-0.5341,-49.928,179.4943
381924,0.6098,0.3969,0.4275,0.3901,-0.5535,-49.1177,179.1768
382024,0.6104,0.3969,0.4298,0.3905,0.4947,-49.8516,178.3704
382124,0.6115,0.397,0.4308,0.3903,-0.4682,-49.0537,179.0253
382224,0.6123,0.3969,0.4305,0.3895,0.4506,-49.7963,178.2522
382324,0.6131,0.3971,0.4309,0.3895,-0.6357,-49.0047,178.9235
382424,0.6135,0.3974,0.4318,0.3913,0.4825,-49.701,178.2155
382524,0.6124,0.3973,0.428,0.3905,-0.8494,-48.9912,179.2144
382624,0.6123,0.3971,0.4193,0.3915,0.3305,-49.608,178.3852
382724,0.6094,0.3966,0.4326,0.391,-0.7767,-48.8953,179.224
382824,0.6074,0.3955,0.4423,0.3914,0.5271,-49.6047,178.3862
382924,0.6075,0.395,0.4439,0.3924,-0.772,-49.0489,179.448
383024,0.6075,0.3951,0.4444,0.3939,0.66,-49.7444,178.4368
383124,0.6058,0.3946,0.446,0.3951,-0.4567,-49.0915,179.2201
383224,0.6011,0.3944,0.4474,0.3954,1.0764,-49.8059,177.9348
383324,0.5971,0.3941,0.4461,0.3956,-0.2434,-49.2656,179.0157
383424,0.5963,0.3939,0.4443,0.3963,1.198,-50.0178,177.928
383524,0.5959,0.3936,0.4448,0.3969,0.069,-49.2719,178.7252
383624,0.5958,0.3933,0.4425,0.3979,-0.1962,-50.1456,178.938
383724,0.5964,0.3933,0.4411,0.3989,0.1404,-49.2401,178.7585
383824,0.5974,0.3928,0.4393,0.4008,-0.6195,-50.0634,179.4779
383924,0.5989,0.3926,0.435,0.4056,0.0271,-49.2401,179.0497
384024,0.5999,0.3924,0.4319,0.404,-0.2491,-50.2437,179.3253
384124,0.597,0.392,0.4323,0.4008,0.0166,-49.4418,179.1226
384224,0.5949,0.3918,0.4323,0.4054,-0.3232,-48.6412,179.3792
384324,0.5931,0.3915,0.433,0.4056,-0.1585,-49.6311,179.246
384424,0.5921,0.3916,0.4345,0.4006,0.3232,-48.766,178.8047
384524,0.5929,0.3914,0.4348,0.3993,-0.2292,-49.5473,179.1482
384624,0.5954,0.3915,0.4351,0.4001,0.6435,-48.6277,178.4769
384724,0.5965,0.3915,0.4345,0.4011,-0.287,-49.3656,179.3113
384824,0.5973,0.3916,0.4345,0.4018,1.3162,-49.454,178.1586
384924,0.5974,0.3916,0.4353,0.4026,-0.4383,-49.3766,179.4911
385024,0.598,0.3916,0.4349,0.4046,1.3184,-49.554,178.1564
385124,0.5974,0.3911,0.4306,0.4046,-0.5198,-49.849,179.616
385224,0.596,0.3909,0.4315,0.4035,0.4985,-49.2632,178.7773
385324,0.5931,0.3908,0.4358,0.4054,-1.0674,-49.6787,179.9675
385424,0.5914,0.3904,0.4343,0.4083,0.5007,-49.2625,178.7757
385524,0.591,0.3904,0.4323,0.4093,-1.082,-49.6776,180.1193
385624,0.591,0.3904,0.4321,0.4083,0.3918,-49.2679,178.9226
385724,0.5915,0.3904,0.432,0.4084,-1.0965,-49.7534,180.0545
385824,0.592,0.3904,0.4314,0.4071,0.2774,-49.267,179.0743
385924,0.5925,0.3908,0.4316,0.4068,-1.1307,-49.8747,180.0708
386024,0.5933,0.3908,0.432,0.4073,0.2341,-49.2973,179.0317
386124,0.5943,0.3908,0.4319,0.4081,-1.2446,-49.872,180.2225
386224,0.5948,0.3908,0.4315,0.407,0.1737,-49.3306,179.1424
386324,0.5955,0.391,0.4311,0.4076,-1.2408,-49.8711,180.2196
386424,0.5941,0.3909,0.431,0.407,0.1768,-49.3293,179.14
386524,0.5916,0.3909,0.4313,0.4068,-1.2373,-49.8702,180.2169
386624,0.5903,0.3908,0.4315,0.4064,0.0801,-49.3286,179.1369
386724,0.59,0.3905,0.4318,0.4063,-0.9459,-50.1052,179.9845
386824,0.5904,0.3908,0.4319,0.407,-0.0606,-49.3544,179.3734
386924,0.5909,0.3905,0.4319,0.407,0.9702,-50.09,178.5869
387024,0.5915,0.3905,0.4315,0.407,-0.0647,-49.3513,179.3765
387124,0.592,0.3905,0.4316,0.4069,0.9647,-50.0875,178.5911
387224,0.5929,0.3908,0.4318,0.4071,-0.0688,-49.3482,179.3796
387324,0.5936,0.3906,0.4315,0.4071,0.9594,-50.0849,178.5952
387424,0.5943,0.3908,0.4313,0.4071,-0.1906,-49.3453,179.537
387524,0.595,0.3908,0.4304,0.4079,1.3645,-49.6683,178.3541
387624,0.5925,0.3909,0.431,0.4065,-0.4792,-49.3395,179.6034
387724,0.5905,0.3904,0.4306,0.4065,1.2373,-49.5412,178.2993
387824,0.5901,0.3906,0.4309,0.4069,-0.4625,-49.2386,179.45
387924,0.5903,0.3905,0.4314,0.4066,1.0092,-49.7376,178.331
388024,0.5906,0.3904,0.4314,0.4068,-0.582,-49.2372,179.6057
388124,0.5915,0.3905,0.4315,0.4065,0.8594,-49.6613,178.5755
388224,0.5923,0.3905,0.4311,0.4065,-0.7695,-49.1919,179.8778
388324,0.593,0.3906,0.4315,0.4069,0.7985,-49.6058,178.6872
388424,0.5935,0.3905,0.4318,0.4071,-0.7715,-49.1913,179.8793
388524,0.5946,0.3908,0.4315,0.4063,0.7963,-49.6053,178.6889
388624,0.5954,0.3909,0.4319,0.4051,-0.8734,-49.1899,179.8802
388724,0.5951,0.3911,0.4316,0.405,0.7281,-49.4667,178.6645
388824,0.5928,0.391,0.4319,0.4046,-1.1188,-49.2956,180.1316
388924,0.5918,0.3909,0.4324,0.405,0.4995,-49.4507,178.9684
389024,0.5921,0.3908,0.4316,0.4145,-1.2344,-49.06,180.4245
389124,0.5944,0.3884,0.3995,0.424,0.5919,-49.4815,179.5477
389224,0.5969,0.3883,0.3964,0.4176,-1.2942,-48.8328,180.8251
389324,0.5999,0.3893,0.4038,0.4065,-0.0632,-49.3208,179.959
389424,0.6058,0.3921,0.3861,0.4045,0.1881,-49.66,179.7464
389524,0.6308,0.3914,0.3435,0.4059,-0.4839,-49.7044,180.6822
389624,0.6365,0.3945,0.3544,0.4008,-0.1895,-48.3943,179.985
389724,0.6366,0.3956,0.3609,0.3988,-0.3337,-49.3035,180.0109
389824,0.6378,0.3963,0.3713,0.3949,0.8988,-49.7367,178.9873
389924,0.6371,0.3969,0.3788,0.3919,-0.7219,-49.1953,180.0659
390024,0.6381,0.3971,0.3803,0.3924,0.7334,-49.8248,178.8852
390124,0.6385,0.3974,0.384,0.392,-0.5351,-49.2402,179.7727
390224,0.6394,0.3984,0.392,0.3916,0.798,-49.5869,178.6086
390324,0.6309,0.3991,0.3999,0.392,-0.9963,-49.0007,179.818
390424,0.629,0.3998,0.4035,0.392,0.0846,-49.4563,178.9132
390524,0.6259,0.4,0.4074,0.3919,-1.1809,-48.5187,179.8573
390624,0.6249,0.4005,0.4034,0.3928,-0.1765,-49.1701,179.0997
390724,0.622,0.4006,0.3956,0.3933,0.6055,-50.3102,178.4385
390824,0.6213,0.4009,0.3888,0.3938,0.2901,-49.7476,178.4081
390924,0.6181,0.401,0.3914,0.3943,-0.3022,-48.9058,178.9341
391024,0.6129,0.4014,0.4,0.3956,0.234,-49.7731,178.5273
391124,0.6021,0.3985,0.432,0.3981,-0.4074,-49.3032,178.9375
391224,0.6068,0.3958,0.4361,0.3991,1.3062,-49.7687,177.7098
391324,0.6098,0.394,0.4384,0.4001,-0.2373,-49.329,178.8844
391424,0.608,0.3934,0.4398,0.4013,1.3035,-49.7683,177.7119
391524,0.6043,0.393,0.4416,0.4018,-0.2387,-49.1276,178.8867
391624,0.6019,0.3925,0.4408,0.4025,0.2634,-49.9541,178.6348
391724,0.6006,0.3924,0.438,0.4054,-0.3884,-49.0649,179.2599
391824,0.5985,0.3915,0.4324,0.4103,0.6296,-50.0407,178.5612
391924,0.5971,0.3913,0.429,0.4114,-0.2835,-49.2254,179.3215
392024,0.5991,0.3911,0.4298,0.4099,0.864,-49.9146,178.448
392124,0.5999,0.3908,0.4301,0.4141,-0.1875,-49.2235,179.3253
392224,0.6018,0.3909,0.431,0.41,0.4544,-49.8179,178.8262
392324,0.6029,0.391,0.4308,0.4075,-0.5187,-48.9175,179.6301
392424,0.6005,0.3908,0.4321,0.4074,0.3442,-49.7115,178.9758
392524,0.5979,0.3906,0.4323,0.4073,-0.6382,-48.9133,179.7857
392624,0.596,0.3908,0.4333,0.4069,0.2572,-49.6652,179.032
392724,0.5965,0.3903,0.434,0.4071,-0.5242,-48.844,179.624
392824,0.596,0.39,0.4345,0.4085,0.254,-49.761,179.0346
392924,0.5958,0.39,0.4355,0.4096,-0.3431,-48.8993,179.4875
393024,0.5961,0.3903,0.4356,0.4096,0.134,-49.7567,179.1909
393124,0.5964,0.3903,0.4366,0.4096,-0.3147,-48.8569,179.5962
393224,0.5965,0.3905,0.437,0.4093,0.1954,-49.7287,179.2095
393324,0.5969,0.3909,0.4365,0.408,-0.4331,-48.8517,179.751
393424,0.5956,0.3911,0.4351,0.4063,0.1223,-49.8929,179.3958
393524,0.5924,0.3911,0.4383,0.4069,0.0162,-49.0856,179.4115
393634,0.591,0.3909,0.4381,0.4071,-0.0314,-49.9945,179.4478
393734,0.5919,0.3906,0.439,0.4088,0.0334,-48.9796,179.2567
393834,0.5921,0.3906,0.4378,0.4094,-0.0398,-49.8888,179.3123
393934,0.5935,0.3906,0.4369,0.4103,0.1499,-48.8735,179.1035
394034,0.5944,0.3909,0.4358,0.41,-0.109,-49.6749,179.2999
394134,0.595,0.3908,0.4351,0.4101,0.3564,-48.7762,178.8823
394234,0.5959,0.3906,0.4346,0.411,-0.0302,-49.749,179.1093
394334,0.5964,0.3908,0.434,0.4113,0.164,-48.9342,178.897
394434,0.5974,0.391,0.4334,0.4116,-0.4893,-49.8284,179.4486
394534,0.5978,0.3909,0.4321,0.4128,0.4003,-48.9383,178.7727
394634,0.5954,0.391,0.4331,0.4118,-0.5268,-49.6674,179.3261
394734,0.5935,0.3905,0.4326,0.4125,0.7051,-49.0217,178.533
394834,0.5931,0.3908,0.4331,0.413,-0.6247,-49.5729,179.4668
394934,0.593,0.3905,0.4333,0.4126,0.9201,-49.1332,178.2947
395034,0.5936,0.3905,0.4333,0.4125,-0.5056,-49.5728,179.3113
395134,0.5944,0.3908,0.4334,0.4124,0.7366,-48.9615,178.358
395234,0.5953,0.3906,0.4326,0.412,-0.5401,-49.4462,179.3916
395334,0.596,0.3906,0.4326,0.4133,1.1931,-49.2839,178.0763
395434,0.5968,0.3906,0.4326,0.4143,-0.4228,-49.4464,179.2374
395534,0.5973,0.3906,0.4326,0.4149,1.2939,-49.2418,177.9351
395634,0.5981,0.3909,0.4321,0.416,-0.4219,-49.4463,179.2368
395734,0.5965,0.3909,0.4323,0.4153,1.414,-49.34,177.7783
395834,0.5945,0.3906,0.4319,0.4153,-0.5747,-49.4097,179.418
395934,0.5935,0.3906,0.4325,0.4154,0.9509,-49.3688,178.3899
396034,0.5935,0.3906,0.432,0.4151,-0.9219,-49.3168,179.8769
396134,0.5936,0.3906,0.4324,0.4155,0.932,-49.4636,178.4043
396234,0.5945,0.3906,0.4329,0.4148,-0.5617,-49.3364,179.2673
396334,0.5954,0.3906,0.4325,0.4145,1.2801,-49.5165,177.8031
396434,0.5961,0.3908,0.4321,0.4151,-0.4525,-49.3533,179.1194
396534,0.597,0.3908,0.4321,0.4158,1.1624,-49.518,177.9576
396634,0.5978,0.3908,0.4323,0.4153,-0.6786,-49.2356,179.4213
396734,0.5984,0.3909,0.4318,0.4158,0.924,-49.6123,178.2041
396834,0.5976,0.391,0.4311,0.4149,-0.6804,-49.2351,179.4227
396934,0.5969,0.3903,0.4059,0.4303,0.9019,-49.4128,178.3618
397034,0.5974,0.3891,0.3949,0.4243,-1.5477,-49.5704,180.4717
397134,0.5995,0.3908,0.4119,0.4029,-0.0268,-49.079,179.1605
397234,0.6034,0.3919,0.41,0.402,-0.1677,-49.9873,179.2576
397334,0.6075,0.3933,0.4033,0.4014,-0.2107,-49.0827,179.0592
397434,0.6099,0.3949,0.3943,0.4039,0.2688,-49.9416,178.6194
397534,0.615,0.3961,0.3805,0.4039,-0.3666,-49.1554,178.9486
397634,0.626,0.3961,0.3805,0.4029,0.6261,-49.969,178.1182
397734,0.6318,0.3969,0.3839,0.4001,-0.442,-49.2733,178.7772
397834,0.6291,0.3983,0.3906,0.3971,0.7956,-49.9046,177.7497
397934,0.6205,0.3999,0.4086,0.397,-0.5272,-48.8924,178.7447
398034,0.6155,0.3999,0.4171,0.3963,0.212,-49.5939,178.1092
398134,0.6149,0.4003,0.4216,0.3953,-0.8406,-48.5909,178.7521
398234,0.6136,0.4004,0.4249,0.3944,-0.1194,-49.2946,178.2731
398334,0.6141,0.4004,0.4238,0.3946,0.7883,-49.9726,177.5813
398434,0.6144,0.4005,0.4228,0.3949,-0.2298,-49.1266,178.357
398534,0.6148,0.4006,0.418,0.3965,0.4833,-50.0576,177.8143
398634,0.6074,0.4,0.4298,0.3973,-0.2418,-49.605,178.2891
398734,0.6028,0.3973,0.4431,0.3989,0.6662,-48.9197,177.6013
398834,0.6006,0.3955,0.4455,0.4001,-0.3838,-49.6574,178.5377
398934,0.5995,0.3945,0.4455,0.4016,0.6809,-48.8278,177.7307
399034,0.5985,0.394,0.4453,0.4028,-0.2474,-49.5027,178.4339
399134,0.5984,0.3938,0.4419,0.404,1.1104,-48.9187,177.4058
399234,0.599,0.3933,0.4399,0.4049,-0.2442,-49.5015,178.4314
399334,0.5996,0.3936,0.4386,0.406,1.1132,-48.9172,177.4037
399434,0.6005,0.393,0.4379,0.4074,-0.2409,-49.5002,178.4289
399534,0.6018,0.3929,0.4369,0.4085,1.1159,-48.9156,177.4017
399634,0.601,0.3926,0.4368,0.4104,-0.2377,-49.4989,178.4265
399734,0.5988,0.392,0.4355,0.411,1.1187,-48.914,177.3996
399834,0.598,0.3918,0.4349,0.412,-0.2345,-49.4976,178.424
399934,0.5975,0.3914,0.4343,0.4121,1.0057,-48.9137,177.5503
400034,0.5971,0.3914,0.4329,0.4113,-0.2867,-49.6329,178.5287
400134,0.5976,0.3914,0.4323,0.4111,0.6495,-48.8567,177.8195
400234,0.5981,0.3916,0.432,0.4099,-0.2834,-49.7293,178.5259
400334,0.5989,0.3916,0.432,0.4109,0.4264,-48.891,177.9877
400434,0.6005,0.3918,0.4306,0.4111,-0.2793,-49.6259,178.5229
400534,0.6016,0.3919,0.4306,0.4096,0.7735,-48.749,177.6606
400634,0.5993,0.3918,0.4316,0.407,-0.0216,-49.5239,178.0559
400734,0.5981,0.3916,0.4316,0.4063,0.1336,-48.6098,177.9387
400834,0.598,0.3918,0.4323,0.4064,-0.2208,-49.3197,178.0572
400934,0.5979,0.3915,0.4324,0.406,1.2349,-49.7287,176.9495
401034,0.5984,0.3915,0.4325,0.4063,-0.3281,-49.3078,178.1384
401134,0.5995,0.3916,0.4334,0.4061,1.2324,-49.7283,176.9514
401234,0.5998,0.3916,0.4329,0.4065,-0.3303,-49.3071,178.1401
401334,0.6005,0.392,0.433,0.4068,1.2298,-49.728,176.9534
401434,0.6013,0.3921,0.4329,0.4069,-0.4323,-49.3057,178.1412
401534,0.6023,0.3924,0.4326,0.4069,1.1976,-49.5462,176.9026
401634,0.6015,0.3924,0.4325,0.4066,-0.5128,-49.2309,178.2025
401734,0.5993,0.3924,0.4329,0.407,0.9829,-49.7105,177.0655
401834,0.5981,0.392,0.433,0.407,-0.5153,-49.23,178.2044
401934,0.5978,0.3921,0.4329,0.4071,0.9632,-49.7103,177.2211
402034,0.5976,0.392,0.433,0.4071,-0.5268,-49.2229,178.3536
402134,0.5985,0.3923,0.4331,0.4074,0.9604,-49.7095,177.2232
402234,0.5994,0.3923,0.433,0.4071,-0.5283,-49.1216,178.3549
402334,0.6003,0.3924,0.4324,0.4073,0.7146,-49.6657,177.4107
402434,0.6014,0.3925,0.4324,0.4074,-0.7082,-49.1264,178.491
402534,0.6018,0.3925,0.4319,0.4075,0.8284,-49.6639,177.2591
402634,0.6029,0.3928,0.4319,0.4079,-0.5317,-49.1793,178.0858
402734,0.6015,0.3925,0.4315,0.4073,0.8547,-49.8408,177.032
402834,0.599,0.3926,0.4316,0.4079,-0.388,-49.193,177.9772
402934,0.5979,0.3924,0.4316,0.4081,0.7507,-49.8395,177.0358
403034,0.598,0.3925,0.432,0.4083,-0.5271,-49.1515,178.0722
403134,0.598,0.3923,0.4323,0.4081,0.7856,-49.7578,177.0746
403234,0.5989,0.3923,0.4324,0.4085,-0.4137,-49.1502,177.9212
403334,0.5999,0.3926,0.433,0.4095,0.7441,-49.8354,177.0408
403434,0.5999,0.3925,0.4326,0.4099,-0.3011,-49.2485,177.7704
403534,0.6003,0.3926,0.4331,0.4108,0.9809,-50.0728,176.7939
403634,0.5999,0.3928,0.4309,0.4109,-0.3137,-49.3435,177.9104
403734,0.6006,0.3925,0.43,0.4109,1.1251,-49.629,176.9466
403834,0.5989,0.3921,0.43,0.4105,-0.4083,-49.0899,178.1891
403934,0.6016,0.3915,0.4154,0.4205,0.7583,-49.6388,177.734
404034,0.6086,0.3911,0.4118,0.4185,-0.8326,-48.7552,178.8653
404134,0.6079,0.394,0.392,0.4144,-0.0339,-49.8122,177.9727
404234,0.618,0.3958,0.3745,0.4066,0.0576,-49.1991,177.7614
404334,0.6441,0.3953,0.3675,0.401,-0.4268,-50.395,178.1209
404434,0.6476,0.3965,0.3656,0.3979,-0.1641,-49.7056,177.9847
404534,0.648,0.3956,0.3644,0.3951,0.203,-48.9229,177.6297
404634,0.6463,0.395,0.3663,0.3941,-0.2633,-49.8114,177.7684
404734,0.6458,0.3954,0.3716,0.3926,-0.0135,-48.8417,177.3481
404834,0.6469,0.3974,0.3856,0.3939,-0.2917,-49.5536,177.3342
404934,0.6458,0.3981,0.3905,0.3936,0.8294,-48.8934,176.4088
405034,0.6383,0.3989,0.3989,0.3931,-0.5475,-49.5856,177.5826
405134,0.626,0.3993,0.4094,0.3923,0.909,-48.6751,176.4787
405234,0.6168,0.4001,0.4156,0.3918,0.1619,-49.0417,177.0544
405334,0.616,0.4006,0.417,0.3919,-0.0263,-49.7281,177.2077
405434,0.6168,0.4009,0.4103,0.3936,0.5104,-48.9113,176.5405
405534,0.6024,0.3988,0.4303,0.3948,-0.1834,-50.6056,176.7188
405634,0.602,0.3966,0.4348,0.3959,0.0551,-49.6976,176.6135
405734,0.6005,0.3951,0.4365,0.3965,-0.4554,-48.5828,177.195
405834,0.601,0.3941,0.4364,0.3976,-0.3935,-47.2692,177.1469
405934,0.6016,0.3936,0.4398,0.3984,-0.1176,-47.9876,176.8746
406034,0.602,0.3936,0.4434,0.3998,0.0709,-48.8035,176.667
406134,0.6025,0.3933,0.4436,0.4005,0.0781,-49.6131,176.5962
406234,0.6031,0.393,0.442,0.4015,-0.2458,-48.8123,176.8414
406334,0.6034,0.3925,0.4401,0.4025,0.2475,-49.9011,176.4021
406434,0.604,0.3925,0.4383,0.4033,-0.1861,-49.1147,176.7316
406534,0.6024,0.3921,0.4388,0.4034,0.2498,-49.8757,176.6053
406634,0.6003,0.3918,0.438,0.4038,-0.2083,-48.8915,176.9533
406734,0.5988,0.3913,0.4375,0.4038,0.1604,-49.7819,176.6736
406834,0.5986,0.3906,0.4358,0.4048,-0.2102,-48.8865,176.9547
406934,0.5994,0.3906,0.4333,0.4091,0.3947,-50.0745,176.3649
407034,0.5991,0.3905,0.4316,0.4115,0.0038,-49.6018,176.5973
407134,0.598,0.3906,0.4314,0.4056,-0.013,-48.9866,176.61
407234,0.5985,0.3906,0.4311,0.4079,0.016,-49.797,176.588
407334,0.6018,0.3905,0.4295,0.4051,-0.1353,-48.5794,176.7675
407434,0.6016,0.3905,0.431,0.4056,0.015,-49.1903,176.6537
407534,0.5998,0.3905,0.4314,0.407,-0.0515,-50.0981,176.7044
407634,0.5983,0.3903,0.4315,0.4073,0.0154,-49.1848,176.6535
407734,0.5975,0.3903,0.4324,0.4085,-0.0511,-50.1921,176.7042
407834,0.5966,0.3904,0.4321,0.4103,0.0076,-49.7823,176.6595
407934,0.5949,0.3908,0.4346,0.4091,0.0899,-49.5708,176.6735
408034,0.5945,0.3908,0.4359,0.4121,-0.3654,-48.6848,177.0178
408134,0.5954,0.3908,0.4354,0.4151,0.0874,-49.5661,176.6754
408234,0.5973,0.3906,0.4299,0.416,-0.3661,-48.4789,177.018
408334,0.5993,0.3909,0.4284,0.4143,-0.0103,-49.2739,176.7495
408434,0.5986,0.3909,0.4281,0.4118,0.0834,-50.0814,176.5379
408534,0.5963,0.391,0.4288,0.4103,-0.0275,-49.2698,176.6224
408634,0.5951,0.3908,0.4288,0.41,0.1683,-50.0727,176.4731
408734,0.5944,0.3905,0.4286,0.4103,-0.1737,-49.0654,176.7982
408834,0.5946,0.3906,0.4291,0.4113,0.2891,-49.9429,176.4462
408934,0.5954,0.3905,0.429,0.4114,-0.1761,-49.0606,176.8
409034,0.5964,0.3906,0.4289,0.4115,0.2865,-49.9381,176.4482
409134,0.597,0.3908,0.4286,0.4111,-0.2782,-49.0556,176.8006
409234,0.5978,0.3908,0.4288,0.4111,0.409,-49.8931,176.2783
409334,0.5986,0.3909,0.4289,0.4109,-0.2814,-49.0514,176.803
409434,0.5994,0.391,0.4281,0.4115,0.4046,-49.7896,176.2817
409534,0.5974,0.3911,0.4285,0.4103,-0.6375,-48.88,177.0608
409634,0.5955,0.391,0.4281,0.4101,0.1957,-49.6474,176.4949
409734,0.5948,0.391,0.4288,0.41,-0.5791,-48.7968,177.1467
409834,0.5949,0.3909,0.4286,0.4103,0.2093,-49.6119,176.5498
409934,0.5953,0.3909,0.4288,0.4105,-0.5835,-48.8935,177.1502
410034,0.5956,0.3911,0.4278,0.4105,0.3248,-49.6741,176.4618
410134,0.5961,0.3913,0.4275,0.4104,-0.587,-48.8902,177.1529
410234,0.5971,0.3911,0.428,0.4106,0.3208,-49.6709,176.4648
410334,0.5979,0.3913,0.4281,0.4106,-0.5905,-48.8868,177.1555
410434,0.5986,0.3914,0.4283,0.4104,0.3169,-49.6677,176.4678
410534,0.5989,0.3914,0.428,0.4104,-0.594,-48.8835,177.1581
410634,0.5963,0.3913,0.4283,0.4096,0.2126,-49.6649,176.4718
410734,0.5951,0.3913,0.4283,0.4096,-0.4553,-48.8169,176.9778
410834,0.5948,0.391,0.428,0.4096,0.0768,-49.6605,176.7806
410934,0.5953,0.3913,0.4286,0.4098,-0.1854,-48.754,176.9791
411034,0.5954,0.3909,0.4294,0.4094,-0.041,-49.6553,176.9353
411134,0.5993,0.3908,0.4171,0.4256,-0.3558,-48.4387,177.4335
411234,0.6054,0.3895,0.4031,0.4186,-0.3609,-46.7166,177.5006
411334,0.6054,0.391,0.4099,0.4044,-0.2406,-47.5395,177.412
411434,0.6109,0.393,0.3989,0.4029,-0.2254,-48.7547,177.3283
411534,0.6159,0.3953,0.386,0.4023,-0.4433,-49.6508,177.4
411634,0.6169,0.3968,0.3899,0.4001,0.5347,-48.8708,176.5054
411734,0.6176,0.398,0.3901,0.3975,-0.3883,-49.7757,177.1298
411834,0.617,0.3989,0.3953,0.3963,0.3361,-48.9669,176.5033
411934,0.6184,0.3993,0.397,0.3949,-0.427,-49.8099,177.0076
412034,0.6199,0.3996,0.3969,0.3944,0.4044,-49.2036,176.3763
412134,0.62,0.3999,0.4028,0.3944,-0.9928,-49.8179,177.3636
412234,0.6185,0.4001,0.41,0.3939,0.3685,-49.1381,176.3276
412334,0.6184,0.4003,0.4156,0.3934,-0.6782,-49.7693,177.1234
412434,0.6189,0.4004,0.4209,0.3934,0.3114,-49.0032,176.3596
412534,0.6193,0.4004,0.4253,0.3929,-0.4578,-49.7451,176.8687
412634,0.6193,0.4001,0.4254,0.3925,0.6642,-48.9867,175.8106
412734,0.6199,0.4,0.4248,0.3921,-0.4367,-49.6832,176.3648
412834,0.6194,0.4001,0.4285,0.392,0.6527,-48.9636,175.5386
412934,0.6169,0.4001,0.4245,0.393,-0.3325,-49.6813,176.3608
413034,0.613,0.4001,0.4254,0.3938,-0.2631,-48.7715,176.3083
413134,0.6108,0.3991,0.4376,0.3939,-0.1884,-49.6624,176.0274
413234,0.6116,0.3984,0.4359,0.3951,0.4188,-48.9024,175.5674
413334,0.6098,0.3976,0.4383,0.3955,-0.0572,-49.5372,175.798
413434,0.6078,0.3974,0.4419,0.3973,0.5218,-48.6388,175.3717
413534,0.6054,0.3965,0.4473,0.3991,-0.0541,-49.7961,175.6657
413634,0.6038,0.3956,0.447,0.4005,0.073,-48.8863,175.5043
413734,0.6029,0.3953,0.4451,0.4021,0.0429,-49.8938,175.602
413834,0.6034,0.3949,0.444,0.4029,-0.0356,-48.9794,175.6616
413934,0.6035,0.3944,0.4451,0.4035,0.1604,-50.0871,175.4473
414034,0.6046,0.394,0.445,0.4045,-0.1497,-49.1796,175.6065
414134,0.6044,0.3935,0.4445,0.4056,0.5603,-49.9351,175.0009
414234,0.6006,0.3928,0.4395,0.4055,-0.5086,-49.1292,175.9435
414334,0.5988,0.3924,0.4373,0.4055,0.7265,-49.5769,175.0052
414434,0.5981,0.3921,0.4359,0.406,-0.7437,-49.1805,176.0562
414534,0.5983,0.3919,0.4355,0.4071,0.9106,-49.623,174.7349
414634,0.5991,0.3916,0.4351,0.4089,-0.5602,-49.3266,175.787
414734,0.6,0.3915,0.4343,0.4115,1.2745,-49.7355,174.3273
414834,0.6004,0.3913,0.4329,0.4051,-0.1766,-49.8198,175.3633
414934,0.6011,0.3909,0.4291,0.4088,0.1953,-49.0255,175.081
415034,0.6011,0.3904,0.4249,0.4143,-0.2691,-49.903,175.434
415134,0.5991,0.3904,0.4264,0.415,0.1969,-48.8195,175.0797
415234,0.5988,0.3906,0.4271,0.4101,-0.094,-49.4183,175.16
415334,0.5994,0.3906,0.4273,0.4064,1.5274,-48.9635,173.9327
415434,0.5996,0.3906,0.4283,0.405,0.1001,-49.4023,174.9474
415534,0.6004,0.3908,0.4286,0.4054,-1.6377,-49.3248,176.1252
415634,0.6009,0.3909,0.4294,0.4054,0.1167,-49.5028,174.7946
415734,0.6009,0.3911,0.4296,0.4055,-0.7569,-48.6062,175.4547
415834,0.6015,0.3913,0.4291,0.406,0.0249,-49.4242,174.8645
415934,0.6023,0.3913,0.4291,0.4059,-0.7584,-48.6015,175.4558
416034,0.603,0.3914,0.4286,0.406,-0.0945,-49.4198,175.0204
416134,0.6015,0.3914,0.4291,0.4066,1.5132,-49.045,173.8028
416234,0.5994,0.3915,0.4291,0.4071,-0.0926,-49.4194,175.019
416334,0.5984,0.3914,0.4295,0.4069,1.5176,-49.1442,173.7986
416434,0.5979,0.3914,0.4291,0.4069,-0.2747,-49.424,175.2224
416534,0.5979,0.3913,0.4286,0.4079,1.4551,-49.252,173.9102
416634,0.5986,0.3915,0.4289,0.4081,-0.2734,-49.3241,175.2221
416734,0.5995,0.3916,0.4294,0.4085,1.2927,-49.7388,174.0306
416834,0.6,0.3916,0.4299,0.4086,-0.2584,-49.3226,175.0694
416934,0.6011,0.3919,0.4301,0.409,1.2839,-49.8626,173.8952
417034,0.602,0.3921,0.4303,0.409,-0.1595,-49.4396,174.9939
417134,0.6026,0.3921,0.4305,0.4089,1.3065,-48.923,173.808
417234,0.6025,0.3924,0.4304,0.4083,-0.0196,-49.2469,174.7477
417334,0.5999,0.3921,0.4305,0.4078,0.2178,-50.1526,174.5017
417434,0.5984,0.3921,0.4303,0.4075,-0.0245,-49.2489,174.5448
417534,0.5978,0.392,0.43,0.4068,0.2442,-50.1535,174.275
417634,0.5975,0.392,0.4301,0.4068,0.0715,-49.3529,174.3421
417734,0.5984,0.3919,0.4303,0.4066,-1.0505,-50.1527,175.1984
417834,0.5993,0.3918,0.4301,0.4065,-0.1368,-49.2113,174.5637
417934,0.6004,0.3919,0.4293,0.4074,0.4916,-49.9604,174.0851
418034,0.6026,0.391,0.4055,0.4184,0.133,-48.8275,174.9503
418134,0.6066,0.3908,0.4078,0.4003,0.0515,-49.1352,174.807
418234,0.6081,0.3924,0.41,0.4019,-0.3282,-50.0391,174.9458
418334,0.6125,0.3944,0.404,0.4,-0.0597,-49.156,174.4454
418434,0.6134,0.3961,0.3968,0.3989,0.0652,-50.1568,174.2751
418534,0.6145,0.3971,0.3941,0.3984,-0.2119,-49.0429,174.3318
418634,0.616,0.3981,0.392,0.3983,0.3114,-49.9114,173.9339
418734,0.6176,0.3986,0.3911,0.3976,-0.0979,-49.0383,174.1803
418834,0.62,0.3994,0.3906,0.3969,0.1499,-50.0382,173.9918
418934,0.6219,0.3998,0.39,0.3964,-0.1796,-49.3316,174.3074
419034,0.6236,0.3999,0.3933,0.3954,1.0435,-49.9566,173.3649
419134,0.6234,0.4001,0.4028,0.3941,-0.3798,-49.2987,174.2955
419234,0.6218,0.4003,0.4143,0.3931,0.8969,-49.7045,173.0978
419334,0.6201,0.4003,0.4229,0.3928,-0.6685,-49.0974,174.2109
419434,0.6195,0.4001,0.4205,0.3944,0.5471,-49.4925,173.353
419534,0.6195,0.4004,0.4129,0.3958,-1.1175,-49.0967,174.6156
419634,0.6153,0.4,0.4224,0.3963,-0.9521,-47.9934,174.413
419734,0.612,0.3981,0.4306,0.396,-0.3726,-48.8591,173.9795
419834,0.6149,0.3963,0.4326,0.3956,0.2235,-49.7161,173.5276
419934,0.6225,0.3945,0.4353,0.3988,-0.1341,-49.66,174.4537
420034,0.6314,0.3936,0.4354,0.4003,0.43,-48.7732,173.9615
420134,0.6296,0.3931,0.443,0.4,0.5035,-49.7293,173.7927
420234,0.6269,0.393,0.4468,0.3998,0.1146,-48.8072,173.6989
420334,0.6243,0.3928,0.4455,0.4001,-0.0622,-49.7136,173.8328
420434,0.6223,0.3926,0.4431,0.4008,0.2313,-48.8017,173.5454
420534,0.6205,0.3923,0.4404,0.4014,-0.1169,-49.6948,173.8092
420634,0.6198,0.3921,0.441,0.4025,0.1338,-48.8974,173.5426
420734,0.6185,0.392,0.4415,0.404,-0.125,-49.6998,173.8792
420834,0.6171,0.3919,0.4395,0.4054,0.1266,-48.8037,173.7536
420934,0.615,0.3913,0.4386,0.4069,-0.0673,-49.7092,173.9006
421034,0.6104,0.3908,0.4394,0.4079,0.1276,-48.7985,173.7529
421134,0.6071,0.3905,0.4374,0.4096,0.0505,-49.8034,173.7457
421234,0.6043,0.39,0.4341,0.4111,-0.0623,-48.8895,173.8313
421334,0.6034,0.3895,0.431,0.4086,0.0499,-49.8975,173.7462
421434,0.603,0.389,0.4286,0.4053,-0.0407,-48.9835,173.815
421534,0.6028,0.3888,0.4278,0.4069,0.0493,-49.8922,173.7466
421634,0.6023,0.3886,0.4284,0.4079,-0.0412,-48.9782,173.8154
421734,0.6034,0.3888,0.4299,0.4073,0.0487,-49.7875,173.7471
421834,0.6058,0.3891,0.4306,0.4039,-0.1635,-48.5716,173.831
421934,0.6065,0.3895,0.4316,0.4055,-0.084,-49.3801,173.6963
422034,0.6036,0.3893,0.4323,0.407,1.3442,-49.7259,172.458
422134,0.6018,0.3891,0.4326,0.4061,-0.3644,-49.2356,173.8232
422234,0.6014,0.3894,0.4326,0.4056,0.9748,-49.7249,172.8047
422334,0.6009,0.3894,0.434,0.4066,-0.5019,-49.3262,173.927
422434,0.5998,0.3891,0.4336,0.4073,1.2033,-49.7613,172.6306
422534,0.5971,0.3898,0.4338,0.4089,-0.3187,-49.6009,173.787
422634,0.5935,0.3898,0.4386,0.4076,0.6931,-49.29,172.9431
422734,0.5949,0.3899,0.438,0.4133,-0.8842,-49.8469,174.0764
422834,0.5965,0.3899,0.4329,0.414,0.3711,-49.2058,173.1214
422934,0.5985,0.39,0.4308,0.4139,-1.1129,-49.7431,174.38
423034,0.5974,0.39,0.4319,0.4103,0.2788,-49.1717,173.386
423134,0.5958,0.3898,0.431,0.41,-0.792,-49.9351,174.2659
423234,0.5953,0.3896,0.4308,0.4098,0.1753,-49.2084,173.4526
423334,0.5949,0.3895,0.4305,0.4095,-0.5909,-50.0265,174.0362
423434,0.5954,0.3896,0.4304,0.4094,0.1792,-49.3051,173.4499
423534,0.5963,0.3896,0.4308,0.4084,-1.1693,-49.8442,174.4012
423634,0.5969,0.3896,0.4303,0.4081,0.2469,-49.2012,173.3226
423734,0.5978,0.39,0.4299,0.4083,-0.7187,-49.9612,174.0577
423834,0.5985,0.3901,0.4293,0.4085,0.2507,-49.198,173.3197
423934,0.5994,0.3901,0.4289,0.4084,-0.7144,-49.9582,174.0545
424034,0.5995,0.3904,0.4288,0.4086,0.2718,-49.1952,173.162
424134,0.597,0.3903,0.4289,0.4084,-0.8389,-49.9391,173.9321
424234,0.5958,0.3899,0.4284,0.4084,0.1623,-49.2263,173.093
424334,0.5955,0.39,0.4283,0.4081,-0.635,-50.0404,173.8408
424434,0.5956,0.3898,0.4285,0.4084,0.1665,-49.2267,173.2301
424534,0.5966,0.3898,0.4291,0.408,-0.6309,-50.0367,173.8376
424634,0.5974,0.3898,0.4298,0.4089,0.1701,-49.2229,173.2273
424734,0.5985,0.3896,0.4288,0.4106,-0.6268,-50.033,173.8345
424834,0.6001,0.3896,0.4273,0.4131,0.174,-49.3196,173.2246
424934,0.6008,0.3895,0.4271,0.4125,-1.1606,-49.9118,174.2413
425034,0.6013,0.3899,0.4269,0.4126,0.0601,-49.3177,173.3761
425134,0.599,0.3898,0.4283,0.4104,-0.6801,-50.163,173.8655
425234,0.597,0.39,0.4283,0.4094,0.0565,-49.3337,173.3034
425334,0.5964,0.3905,0.4203,0.412,-1.0766,-50.1578,173.8664
425434,0.5945,0.3905,0.4168,0.4081,-0.0336,-49.5231,173.0704
425534,0.5954,0.39,0.407,0.416,-0.0231,-48.9161,173.1932
425634,0.5979,0.3894,0.3918,0.4156,-0.0958,-49.7267,173.3137
425734,0.6064,0.3905,0.3988,0.4019,0.0807,-48.5189,172.9613
425834,0.6109,0.3918,0.3973,0.4024,-0.003,-49.5301,173.0244
425934,0.6135,0.3933,0.3945,0.4021,-0.0821,-48.6126,173.0077
426034,0.6169,0.3948,0.3904,0.4019,-0.1874,-49.5236,172.938
426134,0.6188,0.396,0.3906,0.3996,0.6862,-48.8971,172.124
426234,0.6184,0.3969,0.3889,0.3973,-0.5392,-49.9366,172.9023
426334,0.6193,0.3978,0.3919,0.3974,0.1696,-49.1246,172.2862
426434,0.619,0.3981,0.398,0.397,-0.3728,-49.9895,172.699
426534,0.6175,0.3983,0.4068,0.3986,0.2893,-49.1198,172.1304
426634,0.6174,0.3986,0.416,0.3981,-0.4179,-50.218,172.4632
426734,0.6178,0.3989,0.4189,0.3974,-0.0681,-49.5366,172.1193
426834,0.6181,0.3993,0.4198,0.3971,0.383,-49.0493,171.6358
426934,0.618,0.3994,0.4206,0.3979,-0.4935,-49.9382,172.3018
427034,0.6169,0.3991,0.4206,0.3983,0.2577,-49.111,171.7304
427134,0.6173,0.3989,0.4189,0.3985,-0.4877,-49.7355,172.2971
427234,0.6178,0.3988,0.4193,0.3986,0.5622,-48.9003,171.5004
427334,0.6174,0.3989,0.4186,0.3989,-0.3142,-49.6854,172.0244
427434,0.6166,0.399,0.4155,0.4003,0.4503,-48.9878,171.3682
427534,0.6054,0.3954,0.43,0.4011,-0.4819,-50.2749,172.497
427634,0.6148,0.3933,0.4356,0.4005,0.3404,-49.8997,171.8177
427734,0.6081,0.3926,0.4434,0.4005,-0.1078,-49.0362,171.9519
427834,0.6019,0.3929,0.4454,0.4008,0.6289,-49.7338,171.1317
427934,0.5995,0.393,0.4446,0.4013,-0.6903,-48.8734,172.0567
428034,0.5998,0.3928,0.4431,0.4019,0.302,-49.2274,171.3041
428134,0.6003,0.3928,0.4428,0.4028,-0.8945,-49.8941,172.2148
428234,0.6005,0.3925,0.4416,0.404,0.3057,-49.2252,171.3013
428334,0.601,0.3924,0.4408,0.4058,-0.8923,-49.9916,172.2134
428434,0.602,0.392,0.4385,0.4083,0.0712,-49.2702,171.5439
428534,0.6018,0.3916,0.4358,0.4105,-0.3016,-50.0431,171.7633
428634,0.5978,0.391,0.4333,0.4078,0.1122,-49.2551,171.4482
428734,0.5955,0.3908,0.4316,0.4119,-0.5571,-50.1948,171.9588
428834,0.595,0.3905,0.4313,0.412,0.0607,-49.3368,171.3455
428934,0.5965,0.3904,0.4319,0.4086,-0.8454,-50.0434,171.9611
429034,0.5984,0.3905,0.4325,0.4059,0.0429,-49.2877,171.2069
429134,0.5995,0.3905,0.4323,0.4055,-0.4259,-50.1769,171.6294
429234,0.6003,0.3905,0.4323,0.4059,0.0537,-49.1976,171.2632
429334,0.6006,0.3908,0.432,0.4061,-0.1902,-50.0973,171.4491
429434,0.6005,0.3908,0.4319,0.4061,-0.0622,-49.1922,171.4162
429534,0.598,0.3906,0.4334,0.4069,0.1121,-50.0897,171.208
429634,0.5966,0.3904,0.4338,0.4074,-0.0349,-49.1789,171.3201
429734,0.5961,0.3904,0.434,0.4079,0.1288,-50.0843,171.0551
429834,0.5963,0.3904,0.4345,0.4081,-0.1411,-49.2751,171.1836
429934,0.597,0.3904,0.4348,0.4081,0.7633,-49.9544,170.4945
430034,0.5978,0.3903,0.4346,0.4084,-0.3722,-49.2085,171.4237
430134,0.5988,0.3905,0.4348,0.4085,0.89,-49.8423,170.4635
430234,0.5996,0.3906,0.4346,0.409,-0.3756,-49.2066,171.4263
430334,0.6004,0.3905,0.4351,0.4089,0.9034,-49.8401,170.3129
430434,0.6006,0.391,0.4349,0.4091,-0.3744,-49.211,171.285
430534,0.5979,0.391,0.4359,0.4088,0.7993,-49.8391,170.3167
430634,0.5965,0.3906,0.4355,0.409,-0.5201,-49.1707,171.3849
430734,0.596,0.3906,0.4353,0.4093,0.8314,-49.7537,170.3577
430834,0.596,0.3905,0.4356,0.4094,-0.6399,-49.1687,171.5408
430934,0.597,0.3904,0.4359,0.4093,0.8131,-49.6825,170.437
431034,0.5984,0.391,0.4365,0.409,-0.7424,-49.167,171.5421
431134,0.5999,0.3908,0.4363,0.4088,0.7713,-49.6319,170.3927
431234,0.6006,0.3909,0.4368,0.4093,-0.7462,-49.2664,171.545
431334,0.6013,0.391,0.4364,0.4094,0.8069,-49.5554,170.4306
431434,0.602,0.3911,0.4358,0.4094,-1.071,-49.2264,171.9864
431534,0.5996,0.3911,0.4364,0.4091,0.613,-49.4921,170.7084
431634,0.5978,0.3909,0.436,0.409,-1.0722,-49.2261,171.9873
431734,0.5973,0.391,0.4365,0.4089,0.6118,-49.4919,170.7094
431834,0.5973,0.3908,0.4361,0.409,-1.0733,-49.2259,171.9881
431934,0.5975,0.3909,0.4361,0.4093,0.6106,-49.4918,170.7103
432034,0.5983,0.3909,0.4355,0.4096,-1.1884,-49.1241,172.1402
432134,0.599,0.3909,0.4354,0.4096,0.4222,-49.4924,170.9189
432234,0.5999,0.3911,0.4354,0.4103,-1.19,-49.1236,172.1414
432334,0.6005,0.3911,0.4354,0.4104,0.4204,-49.4921,170.9203
432434,0.6018,0.3911,0.4353,0.4105,-1.0755,-49.1244,171.9895
432534,0.6004,0.3913,0.4355,0.41,0.5074,-49.5234,170.7889
432634,0.598,0.391,0.4354,0.4103,-1.0773,-49.1238,171.9908
432734,0.5975,0.3911,0.4355,0.4103,0.3888,-49.5232,170.9441
432834,0.5963,0.391,0.4369,0.4101,-1.1013,-49.0347,172.0736
432934,0.5991,0.3891,0.4086,0.421,0.0046,-49.5201,171.7126
433034,0.6068,0.3901,0.3835,0.4228,0.0698,-48.4014,171.74
433134,0.6123,0.3933,0.3924,0.3994,-0.3949,-49.215,171.7924
433234,0.615,0.3949,0.4026,0.4013,0.5226,-49.8197,170.7929
433334,0.6188,0.3964,0.401,0.4016,0.4495,-48.9103,170.5648
433434,0.6231,0.3976,0.3958,0.4004,-0.2632,-49.8305,170.6842
433534,0.6275,0.3978,0.3944,0.3979,0.0642,-48.8568,170.2818
433634,0.6294,0.3978,0.3936,0.3963,-0.1614,-49.8651,170.5183
433734,0.6329,0.3976,0.3943,0.3955,0.0481,-49.0646,170.2824
433834,0.63,0.3991,0.4011,0.3953,-0.1843,-49.9714,170.3841
433934,0.6268,0.4003,0.4079,0.3941,-0.0954,-49.0693,170.1623
434034,0.6243,0.4005,0.4135,0.3933,-0.0325,-49.9687,169.9643
434134,0.6234,0.4006,0.4174,0.3923,0.0191,-48.7525,169.925
434234,0.6234,0.4009,0.418,0.3916,-0.008,-49.5644,169.9455
434334,0.6246,0.4008,0.4195,0.3915,-0.1208,-48.4516,170.0959
434434,0.6233,0.4008,0.421,0.392,-0.0869,-47.4327,170.0707
434534,0.623,0.4006,0.419,0.3926,-0.053,-46.5078,170.0458
434634,0.6223,0.4006,0.4206,0.3928,-0.1198,-45.6774,170.0211
434734,0.6216,0.401,0.4214,0.393,-0.1919,-46.7077,170.0021
434834,0.6219,0.4011,0.4205,0.3935,-0.1283,-47.6314,169.9554
434934,0.6215,0.4011,0.4216,0.394,-0.0818,-46.7078,169.9214
435034,0.6195,0.4013,0.4263,0.3944,-0.2632,-47.6318,170.0502
435134,0.6175,0.4009,0.4289,0.3941,-0.168,-46.7095,169.9804
435234,0.6118,0.3999,0.4403,0.3958,-0.0038,-48.0312,169.7921
435334,0.6086,0.3973,0.4461,0.397,0.6204,-47.7123,169.494
435434,0.6081,0.3954,0.4494,0.3978,0.7455,-48.8093,169.1315
435534,0.6069,0.3945,0.4494,0.3989,0.0101,-49.7695,169.5563
435634,0.6061,0.394,0.4476,0.4003,0.1016,-48.9541,169.4218
435734,0.6063,0.3935,0.4449,0.4021,0.0937,-49.8579,169.5778
435834,0.606,0.3931,0.4425,0.403,-0.2066,-48.9473,169.8707
435934,0.6036,0.3926,0.4415,0.4035,0.0854,-49.8327,169.7142
436034,0.6015,0.3925,0.4404,0.404,-0.0921,-48.9218,169.849
436134,0.6008,0.3918,0.4385,0.4049,-0.0327,-49.9269,169.8693
436234,0.6004,0.3915,0.4379,0.406,-0.2097,-49.0119,170.1334
436334,0.6004,0.3913,0.4366,0.4079,0.2702,-49.8873,169.7688
436434,0.6008,0.391,0.4359,0.4093,-0.2122,-49.0072,170.1353
436534,0.6018,0.391,0.434,0.4088,0.3684,-49.9819,169.7691
436634,0.602,0.3906,0.4305,0.4059,-0.0783,-49.4143,170.1856
436734,0.6004,0.3906,0.4291,0.4108,1.6779,-49.2691,168.7883
436834,0.5995,0.3906,0.4288,0.4084,-0.0637,-49.4029,170.1094
436934,0.5978,0.3906,0.4296,0.4094,1.6785,-49.269,168.7878
437034,0.596,0.3903,0.4301,0.4105,-0.0633,-49.5028,170.1081
437134,0.5958,0.3903,0.4313,0.4124,0.444,-48.6269,169.8667
437234,0.5974,0.39,0.4311,0.4103,-0.1597,-49.2026,170.2486
437334,0.6011,0.3903,0.432,0.405,0.5455,-49.7394,169.5718
437434,0.6034,0.3904,0.432,0.4038,-0.5719,-48.9319,170.42
437534,0.6039,0.3906,0.4318,0.4036,0.276,-49.6998,169.702
437634,0.6041,0.3908,0.431,0.4039,-0.4749,-48.9714,170.2713
437734,0.6044,0.3908,0.4311,0.4043,0.4088,-49.7589,169.6007
437834,0.6044,0.3909,0.4316,0.405,-0.4784,-48.968,170.274
437934,0.601,0.3908,0.4346,0.4055,0.3053,-49.8555,169.6043
438034,0.5989,0.3909,0.4359,0.4058,-0.2682,-49.0906,170.0399
438134,0.5971,0.391,0.4353,0.4055,0.4635,-50.1171,169.4832
438234,0.5938,0.3911,0.4384,0.4113,-0.0948,-49.854,169.9077
438334,0.5924,0.3916,0.4395,0.4143,-0.0068,-48.9439,169.764
438434,0.5945,0.3914,0.4354,0.4163,0.007,-49.6552,169.7535
438534,0.5956,0.3913,0.4321,0.4171,-0.0175,-48.638,169.772
438634,0.5974,0.3914,0.4306,0.4171,0.0035,-49.4506,169.7561
438734,0.5986,0.3914,0.4298,0.417,-0.0579,-48.5329,169.8025
438834,0.6,0.3916,0.43,0.418,-0.097,-49.2463,169.7573
438934,0.5995,0.3919,0.4283,0.4183,0.3602,-50.108,169.3334
439034,0.5971,0.3918,0.4274,0.4173,-0.1867,-49.3246,169.6731
439134,0.5959,0.3914,0.4276,0.4154,1.239,-49.8685,168.4468
439234,0.5958,0.3915,0.428,0.4144,-0.1806,-49.328,169.528
439334,0.5943,0.3916,0.433,0.4173,1.264,-50.2651,168.2849
439434,0.5935,0.3919,0.4349,0.4176,0.2194,-49.6379,168.9416
439534,0.5948,0.3919,0.4338,0.4174,-0.6458,-48.8078,169.6619
439634,0.5955,0.3919,0.4323,0.4159,0.2249,-49.6002,169.0027
439734,0.597,0.3918,0.4314,0.4145,-0.6492,-48.8043,169.6645
439834,0.5985,0.392,0.4316,0.414,0.2205,-49.4974,169.0058
439934,0.5999,0.3921,0.431,0.4145,-1.0979,-48.6912,170.0028
440034,0.5974,0.3919,0.4314,0.4145,-0.094,-49.3035,169.1691
440134,0.596,0.3916,0.4314,0.4131,0.7168,-50.1093,168.5506
440234,0.5978,0.3913,0.4333,0.4089,0.0197,-49.1988,169.0183
440334,0.598,0.3913,0.4339,0.4089,-0.0712,-50.106,169.0876
440434,0.598,0.391,0.4338,0.409,-0.0794,-49.1934,169.0167
440534,0.6006,0.3898,0.4106,0.4284,-0.5128,-48.0765,169.6048
440634,0.6145,0.3941,0.3539,0.4443,-1.006,-48.7731,169.8019
440734,0.6154,0.356,0.2871,0.4153,-2.4946,-54.8672,168.3874
440834,0.4428,0.3346,0.3021,0.4063,-1.1127,-55.7176,167.682
440934,0.4701,0.3158,0.3158,0.4,-0.0872,-54.1924,166.7214
441034,0.497,0.3466,0.324,0.394,0.1983,-54.6704,166.4887
441134,0.5426,0.3645,0.3326,0.3876,-0.7046,-53.5453,167.279
441234,0.612,0.3775,0.3473,0.383,-0.1932,-53.4906,166.9203
441334,0.6359,0.3698,0.359,0.3838,0.182,-53.6804,166.7767
441434,0.6191,0.3619,0.3656,0.3841,0.1409,-52.6885,166.8099
441534,0.5834,0.3515,0.373,0.3855,0.1,-51.59,166.8425
441634,0.5499,0.341,0.3795,0.3863,-0.0421,-50.4846,166.8743
441734,0.5343,0.3384,0.388,0.3883,0.2058,-48.0644,166.6993
441834,0.4981,0.343,0.4039,0.3898,0.1758,-48.0824,166.6573
441934,0.514,0.3455,0.4124,0.3911,0.0541,-48.3993,166.7493
442034,0.523,0.345,0.4178,0.3939,0.0047,-49.0143,166.7866
442134,0.5301,0.3436,0.4185,0.3964,0.01,-49.725,166.6424
442234,0.5368,0.3436,0.4221,0.3979,0.0969,-48.4063,166.5118
442334,0.5434,0.3441,0.4268,0.3988,-0.1927,-49.3187,166.5811
442434,0.5464,0.345,0.4361,0.4004,0.9911,-49.8809,165.5285
442534,0.5493,0.345,0.4463,0.4015,-0.408,-49.3542,166.6579
442634,0.552,0.3456,0.4515,0.4025,-0.0883,-48.4438,166.2859
442734,0.555,0.346,0.4503,0.4034,0.1577,-47.5252,165.9697
442834,0.5574,0.3464,0.4503,0.4043,0.3046,-48.4428,165.7263
442934,0.5585,0.3469,0.4473,0.405,0.4419,-47.6248,165.4903
443034,0.559,0.3474,0.4451,0.4055,0.2908,-46.8054,165.4586
443134,0.5598,0.3479,0.444,0.4061,0.1915,-47.9266,165.531
443234,0.5606,0.3485,0.4426,0.4064,0.1294,-47.2064,165.5764
443334,0.5619,0.3489,0.441,0.4071,-0.1386,-46.3808,165.9082
443434,0.5606,0.3489,0.441,0.4076,0.0024,-47.5059,165.8775
443534,0.5589,0.3493,0.439,0.4081,0.0012,-48.5245,165.8783
443634,0.5584,0.3495,0.4369,0.4086,-0.0001,-49.5366,165.8793
443734,0.5586,0.3496,0.4358,0.4075,0.1159,-48.8201,165.7263
443834,0.56,0.3499,0.435,0.4084,-0.067,-49.8255,165.8649
443934,0.5609,0.3503,0.4336,0.4093,0.0751,-49.1141,165.757
444034,0.5619,0.3506,0.4328,0.4105,-0.048,-50.1141,165.7856
444134,0.563,0.3509,0.4313,0.4114,0.1304,-49.2007,165.5852
444234,0.5634,0.3509,0.4293,0.4104,-0.5632,-50.1583,166.1788
444334,0.5638,0.3513,0.4253,0.4061,0.1861,-49.5068,165.5431
444434,0.5621,0.351,0.4216,0.4104,-0.98,-49.0186,166.4262
444534,0.5595,0.351,0.4214,0.4115,0.3339,-49.6624,165.3553
444634,0.5584,0.3511,0.4203,0.4125,-0.6265,-48.9945,166.0835
444734,0.5573,0.3513,0.4181,0.4191,0.5849,-50.0004,165.2395
444834,0.5549,0.3515,0.4176,0.4223,-0.1054,-49.2843,165.842
444934,0.5569,0.3519,0.4183,0.4181,0.6782,-50.0016,165.1044
445034,0.5595,0.3524,0.4188,0.4105,-0.3049,-49.0098,165.7766
445134,0.5624,0.3529,0.4198,0.4066,0.1619,-49.8525,165.2718
445234,0.5638,0.3533,0.4199,0.4068,-0.1566,-49.0527,165.5137
445334,0.5649,0.3538,0.4199,0.4064,0.031,-50.0374,165.3611
445434,0.5661,0.354,0.4194,0.4066,-0.0131,-49.1234,165.3948
445534,0.566,0.3541,0.4203,0.4064,0.2656,-49.9322,165.0526
445634,0.5636,0.3544,0.4216,0.4064,0.0613,-49.0459,165.0785
445734,0.5623,0.3541,0.4214,0.406,-0.1982,-49.9516,165.2007
445834,0.5624,0.3543,0.422,0.4061,0.1218,-49.052,164.9573
445934,0.5629,0.3545,0.4225,0.4064,-0.1967,-50.046,165.1996
446034,0.5636,0.3549,0.4233,0.4065,-0.0235,-49.1429,164.9906
446134,0.5644,0.3551,0.4225,0.4069,-0.0569,-50.0507,165.081
446234,0.5653,0.3551,0.4223,0.4073,0.0224,-49.1374,165.0207
446334,0.5661,0.3553,0.4223,0.4078,-0.0564,-50.0453,165.0806
446434,0.5671,0.3555,0.4226,0.4078,0.1399,-49.1319,164.8666
446534,0.5685,0.356,0.4228,0.408,-0.4264,-50.0083,165.2224
446634,0.5681,0.3563,0.423,0.4078,0.0718,-49.1486,164.7661
446734,0.5655,0.3563,0.4231,0.4079,-0.1903,-50.1467,164.9658
446834,0.5646,0.3563,0.4233,0.408,-0.0782,-49.2408,164.9448
446934,0.5645,0.3564,0.423,0.408,0.2461,-50.1202,164.7624
447034,0.565,0.3565,0.4234,0.4081,-0.0596,-49.2204,164.9955
447134,0.5663,0.3568,0.4243,0.4083,0.1438,-50.1152,164.7651
447234,0.567,0.3571,0.4241,0.408,-0.0378,-49.2063,164.9036
447334,0.568,0.3574,0.424,0.408,0.1426,-50.1099,164.766
447434,0.5689,0.3575,0.4239,0.4084,-0.0388,-49.2009,164.9044
447534,0.5699,0.3576,0.4235,0.4084,0.0413,-50.2041,164.768
447634,0.5706,0.3579,0.4229,0.4085,-0.1231,-49.291,164.9579
447734,0.5684,0.3578,0.4238,0.4079,0.6825,-49.9701,164.2685
447834,0.5675,0.3579,0.4213,0.4078,-0.2415,-49.192,164.972
447934,0.5646,0.3576,0.4,0.4161,0.6882,-50.6633,164.2624
448034,0.5616,0.3581,0.4056,0.4106,0.2104,-50.3912,164.6267
448134,0.5596,0.357,0.387,0.4264,0.2977,-49.083,164.9352
448234,0.5708,0.3591,0.3921,0.3976,-1.0719,-49.2005,165.5225
448334,0.5778,0.3633,0.3871,0.3955,0.2888,-49.5046,164.2634
448434,0.5779,0.3656,0.3849,0.399,-1.1396,-48.9683,165.3453
448534,0.5845,0.3673,0.3825,0.3985,0.0855,-49.5048,164.267
448634,0.5946,0.3678,0.3809,0.3976,-0.685,-48.6562,164.7728
448734,0.597,0.3688,0.3858,0.3974,-0.3562,-49.4787,164.5064
448834,0.5891,0.3686,0.392,0.3974,0.9408,-49.3088,163.4352
448934,0.5836,0.3681,0.3994,0.3971,-1.1094,-49.4654,164.9053
449034,0.5794,0.3669,0.4116,0.3968,0.5351,-49.0556,163.5794
449134,0.5783,0.366,0.4189,0.3964,-0.6768,-49.6609,164.4244
449234,0.5791,0.3658,0.4223,0.3971,0.6594,-49.0088,163.0507
449334,0.58,0.3656,0.4238,0.3978,-0.5063,-49.6913,163.9351
449434,0.5808,0.3656,0.4235,0.3988,0.5656,-49.2079,163.0452
449534,0.5811,0.366,0.4225,0.399,0.4362,-48.3979,163.1419
449634,0.5798,0.3659,0.4206,0.3995,0.0486,-49.2893,163.4337
449734,0.5794,0.3656,0.4183,0.4,-0.4694,-50.1728,163.8938
449834,0.5785,0.3656,0.418,0.4003,0.0577,-49.3014,163.4916
449934,0.5779,0.3656,0.4184,0.4005,-0.4659,-50.1681,163.8911
450034,0.5769,0.3643,0.4248,0.4011,0.0602,-49.0954,163.4892
450134,0.5788,0.3616,0.4315,0.4021,0.0967,-50.1986,163.4713
450234,0.5915,0.3616,0.432,0.4026,0.1956,-49.1905,163.3316
450334,0.5945,0.3614,0.4344,0.4021,-0.3635,-49.9072,163.7675
450434,0.5921,0.3615,0.4345,0.4035,0.2447,-48.9481,163.3051
450534,0.5905,0.3615,0.4351,0.4036,-0.2349,-49.7244,163.6692
450634,0.5896,0.3618,0.436,0.4045,-0.1859,-48.7139,163.6319
450734,0.589,0.3618,0.4353,0.4051,-0.1379,-47.8981,163.5962
450834,0.5894,0.362,0.4343,0.4061,-0.0926,-47.077,163.563
450934,0.5893,0.3619,0.4333,0.407,-0.1668,-48.0981,163.6856
451034,0.5889,0.3619,0.4329,0.408,-0.1646,-49.1106,163.7505
451134,0.5889,0.362,0.4316,0.4088,0.3397,-49.9816,163.3667
451234,0.5873,0.3618,0.4323,0.4094,0.3897,-49.0731,163.2641
451334,0.5823,0.3614,0.4316,0.4099,0.297,-48.1602,163.3336
451434,0.578,0.361,0.4301,0.4115,0.1812,-49.168,163.4942
451534,0.5751,0.3608,0.4296,0.4126,-0.3709,-50.0089,163.8496
451634,0.574,0.3605,0.4289,0.4116,0.1565,-49.237,163.4483
451734,0.5735,0.3606,0.429,0.4106,-0.7426,-50.1461,164.0584
451834,0.5739,0.3606,0.4284,0.4095,0.0627,-49.334,163.4439
451934,0.574,0.3604,0.4264,0.4069,-0.7392,-50.2418,164.0562
452034,0.574,0.3604,0.4224,0.4088,-0.0109,-49.6121,163.5005
452134,0.5743,0.3606,0.4218,0.4114,0.0352,-48.7961,163.4657
452234,0.5749,0.3605,0.4223,0.4151,-0.0184,-50.005,163.5062
452334,0.5725,0.3606,0.4283,0.4195,0.245,-49.3919,163.1761
452434,0.5685,0.3609,0.4278,0.4195,-1.6046,-49.1271,164.5025
452534,0.5704,0.3608,0.4253,0.4156,0.2006,-49.2116,162.9267
452634,0.5718,0.3606,0.425,0.4123,-0.5426,-49.8054,163.4274
452734,0.5728,0.3608,0.4255,0.4103,0.4707,-49.0508,162.5161
452834,0.574,0.3613,0.4264,0.4095,-0.6465,-49.7933,163.2895
452934,0.5745,0.3615,0.4265,0.4091,0.4883,-49.0936,162.4273
453034,0.5754,0.362,0.4268,0.4094,-0.7428,-49.7906,163.2874
453134,0.5761,0.3621,0.4269,0.4098,0.4866,-49.1356,162.3531
453234,0.577,0.3625,0.4269,0.41,-0.739,-49.7887,163.2845
453334,0.5779,0.3626,0.4269,0.4101,0.4901,-49.1336,162.3504
453434,0.5773,0.3626,0.427,0.4103,-0.7182,-49.7872,163.1282
453534,0.5748,0.363,0.4274,0.4094,0.4952,-49.1242,162.2061
453634,0.5736,0.3621,0.4269,0.409,-0.8145,-49.7848,163.1261
453734,0.5733,0.3616,0.4265,0.4084,0.4805,-49.165,162.1418
453834,0.5734,0.362,0.4271,0.4086,-0.6949,-49.8837,162.9702
453934,0.5743,0.3625,0.4275,0.4085,0.3511,-49.148,162.1746
454034,0.5751,0.3628,0.4271,0.4083,-0.6908,-49.8811,162.967
454134,0.576,0.3626,0.4268,0.4076,0.2551,-49.1457,162.1708
454234,0.5764,0.3628,0.4265,0.407,-0.5671,-49.9496,162.7964
454334,0.5774,0.3629,0.4261,0.4069,0.2587,-49.142,162.1681
454434,0.5784,0.363,0.4259,0.4069,-0.5631,-49.946,162.7934
454534,0.5783,0.3631,0.426,0.407,0.2795,-49.1384,162.0107
454634,0.5755,0.3629,0.4264,0.4068,-0.684,-49.9305,162.6684
454734,0.5745,0.3629,0.4263,0.4075,0.2894,-49.1686,161.9277
454834,0.5745,0.3631,0.4265,0.4081,-0.5795,-49.928,162.6641
454934,0.5746,0.3631,0.427,0.4085,0.1864,-49.132,162.0046
455034,0.5754,0.3633,0.4273,0.4088,-0.4186,-49.9858,162.465
455134,0.5763,0.3633,0.4268,0.4088,0.1894,-49.1276,162.0023
455234,0.5771,0.3636,0.427,0.4091,-0.4152,-49.9814,162.4624
455334,0.5776,0.3635,0.4266,0.4094,0.1923,-49.1231,162.0001
455434,0.5789,0.3638,0.4265,0.4099,-0.4119,-49.9771,162.4598
455534,0.5796,0.3638,0.4263,0.41,0.1953,-49.1187,161.9978
455634,0.579,0.364,0.4263,0.4098,-0.2909,-49.9731,162.3027
455734,0.5766,0.364,0.4266,0.4093,0.1541,-49.0882,161.9642
455834,0.5758,0.3639,0.4265,0.4089,-0.3893,-50.0675,162.3026
455934,0.5759,0.364,0.4264,0.4089,0.1177,-49.1923,161.9163
456034,0.5763,0.3641,0.4264,0.409,-0.3871,-50.1623,162.301
456134,0.5771,0.364,0.4256,0.4089,-0.0402,-49.279,161.9592
456234,0.5783,0.3641,0.425,0.409,0.2653,-50.1731,161.726
456334,0.5789,0.3643,0.4241,0.4086,-0.0419,-49.2737,161.9604
456434,0.5794,0.3643,0.4236,0.4089,0.2638,-50.2673,161.727
456534,0.5801,0.3641,0.4219,0.4086,-0.0098,-49.3656,161.9361
456634,0.5809,0.3645,0.4178,0.4086,0.2612,-50.2616,161.729
456734,0.5728,0.3646,0.4136,0.4131,-0.056,-50.9698,162.2529
456834,0.5659,0.3645,0.3906,0.4323,0.1548,-50.0617,162.3881
456934,0.5764,0.3639,0.3925,0.412,-0.671,-47.5435,162.833
457034,0.5809,0.3655,0.4041,0.403,-0.7505,-48.3486,162.5977
457134,0.5818,0.3665,0.4039,0.4031,-0.1402,-49.2062,162.1387
457234,0.5829,0.3681,0.399,0.4036,-0.308,-48.4939,162.1131
457334,0.5855,0.3694,0.3963,0.4031,-0.0874,-49.3935,161.7319
457434,0.5875,0.3704,0.3966,0.4013,1.3677,-49.5835,160.3982
457534,0.589,0.371,0.3981,0.4006,-0.5348,-49.349,161.6916
457634,0.5906,0.3718,0.4023,0.3995,-0.6148,-48.439,161.5992
457734,0.5896,0.3716,0.4059,0.3994,-0.261,-49.3067,161.1838
457834,0.5894,0.3715,0.408,0.3985,1.1039,-49.811,160.0695
457934,0.5896,0.3711,0.4161,0.3981,-0.5045,-49.2731,160.9986
458034,0.59,0.3709,0.4195,0.3978,-0.5893,-48.3624,160.91
458134,0.5909,0.3708,0.4203,0.3978,-0.1926,-49.2396,160.5371
458234,0.5919,0.3709,0.421,0.3979,0.7503,-49.9068,159.8191
458334,0.5925,0.3708,0.4211,0.3981,0.5012,-49.0015,159.9315
458434,0.5931,0.371,0.4228,0.3986,0.3801,-48.0891,160.0222
458534,0.5913,0.3706,0.4196,0.3989,0.2625,-47.1707,160.1091
458634,0.5909,0.3708,0.414,0.3999,0.0568,-48.1899,160.1879
458734,0.5894,0.3695,0.4089,0.4003,-0.291,-47.4702,160.6469
458834,0.5869,0.3683,0.4136,0.4001,-0.4038,-46.8475,161.0087
458934,0.5899,0.3679,0.4265,0.4009,0.1633,-47.6691,160.4602
459034,0.5936,0.3674,0.4316,0.4019,-0.1457,-48.5862,160.8242
459134,0.5948,0.3674,0.434,0.4031,0.0025,-49.395,160.8525
459234,0.5916,0.3671,0.4376,0.404,-0.2847,-50.2439,161.1582
459334,0.5884,0.367,0.4384,0.4049,0.2044,-49.4381,160.8108
459434,0.5861,0.3671,0.4376,0.4058,0.1595,-48.5264,160.8447
459534,0.5844,0.3671,0.4365,0.4066,-0.0068,-49.5345,160.97
459634,0.5836,0.3671,0.4359,0.408,0.0385,-48.7179,160.9358
459734,0.5824,0.3669,0.4348,0.4093,0.0285,-47.8011,160.9433
459834,0.5821,0.367,0.4331,0.4106,0.0123,-48.7185,160.9552
459934,0.5825,0.367,0.4314,0.4116,-0.1207,-49.7292,161.1216
460034,0.583,0.3668,0.4293,0.4133,0.0884,-48.9294,161.0282
460134,0.5816,0.3668,0.43,0.4119,0.0668,-48.1148,161.0443
460234,0.5796,0.3666,0.4299,0.408,0.1336,-49.1291,160.9277
460334,0.5783,0.3664,0.4281,0.4106,-0.309,-50.1084,161.2646
460434,0.5771,0.3663,0.4254,0.4109,-0.04,-49.3173,161.1244
460534,0.5779,0.366,0.4235,0.4115,0.4006,-50.1961,160.788
460634,0.5784,0.3665,0.4243,0.4133,-0.0425,-49.4129,161.1261
460734,0.5768,0.367,0.427,0.4163,1.4358,-49.3055,160.0045
460834,0.5738,0.3673,0.4311,0.4226,-0.3156,-50.0159,161.3297
460934,0.5719,0.3676,0.4294,0.4278,0.0162,-49.8361,161.1429
461034,0.5728,0.3681,0.4265,0.429,-0.0174,-48.9208,161.1685
461134,0.5749,0.3684,0.422,0.4301,0.016,-49.5327,161.1431
461234,0.5735,0.3685,0.4219,0.4276,-0.1904,-48.4156,161.2223
461334,0.5723,0.3684,0.4208,0.4263,-0.0146,-49.3246,161.0898
461434,0.5719,0.3684,0.4208,0.4251,0.0482,-50.3267,161.1067
461534,0.5724,0.3683,0.4213,0.4243,0.0008,-49.4145,161.1429
461634,0.5729,0.3684,0.4215,0.4239,-0.0453,-48.4954,161.1778
461734,0.5739,0.3684,0.4216,0.4229,-0.0998,-49.4081,161.1444
461834,0.5749,0.3685,0.4214,0.423,1.6276,-49.2296,159.8344
461934,0.5756,0.3684,0.4211,0.4234,-0.099,-49.4081,161.1438
462034,0.5763,0.3686,0.4209,0.4236,1.6282,-49.2291,159.8339
462134,0.5774,0.3686,0.421,0.4233,-0.0982,-49.408,161.1432
462234,0.5783,0.3688,0.4205,0.4239,1.5157,-49.3308,159.9836
462334,0.5764,0.3688,0.421,0.423,-0.2388,-49.4074,161.3151
462434,0.5744,0.3689,0.4214,0.4221,1.5159,-49.3307,159.9834
462534,0.5735,0.3685,0.4215,0.4218,-0.238,-49.3074,161.3153
462634,0.5735,0.3686,0.4219,0.4218,1.0869,-49.8413,160.2311
462734,0.5739,0.3685,0.4219,0.4221,-0.2952,-49.275,161.283
462834,0.5748,0.3685,0.422,0.4211,0.9832,-49.8408,160.2345
462934,0.5755,0.3685,0.4219,0.4213,-0.3438,-49.2399,161.2442
463034,0.5761,0.3686,0.4218,0.4213,0.9795,-49.8394,160.2373
463134,0.5769,0.3686,0.4216,0.4211,-0.3471,-49.2383,161.2467
463234,0.5779,0.3688,0.4215,0.4214,0.9759,-49.838,160.2401
463334,0.5786,0.3689,0.421,0.422,-0.4674,-49.2364,161.403
463434,0.577,0.3688,0.4211,0.421,1.003,-49.7365,160.2851
463534,0.5749,0.3686,0.4211,0.421,-0.471,-49.3358,161.4055
463634,0.5744,0.3685,0.4214,0.4208,1.238,-49.5536,160.1069
463734,0.5743,0.3685,0.4218,0.4203,-0.4721,-49.3356,161.4062
463834,0.5745,0.3684,0.4214,0.4213,1.2394,-49.6534,160.1054
463934,0.5756,0.3685,0.4218,0.4203,-0.4953,-49.3131,161.3478
464034,0.5764,0.3688,0.4214,0.4201,1.18,-49.5924,160.0748
464134,0.5773,0.3688,0.4215,0.4205,-0.5976,-49.4123,161.349
464234,0.5783,0.3689,0.4216,0.4203,1.163,-49.463,160.012
464334,0.5789,0.369,0.4214,0.4203,-0.5882,-49.4615,161.3416
464434,0.5794,0.369,0.4206,0.4208,1.0187,-49.3695,160.187
464534,0.5778,0.369,0.4206,0.4208,-0.8565,-49.4132,161.6758
464634,0.576,0.3689,0.4206,0.4201,0.9029,-49.3762,160.34
464734,0.5759,0.369,0.4208,0.4205,-0.8581,-49.5132,161.6769
464834,0.5759,0.369,0.4213,0.4201,0.7444,-49.2797,160.3841
464934,0.5761,0.3689,0.4213,0.4201,-0.8266,-49.642,161.512
465034,0.5769,0.3691,0.4181,0.4253,0.6,-49.1864,160.3521
465134,0.5768,0.3686,0.3914,0.4266,-0.7622,-49.7946,161.4626
465234,0.5811,0.3705,0.3805,0.3979,-0.2032,-48.7424,161.283
465334,0.5894,0.3693,0.3995,0.3954,-0.4322,-48.1513,161.2175
465434,0.5879,0.3676,0.4223,0.4,-0.225,-49.7481,160.9906
465534,0.5841,0.3681,0.4261,0.4031,0.2449,-48.8787,160.4158
465634,0.5823,0.3683,0.4251,0.4036,-0.1753,-49.8625,160.7344
465734,0.5818,0.3689,0.4243,0.4036,0.0619,-49.1653,160.4776
465834,0.582,0.3693,0.4233,0.4031,-0.181,-50.2642,160.6626
465934,0.5818,0.3695,0.4218,0.403,0.0086,-49.7591,160.5182
466034,0.582,0.3698,0.4149,0.4026,0.322,-49.3457,160.2265
466134,0.5823,0.3704,0.4105,0.4025,-1.5851,-49.8078,161.6669
466234,0.5839,0.3713,0.4113,0.4019,-0.0091,-49.7017,160.4693
466334,0.5846,0.372,0.4129,0.401,-0.0655,-48.8862,160.2936
466434,0.585,0.3723,0.4143,0.4005,0.1519,-49.7946,160.2035
466534,0.5834,0.3721,0.4149,0.4001,-0.2724,-48.8961,160.3068
466634,0.5838,0.3719,0.4154,0.4003,0.1059,-49.6732,159.9448
466734,0.5838,0.3718,0.4171,0.3999,-0.2201,-48.6736,160.0499
466834,0.5849,0.3711,0.4098,0.4006,0.1547,-49.5743,159.8411
466934,0.5889,0.3694,0.4011,0.402,-0.3731,-49.0406,160.394
467034,0.5906,0.3684,0.4101,0.4034,0.4721,-50.1381,159.7515
467134,0.5928,0.3685,0.4158,0.4046,-0.1976,-49.2706,160.3269
467234,0.5919,0.3691,0.419,0.4046,0.9253,-49.7763,159.3318
467334,0.5925,0.3694,0.422,0.4048,-0.5502,-48.8059,160.3779
467434,0.593,0.3696,0.4235,0.4053,0.2142,-49.2288,159.7984
467534,0.5934,0.37,0.4263,0.4058,-0.7559,-49.887,160.5369
467634,0.5968,0.3709,0.4289,0.4064,0.3424,-49.1723,159.7014
467734,0.5979,0.3709,0.4288,0.4071,-0.7532,-49.9841,160.5351
467834,0.5981,0.371,0.4291,0.4079,0.1214,-49.2233,159.792
467934,0.5973,0.3711,0.4295,0.4085,-0.4803,-50.1766,160.2508
468034,0.5934,0.3709,0.4301,0.409,0.0555,-49.3067,159.8419
468134,0.59,0.3708,0.4296,0.4096,-0.4768,-50.172,160.2481
468234,0.5879,0.3709,0.4293,0.4109,0.0584,-49.3019,159.8398
468334,0.587,0.3705,0.4289,0.4114,-0.5931,-50.266,160.402
468434,0.5869,0.3708,0.43,0.4143,-0.005,-49.5064,159.9529
468534,0.5865,0.3709,0.4296,0.4131,0.0367,-48.7901,159.9213
468634,0.5861,0.3709,0.4291,0.4118,-0.0186,-49.8002,159.9632
468734,0.5855,0.3709,0.4291,0.4103,0.0234,-48.9853,159.9314
468834,0.5864,0.371,0.4291,0.4081,-0.0286,-49.8947,159.9709
468934,0.5861,0.3709,0.4294,0.4109,0.0238,-49.1811,159.9311
469034,0.5836,0.3708,0.4306,0.4111,-0.1773,-50.0882,160.009
469134,0.5815,0.3705,0.43,0.413,0.0547,-49.2827,159.8324
469234,0.5799,0.3704,0.4289,0.4148,-0.489,-50.3623,160.3125
469334,0.5785,0.3701,0.4281,0.4158,-0.0409,-49.6814,159.9703
469434,0.5784,0.3703,0.4276,0.4169,0.0897,-48.868,159.8713
469534,0.5789,0.3701,0.4271,0.4179,-0.0649,-49.7752,159.9885
469634,0.5794,0.37,0.4258,0.419,0.0905,-48.8628,159.8707
469734,0.5801,0.3703,0.4261,0.4201,0.053,-49.8693,159.8336
469834,0.5806,0.3703,0.4244,0.4218,-0.0491,-49.1566,159.9113
469934,0.5811,0.3705,0.4216,0.4241,-0.1004,-50.4578,160.0806
470034,0.5813,0.3701,0.4199,0.4268,-0.133,-49.6477,160.1698
470134,0.5818,0.3704,0.4196,0.4289,0.2322,-48.6633,159.8167
470234,0.5795,0.3703,0.4214,0.4276,0.1788,-49.5628,159.7258
470334,0.5781,0.3703,0.4223,0.4273,-0.6761,-48.5608,160.372
470434,0.5776,0.37,0.4218,0.427,0.0037,-49.4031,159.8591
470534,0.579,0.3703,0.4223,0.4259,-0.7678,-48.5513,160.3648
470634,0.5803,0.3703,0.4221,0.4249,-0.1348,-49.4769,159.9536
470734,0.5818,0.3704,0.4223,0.4236,0.7981,-48.8903,159.3783
470834,0.5823,0.3705,0.4214,0.4226,-0.5492,-49.5952,160.5298
470934,0.5831,0.3706,0.4214,0.4225,1.0093,-49.0685,159.2825
471034,0.5838,0.3706,0.4211,0.4225,-0.4669,-49.5516,160.2613
471134,0.584,0.3708,0.4213,0.4224,1.0165,-49.1564,159.1363
471234,0.5846,0.3709,0.421,0.4233,-0.5889,-49.7327,160.3537
471334,0.5824,0.3708,0.4224,0.4209,0.2786,-49.2564,159.6071
471434,0.5808,0.3708,0.4221,0.421,-0.987,-49.9888,160.5709
471534,0.5803,0.3705,0.4228,0.42,0.165,-49.3982,159.6935
471634,0.5833,0.3706,0.4254,0.4154,-1.5891,-49.1895,161.0237
471734,0.5854,0.3709,0.4268,0.413,0.0015,-49.4126,159.8829
471834,0.5845,0.3708,0.4255,0.4141,-0.0967,-48.4945,159.957
471934,0.583,0.3708,0.4226,0.4163,0.0008,-49.4061,159.8835
472034,0.5833,0.3705,0.4233,0.4171,-0.0961,-48.588,159.9567
472134,0.5841,0.3706,0.4239,0.4166,0.0121,-49.4987,159.8749
472234,0.5848,0.371,0.4241,0.4158,-0.0967,-48.5826,159.9571
472334,0.5849,0.3709,0.4231,0.4164,-0.1044,-49.5926,160.0287
472434,0.5831,0.3709,0.4236,0.4151,0.3643,-48.7086,159.6742
472534,0.5814,0.3708,0.4234,0.4146,-0.1018,-49.5879,160.0268
472634,0.5809,0.3706,0.423,0.4134,0.3665,-48.7038,159.6725
472734,0.5813,0.3705,0.4235,0.4125,-0.0994,-49.6826,160.0248
472834,0.5813,0.3704,0.4234,0.4121,0.2127,-48.8811,159.7884
472934,0.582,0.3705,0.4239,0.4119,-0.1562,-49.7716,160.0681
473034,0.5828,0.3705,0.4233,0.4123,0.2146,-48.8762,159.787
473134,0.5831,0.3706,0.4236,0.4123,-0.1544,-49.8661,160.0667
473234,0.5836,0.3706,0.4233,0.4125,0.0414,-49.0644,159.8412
473334,0.5844,0.3709,0.4234,0.4128,-0.0725,-50.0712,159.9278
473434,0.5853,0.371,0.4228,0.4141,0.0254,-49.2592,159.8533
473534,0.585,0.3711,0.4219,0.4143,-0.1423,-50.2625,159.9813
473634,0.5828,0.3709,0.4221,0.4141,-0.1106,-49.3527,160.0214
473734,0.5819,0.3709,0.4221,0.414,1.0591,-50.0143,159.1189
473834,0.5816,0.3706,0.422,0.4148,-0.1115,-49.3321,160.0114
473934,0.5818,0.3708,0.4221,0.4156,1.175,-50.1104,158.9651
474034,0.5825,0.371,0.4223,0.4158,-0.0698,-49.517,159.8377
474134,0.5833,0.371,0.4228,0.4155,0.44,-48.7392,159.4523
474234,0.5838,0.3709,0.4214,0.415,-0.3544,-49.6995,160.0441
474334,0.5845,0.371,0.4213,0.4151,0.3255,-49.0171,159.6587
474434,0.5851,0.371,0.4211,0.415,-0.6256,-49.847,160.5116
474534,0.586,0.3711,0.4213,0.4148,0.5186,-49.1036,159.577
474634,0.5864,0.3714,0.4208,0.4155,-0.6752,-49.8727,160.4841
474734,0.5838,0.3715,0.4205,0.4154,0.2676,-49.2363,159.6905
474834,0.5778,0.3711,0.4235,0.4183,-1.1536,-51.2142,160.909
474934,0.5758,0.3709,0.4119,0.4336,-0.4935,-50.153,160.4742
475034,0.5828,0.3706,0.4086,0.4186,-0.57,-48.2812,160.4882
475134,0.5841,0.3704,0.4125,0.4115,-0.236,-49.2645,160.3038
475234,0.5845,0.3705,0.4118,0.4095,0.9596,-49.9313,159.3933
475334,0.5853,0.3714,0.4076,0.4089,-0.4392,-49.2612,160.3049
475434,0.5869,0.3721,0.4043,0.4079,0.8751,-49.7259,159.1544
475534,0.5889,0.373,0.4021,0.4065,-0.7522,-49.4874,160.2378
475634,0.5911,0.3741,0.3989,0.4041,0.53,-49.3802,159.2424
475734,0.5934,0.375,0.4001,0.4033,-1.6778,-49.4252,161.0382
475834,0.5933,0.3751,0.4051,0.4029,-0.3826,-49.1928,160.3125
475934,0.5939,0.3748,0.4106,0.4028,0.7283,-49.7449,159.5326
476034,0.5949,0.3749,0.4159,0.4024,-0.7652,-49.2228,160.5141
476134,0.595,0.3745,0.4188,0.4021,0.6332,-49.6873,159.4418
476234,0.5954,0.3746,0.4186,0.4024,-0.9009,-49.1781,160.5949
476334,0.5956,0.3749,0.4164,0.404,0.4632,-49.7629,159.6905
476434,0.5946,0.3748,0.407,0.4041,-0.4044,-49.3991,160.4257
476534,0.5938,0.375,0.404,0.4045,1.2494,-49.7878,159.2333
476634,0.5936,0.3751,0.4056,0.4044,-0.1409,-49.3154,160.2265
476734,0.5909,0.3746,0.4078,0.4041,1.0332,-50.0926,159.3311
476834,0.5894,0.3744,0.4126,0.4041,-0.0422,-49.5706,160.1506
476944,0.5821,0.3738,0.4204,0.4053,0.1782,-48.8617,159.9838
477044,0.5779,0.3734,0.4231,0.3806,-0.122,-49.7591,160.2114
477144,0.5796,0.3731,0.4244,0.3866,0.1798,-48.8566,159.9826
477244,0.5861,0.3731,0.426,0.4041,-0.1197,-49.5553,160.2097
477344,0.5886,0.3733,0.4283,0.4049,0.6362,-48.5998,159.5732
477444,0.5803,0.373,0.4324,0.4101,0.6528,-49.2398,159.1676
477544,0.5786,0.3738,0.4326,0.4126,-0.4789,-49.7227,159.7667
477644,0.5744,0.3728,0.4311,0.3864,0.5893,-49.2948,158.956
477744,0.5743,0.3726,0.4295,0.3903,-1.2043,-49.7783,160.3844
477844,0.577,0.3723,0.4286,0.3946,0.1809,-49.3015,159.3952
477944,0.5814,0.3725,0.4281,0.4055,-1.0521,-49.9498,160.3345
478044,0.5745,0.3725,0.4274,0.4124,-0.0498,-49.1983,159.6996
478144,0.5773,0.3726,0.4264,0.4139,0.1769,-49.9004,159.5268
478244,0.5771,0.3725,0.4258,0.4155,-0.2537,-48.8992,159.9189
478344,0.5769,0.3726,0.4256,0.3941,0.314,-49.7791,159.4228
478444,0.5769,0.3724,0.4265,0.3983,-0.4737,-48.9359,159.9438
478544,0.581,0.3721,0.4268,0.4044,0.3557,-49.7392,159.3146
478644,0.5738,0.372,0.4268,0.4113,-0.4771,-48.9322,159.9464
478744,0.5746,0.3721,0.4278,0.415,0.3519,-49.7357,159.3175
478844,0.5764,0.3721,0.4269,0.4161,-0.4796,-48.8281,159.9482
478944,0.5751,0.3723,0.4253,0.3963,0.2261,-49.5634,159.4134
479044,0.5776,0.3723,0.4218,0.4043,-0.7876,-48.9135,160.181
479144,0.582,0.3725,0.4195,0.4181,0.3511,-49.8083,159.3186
479244,0.5815,0.3728,0.4196,0.4275,-0.3594,-48.9707,159.8581
479344,0.5764,0.3728,0.4189,0.4284,0.2461,-49.6058,159.3232
479444,0.5798,0.373,0.4204,0.4259,-0.667,-48.6218,160.0142
479544,0.5754,0.3729,0.4214,0.3986,0.0495,-49.2566,159.4723
479644,0.5758,0.3728,0.4216,0.4024,-0.366,-49.9508,159.7135
479744,0.5814,0.3729,0.4216,0.4105,0.0867,-49.0854,159.434
479844,0.5828,0.373,0.422,0.4181,-0.1659,-50.0846,159.6261
479944,0.5763,0.373,0.4221,0.4211,0.0524,-49.1777,159.4599
480044,0.5795,0.3734,0.422,0.4214,-0.2825,-50.0791,159.78
480144,0.5775,0.373,0.4221,0.3945,0.0868,-49.1854,159.4987
480244,0.5785,0.3733,0.422,0.4025,-0.2802,-50.0741,159.7782
480344,0.5838,0.3731,0.4218,0.4096,0.0886,-49.0798,159.4972
480444,0.587,0.3733,0.4214,0.4183,-0.1645,-49.9796,159.6897
480544,0.5803,0.3735,0.4209,0.4243,0.09,-49.0746,159.4961
480644,0.5493,0.3735,0.422,0.4233,-0.3808,-49.974,159.8442
480744,0.5784,0.3734,0.421,0.4259,0.1882,-49.1085,159.4113
480844,0.5661,0.3735,0.4209,0.4275,-0.2427,-49.9699,159.5338
480944,0.576,0.3734,0.4208,0.4276,0.0345,-49.0766,159.2459
481044,0.5828,0.3733,0.4206,0.4279,-0.064,-49.9845,159.3208
481144,0.5831,0.3734,0.4206,0.4278,0.0351,-49.0713,159.2455
481244,0.5475,0.3743,0.4204,0.4279,-0.0634,-49.9792,159.3204
481344,0.5545,0.3735,0.4203,0.4266,0.0356,-49.0659,159.2451
481444,0.5659,0.3736,0.4195,0.4268,-0.1282,-50.1728,159.0143
481544,0.5803,0.3739,0.4196,0.4121,0.0222,-49.5645,158.8997
481644,0.5863,0.3739,0.4194,0.4204,-0.2135,-48.6491,159.1432
481744,0.5868,0.3738,0.4186,0.4286,-0.1563,-49.5516,158.9506
481844,0.5778,0.3738,0.4205,0.4296,0.6759,-48.7385,158.1795
481944,0.5791,0.3739,0.4211,0.4275,-0.1514,-49.5436,158.8051
482044,0.5758,0.3736,0.4206,0.4011,0.5618,-48.5345,158.3315
482144,0.5769,0.3734,0.4204,0.4061,-0.116,-49.3999,158.9085
482244,0.5831,0.3733,0.4204,0.4146,1.6436,-49.3674,157.5729
482344,0.5844,0.3738,0.4209,0.422,-0.0993,-49.2986,158.7558
482444,0.5779,0.3738,0.4208,0.4241,0.7149,-50.1036,158.1348
482544,0.5815,0.3748,0.4211,0.4233,-0.1032,-49.3953,158.7585
482644,0.5789,0.3739,0.4213,0.3953,1.6553,-49.4374,157.4229
482744,0.5808,0.3736,0.4211,0.4023,-0.2203,-49.3957,158.9124
482844,0.5856,0.3739,0.4216,0.4106,1.5568,-49.4055,157.4221
482944,0.586,0.3736,0.4225,0.4234,-0.1035,-49.2968,158.7595
483044,0.5846,0.3734,0.4226,0.4221,0.624,-49.9987,158.1295
483144,0.5481,0.3735,0.4234,0.423,-0.1913,-49.0925,158.6091
483244,0.5555,0.3733,0.4236,0.4223,0.2727,-49.957,158.0406
483344,0.567,0.3734,0.4238,0.423,-0.0577,-49.0701,158.369
483444,0.5801,0.3733,0.4243,0.4233,0.003,-49.9757,158.2477
483544,0.5869,0.3734,0.424,0.423,-0.0017,-49.061,158.2513
483644,0.5878,0.3735,0.4235,0.4224,-0.0974,-49.9704,158.2489
483744,0.5484,0.3734,0.4226,0.4231,0.0567,-49.0592,158.1318
483844,0.5596,0.3736,0.4225,0.4236,-0.0965,-49.9651,158.2482
483944,0.5691,0.3735,0.4223,0.4223,0.0576,-49.0539,158.1311
484044,0.5779,0.3735,0.4228,0.4213,0.022,-49.9599,158.093
484144,0.5853,0.3733,0.4224,0.4218,-0.0136,-49.1458,158.1201
484244,0.586,0.3733,0.4223,0.422,0.036,-50.0543,158.0823
484344,0.5863,0.3731,0.4221,0.4224,0.1032,-49.1403,157.9665
484444,0.583,0.3735,0.4225,0.4226,-0.2566,-49.9306,158.2404
484544,0.5803,0.3731,0.4221,0.3974,0.168,-48.9421,157.9176
484644,0.5826,0.3734,0.4223,0.4029,-0.1637,-49.7366,158.1693
484744,0.5895,0.3738,0.4221,0.4089,0.1461,-48.9484,157.9996
484844,0.5916,0.3736,0.422,0.4166,-0.2649,-49.8455,158.3768
