1816214,0.4844,0.3838,0.4064,0.3341,8.213,-13.5729,39.1496
1816314,0.4883,0.3841,0.4041,0.3369,8.099,-15.3884,40.4397
1816414,0.5121,0.3844,0.3934,0.3431,7.3106,-16.421,40.4015
1816514,0.4904,0.3849,0.385,0.3441,7.3128,-16.7794,39.8355
1816614,0.4984,0.3855,0.3995,0.3406,6.5573,-17.3182,38.185
1816714,0.5266,0.3891,0.4115,0.3386,5.7048,-15.4365,38.3039
1816814,0.5365,0.3914,0.4061,0.3431,4.8655,-15.5252,38.604
1816914,0.5653,0.3936,0.3905,0.3461,4.2922,-15.5145,38.3405
1817014,0.5689,0.3945,0.3818,0.3473,4.6372,-17.0151,38.1631
1817114,0.5795,0.3946,0.3875,0.349,3.8466,-16.8431,38.3386
1817214,0.5185,0.3923,0.3665,0.3721,2.7376,-16.6112,39.8803
1817314,0.4088,0.3943,0.3808,0.4218,0.614,-3.819,39.3689
1817414,0.3436,0.3979,0.4169,0.4299,0.2781,7.4017,38.6477
1817514,0.2823,0.4,0.4448,0.4308,0.9179,16.223,37.4128
1817614,0.2433,0.3941,0.4646,0.4231,3.3321,20.3143,37.5474
1817714,0.2284,0.3538,0.4449,0.4258,6.0108,22.7684,39.2861
1817814,0.2238,0.3346,0.4299,0.4283,6.5459,18.0077,40.3622
1817914,0.2341,0.319,0.4496,0.4265,6.3421,12.4344,40.6624
1818014,0.2426,0.332,0.4514,0.4094,7.1414,6.2901,40.8895
1818114,0.4435,0.3364,0.4358,0.3883,3.3271,0.3999,38.2728
1818214,0.5336,0.358,0.4295,0.3924,3.0661,-3.0886,38.2388
1818314,0.5471,0.3604,0.4314,0.3975,1.9631,3.6047,38.7326
1818414,0.341,0.3721,0.4393,0.3765,-0.658,11.9884,38.6082
1818514,0.2883,0.3789,0.4634,0.3641,-0.8149,17.7951,36.7774
1818614,0.2583,0.3775,0.4774,0.3733,-1.4226,19.3775,36.8207
1818714,0.2289,0.3431,0.4711,0.3575,-0.9696,20.168,37.418
1818814,0.2355,0.3181,0.4616,0.358,0.9678,17.1527,39.8178
1818914,0.2356,0.2949,0.4755,0.375,1.9107,12.9328,41.2301
1819014,0.2538,0.3083,0.4703,0.3624,-0.0505,7.865,41.1962
1819114,0.3063,0.3253,0.4668,0.3593,-0.1349,6.202,40.4958
1819214,0.5453,0.3243,0.4234,0.3769,-2.8562,-3.149,38.7655
1819314,0.5328,0.3399,0.4085,0.3935,1.8675,-5.968,41.6154
1819414,0.3599,0.3555,0.4368,0.3976,1.1703,3.8354,41.817
1819514,0.3283,0.3531,0.4816,0.39,1.4277,11.2685,41.6601
1819614,0.29,0.3588,0.4805,0.3925,-1.0621,13.2984,38.9786
1819714,0.2593,0.3599,0.4939,0.3899,1.3426,15.7027,40.629
1819814,0.2488,0.3534,0.4895,0.3875,0.0673,15.9005,41.5304
1819914,0.2505,0.3424,0.4928,0.3789,0.6111,12.3088,43.357
1820014,0.269,0.3395,0.49,0.3734,1.4459,11.4897,45.2005
1820114,0.2918,0.3405,0.4846,0.3693,2.0191,10.7018,45.3799
1820214,0.4241,0.3314,0.464,0.3821,1.411,6.7228,42.4208
1820314,0.5369,0.3435,0.4188,0.3804,3.0357,2.7696,42.6969
1820414,0.4968,0.3566,0.4268,0.373,3.0363,6.3893,42.8194
1820514,0.4076,0.3603,0.4638,0.3751,2.4364,14.0719,44.0843
1820614,0.2915,0.3674,0.495,0.3731,-1.1835,26.3226,42.686
1820714,0.2476,0.3668,0.5009,0.3669,-0.6787,31.9952,41.2873
1820814,0.2319,0.3485,0.5079,0.3701,-1.9871,29.5147,40.7056
1820914,0.2209,0.3274,0.504,0.3611,-1.5096,24.978,44.5039
1821014,0.2466,0.3321,0.4941,0.3606,-3.3101,15.8065,44.9609
1821114,0.3526,0.3353,0.4698,0.3711,-4.0823,12.298,43.1193
1821214,0.5135,0.3393,0.4056,0.3681,-4.8856,2.8539,41.5086
1821314,0.5261,0.3494,0.441,0.3701,-5.8531,5.8454,40.6247
1821414,0.3794,0.3525,0.4715,0.3786,-6.2104,17.6901,39.6648
1821514,0.2931,0.3593,0.5129,0.374,-7.2133,31.3228,37.2992
1821614,0.2649,0.3731,0.5355,0.3696,-7.8318,34.1508,33.61
1821714,0.2524,0.3516,0.5301,0.3736,-3.1177,35.4898,36.2106
1821814,0.2201,0.2798,0.5266,0.3676,-8.7711,24.1271,37.2156
1821914,0.2341,0.2748,0.4969,0.366,-4.3527,16.1626,39.864
1822014,0.364,0.2971,0.4623,0.3701,-2.3901,10.7323,36.0439
1822114,0.5193,0.3113,0.4304,0.3668,-1.5956,5.0995,35.9922
1822214,0.5224,0.3084,0.4496,0.3648,-0.3919,17.523,37.8435
1822314,0.3733,0.3071,0.495,0.3818,-5.301,30.5897,33.0007
1822414,0.289,0.33,0.531,0.3779,-7.4388,40.2133,30.7488
1822514,0.2658,0.3235,0.5395,0.3696,-3.4095,44.7536,34.6488
1822614,0.2201,0.2611,0.5324,0.3703,-3.9196,33.4231,37.3771
1822714,0.2144,0.2556,0.5113,0.3613,3.2022,20.185,40.3781
1822814,0.4219,0.2796,0.4729,0.3614,2.4613,20.1347,38.4966
1822914,0.489,0.2884,0.4318,0.3591,1.5217,17.5131,37.7111
1823014,0.4558,0.2869,0.4534,0.3596,3.6159,18.7757,39.2805
1823114,0.4441,0.2901,0.4975,0.3634,7.0386,26.5131,41.9681
1823214,0.3126,0.3089,0.5451,0.3606,0.1078,42.5268,36.2615
1823314,0.3138,0.3555,0.556,0.3566,2.0501,46.6486,38.3206
1823414,0.2863,0.3008,0.5485,0.3563,5.0875,43.8343,42.22
1823514,0.2479,0.2623,0.526,0.3523,6.7572,33.2806,45.0474
1823614,0.2511,0.2703,0.5014,0.3456,6.2907,27.545,44.4198
1823714,0.4438,0.2829,0.456,0.3551,5.9548,20.327,39.3768
1823814,0.5121,0.3054,0.4159,0.3599,6.8988,15.8961,38.8612
1823914,0.504,0.3095,0.4469,0.359,10.6666,22.9849,42.5199
1824014,0.3176,0.313,0.4854,0.3825,6.4704,26.901,42.3216
1824114,0.2493,0.3878,0.5088,0.3446,-8.8663,23.7095,36.1883
1824214,0.2446,0.3231,0.5196,0.3416,-3.8795,24.2976,39.339
1824314,0.2375,0.3428,0.5018,0.3758,-4.1263,23.1402,42.3078
1824414,0.2345,0.2823,0.4455,0.3409,-4.2586,17.1995,45.165
1824514,0.2331,0.2858,0.4651,0.3375,-1.1625,18.3907,45.6881
1824614,0.3588,0.3128,0.4865,0.3669,0.6453,21.5617,42.4223
1824714,0.4713,0.318,0.4674,0.3644,-1.3989,18.9511,39.9168
1824814,0.3693,0.3263,0.4579,0.3869,-0.9813,27.0142,40.3257
1824914,0.2565,0.3379,0.472,0.3793,-2.6626,33.2043,40.6627
1825014,0.257,0.3701,0.5074,0.3158,-7.4138,36.8115,36.6604
1825114,0.2484,0.3744,0.5109,0.3658,-2.7661,39.3361,38.9571
1825214,0.2481,0.3253,0.5125,0.3344,-7.8219,35.8812,40.7971
1825314,0.2468,0.2918,0.4875,0.3264,-2.5155,30.3747,43.1666
1825414,0.2614,0.3179,0.5016,0.3655,-1.8977,33.1811,40.9587
1825514,0.4014,0.3259,0.46,0.3594,-3.1436,32.1127,39.4175
1825614,0.415,0.3421,0.4391,0.3544,-2.3936,30.0187,39.8969
1825714,0.293,0.3378,0.4753,0.3843,-0.338,40.3607,41.5555
1825814,0.2674,0.3241,0.5046,0.3605,1.2599,43.6031,41.9066
1825914,0.2616,0.359,0.5184,0.3208,-5.9814,45.2407,35.4374
1826014,0.2431,0.3328,0.5195,0.3714,-0.7274,43.9488,39.4954
1826114,0.2556,0.3059,0.5081,0.3454,1.2371,36.1275,44.5217
1826214,0.2563,0.3043,0.4921,0.3354,1.244,31.6628,44.109
1826314,0.2663,0.3163,0.4928,0.368,-0.8429,30.1183,42.0284
1826414,0.5279,0.3214,0.4695,0.3616,-0.7811,24.6509,40.0673
1826514,0.5233,0.3255,0.4694,0.3634,0.7017,26.4609,40.8247
1826614,0.3849,0.3283,0.4961,0.3755,1.9177,43.0121,41.9649
1826714,0.313,0.3308,0.5231,0.3678,-0.547,57.0364,39.1958
1826814,0.2971,0.3556,0.5323,0.3653,-9.5542,60.0091,30.4494
1826914,0.2973,0.3021,0.5313,0.3629,1.6148,65.1802,39.1662
1827014,0.2673,0.2611,0.5268,0.3608,3.6874,56.6513,45.0868
1827114,0.2455,0.2405,0.5053,0.3533,9.1054,48.6909,48.4631
1827214,0.2848,0.2545,0.4929,0.3454,8.3283,42.4037,47.3954
1827314,0.4856,0.2548,0.4043,0.3496,3.7223,34.9336,43.6423
1827414,0.4734,0.2775,0.3895,0.3526,5.5061,32.4717,43.5913
1827514,0.5018,0.285,0.4681,0.3529,11.8046,46.2946,47.7727
1827614,0.3549,0.289,0.5091,0.3628,9.0857,58.0549,44.0916
1827714,0.3054,0.3069,0.5298,0.3515,8.4915,66.9202,42.4146
1827814,0.2893,0.2608,0.5298,0.3555,6.2364,65.0365,41.9672
1827914,0.2369,0.2244,0.5253,0.349,7.0532,59.1586,44.1214
1828014,0.2119,0.206,0.5011,0.3436,2.9168,52.1012,42.3565
1828114,0.2475,0.2228,0.4895,0.343,2.2494,45.2613,41.6272
1828214,0.4479,0.1956,0.3619,0.3426,-1.6866,41.5206,39.7019
1828314,0.4643,0.1773,0.3549,0.3533,-3.2403,43.9569,38.2042
1828414,0.5236,0.1715,0.4814,0.353,-2.7517,62.4025,37.7922
1828514,0.3898,0.1699,0.5206,0.3538,-13.4839,74.6854,27.396
1828614,0.3689,0.2583,0.5368,0.3533,-32.7414,75.9373,8.811
1828714,0.3391,0.2639,0.5393,0.3568,-22.377,75.5206,18.2275
1828814,0.2501,0.2139,0.5314,0.3543,-6.8193,63.9634,36.3747
1828914,0.2236,0.2215,0.5128,0.3473,-1.0608,51.7495,42.052
1829014,0.3864,0.2321,0.4665,0.3449,-7.4373,52.0085,36.6633
1829114,0.445,0.1838,0.3916,0.3458,-5.8072,44.9654,36.8541
1829214,0.4623,0.1793,0.4313,0.3494,-5.052,44.8441,38.0669
1829314,0.4354,0.1875,0.5108,0.3536,-8.029,59.7202,34.3238
1829414,0.3416,0.1885,0.5379,0.3523,-15.6666,73.434,27.4711
1829514,0.3303,0.2704,0.545,0.3495,-25.3214,74.2403,16.5721
1829614,0.294,0.2285,0.5409,0.3498,-9.1987,71.3397,35.3766
1829714,0.264,0.2054,0.5224,0.3435,-2.9766,60.9994,43.2286
1829814,0.3076,0.2083,0.4926,0.337,-1.0655,53.4168,47.128
1829914,0.4841,0.2125,0.4218,0.3346,-1.1977,47.75,45.7425
1830014,0.4733,0.2199,0.3949,0.3369,-3.7425,44.3453,43.6096
1830114,0.4913,0.1786,0.384,0.347,-5.026,36.9426,42.5699
1830214,0.4723,0.188,0.4948,0.3528,-5.8375,51.3023,38.9799
1830314,0.3784,0.1954,0.532,0.3491,-7.3589,62.3482,36.6152
1830414,0.3458,0.273,0.5338,0.345,-13.8365,67.4246,31.0668
1830514,0.2819,0.2299,0.5276,0.345,-10.3375,63.9142,37.1805
1830614,0.2111,0.1841,0.5025,0.3439,-8.3843,51.886,40.8268
1830714,0.2386,0.2004,0.4875,0.3388,-3.363,41.5196,46.3248
1830814,0.4788,0.2103,0.4325,0.3379,-4.8859,39.9626,45.1017
1830914,0.4601,0.1953,0.3806,0.3446,-3.3052,29.5845,45.9265
1831014,0.4715,0.1708,0.4111,0.3501,-2.3787,26.541,46.2269
1831114,0.4286,0.1755,0.5031,0.3533,-3.003,45.3803,44.0283
1831214,0.3785,0.1833,0.5374,0.349,-7.0454,57.4888,38.9655
1831314,0.3466,0.2786,0.5376,0.3444,-13.3714,58.6553,34.4557
1831414,0.2693,0.2289,0.5343,0.3421,-9.0278,54.5826,40.2073
1831514,0.2458,0.1898,0.5009,0.3319,-1.3441,39.9205,47.0526
1831614,0.2916,0.1948,0.485,0.3329,3.0204,30.8494,49.4217
1831714,0.4461,0.1781,0.4344,0.3308,-3.046,25.7899,46.7137
1831814,0.4648,0.1993,0.3976,0.3356,-3.7428,19.8341,45.7254
1831914,0.477,0.1585,0.3946,0.3434,-1.683,18.6241,46.6594
1832014,0.4514,0.1703,0.5046,0.3471,-2.7982,40.2969,43.4383
1832114,0.4235,0.2443,0.5225,0.3425,-2.1845,48.8478,43.862
1832214,0.3753,0.2829,0.5243,0.3428,-3.2145,53.5064,42.0201
1832314,0.2589,0.2611,0.507,0.3478,-3.3857,47.2289,44.1794
1832414,0.2078,0.2074,0.4828,0.3426,-1.6906,38.2001,46.6008
1832514,0.2935,0.2141,0.489,0.3385,-1.6564,28.2822,48.0427
1832614,0.4615,0.2158,0.4484,0.3316,-5.9555,23.774,47.9385
1832714,0.4613,0.2483,0.3908,0.3318,-6.0974,19.0603,47.2751
1832814,0.4803,0.2708,0.3333,0.3425,-4.6492,14.4637,50.5531
1832914,0.4896,0.1954,0.4573,0.3479,-6.7462,42.7751,46.4282
1833014,0.4871,0.227,0.5219,0.3505,-8.2051,50.3162,44.198
1833114,0.4246,0.3499,0.5326,0.3504,-10.7512,50.6474,39.606
1833214,0.3394,0.3239,0.5311,0.3538,-8.8377,52.1023,42.793
1833314,0.2349,0.2698,0.5063,0.3531,-9.3955,38.465,45.9874
1833414,0.24,0.2459,0.498,0.3423,-7.6369,30.7959,49.3192
1833514,0.2541,0.2526,0.4843,0.3349,-7.0385,27.7787,50.0844
1833614,0.4356,0.2731,0.4253,0.3311,-14.7813,34.51,43.8042
1833714,0.4656,0.275,0.3925,0.339,-12.2079,34.2916,44.7449
1833824,0.464,0.2103,0.4533,0.3036,-15.0501,46.4293,40.6238
1833924,0.4159,0.2173,0.5239,0.3499,-21.3101,56.2982,30.5095
1834024,0.3363,0.2696,0.5443,0.3406,-20.8044,60.5887,30.08
1834124,0.2495,0.2656,0.5354,0.3419,-14.4613,58.059,37.6014
1834224,0.2729,0.2378,0.4855,0.329,-5.1191,42.837,46.3989
1834324,0.3815,0.195,0.466,0.3205,-1.273,34.6918,49.8628
1834424,0.4068,0.1964,0.4434,0.3186,-1.0029,31.413,50.6722
1834524,0.4431,0.2854,0.4274,0.3164,-6.0204,43.3273,45.1926
1834624,0.4088,0.2891,0.4209,0.3308,-4.1342,37.613,47.3237
1834724,0.4076,0.2049,0.4433,0.3438,-4.7957,52.7039,48.474
1834824,0.3861,0.2096,0.5088,0.3443,-5.9447,63.023,47.8125
1834924,0.335,0.3064,0.543,0.3411,-16.1352,64.5575,35.669
1835024,0.2894,0.3405,0.5311,0.34,-8.8152,68.3451,43.3071
1835124,0.2491,0.2868,0.508,0.3365,-5.5863,59.8528,48.1361
1835224,0.3069,0.2765,0.4783,0.3241,3.6998,48.3576,53.5919
1835324,0.4165,0.2438,0.4625,0.3251,5.896,41.1,55.84
1835424,0.3954,0.2416,0.428,0.3219,5.9931,44.8421,54.7825
1835524,0.3959,0.2586,0.4113,0.332,5.1828,40.0389,53.5665
1835624,0.4053,0.2185,0.388,0.3411,9.0541,44.4838,58.3065
1835724,0.392,0.2034,0.5023,0.3428,6.7033,62.9828,56.6547
1835824,0.3094,0.3248,0.5323,0.3383,-9.8929,68.6731,43.2613
1835924,0.278,0.3465,0.5358,0.3401,-9.692,71.2047,40.4763
1836024,0.2549,0.278,0.4985,0.3386,6.3989,63.1589,53.6891
1836124,0.3456,0.2181,0.4666,0.3175,15.315,55.296,58.7155
1836224,0.4165,0.1814,0.4169,0.3134,14.5126,54.0576,58.214
1836324,0.4001,0.2739,0.4151,0.3105,10.5879,67.4328,55.4857
1836424,0.4083,0.2851,0.4468,0.3211,5.431,59.7278,50.5656
1836524,0.4159,0.2606,0.4254,0.3344,9.0855,59.6822,55.5001
1836624,0.3948,0.2083,0.497,0.3463,16.9221,72.6506,63.8487
1836724,0.3313,0.314,0.5258,0.3373,5.0815,73.2956,52.1569
1836824,0.2868,0.3228,0.5314,0.3378,14.2159,75.6427,60.244
1836924,0.2711,0.2688,0.497,0.33,21.418,68.4608,62.8768
1837024,0.2893,0.2358,0.4756,0.3168,19.5547,58.0351,59.4356
1837124,0.3174,0.2068,0.4524,0.3176,17.9427,51.0216,58.2301
1837224,0.4064,0.2598,0.4379,0.3159,11.3196,54.2979,53.6753
1837324,0.3924,0.2376,0.4269,0.324,9.8179,53.113,51.7133
1837424,0.404,0.2524,0.3869,0.3355,9.8196,49.2809,52.1036
1837524,0.4285,0.2131,0.4793,0.3376,22.2542,70.9519,67.0869
1837624,0.3735,0.263,0.5111,0.3353,18.6338,75.5655,65.7726
1837724,0.3551,0.351,0.5236,0.3358,16.0986,75.8382,65.1512
1837824,0.2494,0.3016,0.5139,0.3374,15.2113,68.7973,63.3538
1837924,0.2739,0.2514,0.4848,0.2886,14.3259,50.9763,59.6032
1838024,0.3344,0.2134,0.4218,0.2763,15.4247,34.5015,57.0303
1838124,0.3738,0.2635,0.4118,0.3113,10.0021,36.74,53.0798
1838224,0.3898,0.2906,0.4246,0.3175,10.8985,36.2615,52.8937
1838324,0.3971,0.2725,0.4036,0.3261,13.1655,30.9462,54.4406
1838424,0.4144,0.193,0.4453,0.334,12.5911,45.8139,55.1287
1838524,0.3344,0.263,0.4886,0.3286,9.8814,51.7364,54.0292
1838624,0.2489,0.3575,0.5088,0.3286,6.3423,55.6326,49.2133
1838724,0.1844,0.3249,0.4855,0.332,4.2438,49.1993,50.4852
1838824,0.2351,0.2106,0.4755,0.2899,4.2927,39.4786,50.8682
1838924,0.4618,0.1796,0.4395,0.2805,4.4311,31.8935,50.5536
1839024,0.43,0.2225,0.4116,0.2798,2.9359,28.6446,49.7812
1839124,0.4183,0.2373,0.3891,0.2758,-0.6027,38.9818,47.2859
1839224,0.4199,0.216,0.3943,0.2848,-0.9926,33.5096,46.6235
1839324,0.4301,0.2608,0.3421,0.3349,-1.7388,30.5217,47.0631
1839424,0.4384,0.2259,0.4558,0.3309,-2.6027,51.1073,44.9968
1839524,0.3933,0.2959,0.5079,0.338,-8.6534,54.3063,37.4841
1839624,0.3508,0.3551,0.5186,0.3375,-5.8184,58.4547,40.7084
1839724,0.252,0.2975,0.5091,0.3408,-4.2148,52.6116,43.6756
1839824,0.2278,0.2581,0.4853,0.3203,0.057,33.9023,48.1474
1839924,0.2448,0.1804,0.4326,0.313,3.554,19.3305,49.0674
1840024,0.4301,0.2815,0.3891,0.3114,-3.7435,29.0666,43.4918
1840124,0.3859,0.2315,0.4353,0.3245,-4.3288,27.249,42.6576
1840224,0.4469,0.2859,0.4124,0.3274,-5.7819,23.6913,40.7847
1840324,0.4113,0.2214,0.4438,0.3383,-8.2742,39.826,38.9659
1840424,0.4275,0.2019,0.4871,0.3128,-8.318,41.1755,38.6665
1840524,0.3733,0.3125,0.5224,0.3021,-10.2025,43.6306,35.7922
1840624,0.2708,0.2813,0.5144,0.2981,-10.6179,44.6525,37.6855
1840724,0.282,0.2129,0.4724,0.2955,0.9838,23.2352,44.718
1840824,0.423,0.1703,0.3755,0.2663,1.5556,10.9548,46.4681
1840924,0.445,0.1718,0.3715,0.3074,0.1516,10.1014,45.0936
1841024,0.4103,0.3174,0.381,0.2559,-3.1722,17.2996,40.7932
1841124,0.4193,0.291,0.4253,0.3068,-5.0085,11.6533,40.8336
1841224,0.406,0.2689,0.4171,0.3226,-3.7825,14.0399,41.6856
1841324,0.4283,0.2105,0.4433,0.3099,-4.6038,22.6099,39.1961
1841424,0.2626,0.3341,0.488,0.2965,-6.0974,28.1949,36.9852
1841524,0.1674,0.3536,0.4843,0.287,-8.524,33.6041,36.4972
1841624,0.1931,0.3235,0.4801,0.2778,-6.3945,31.232,39.4032
1841724,0.2531,0.2763,0.474,0.3189,-2.7903,19.2016,43.268
1841824,0.384,0.2288,0.4509,0.2706,-1.9204,12.9856,45.6358
1841924,0.4511,0.2236,0.434,0.3129,-0.2913,7.5158,46.7468
1842024,0.4135,0.2559,0.4238,0.3098,-2.9529,12.0397,43.5082
1842124,0.4356,0.2114,0.4164,0.3143,-2.4989,7.6955,43.1537
1842224,0.4419,0.28,0.4179,0.3256,-0.6867,12.1493,43.0745
1842324,0.415,0.2051,0.4461,0.3299,0.158,28.0353,43.5403
1842424,0.4418,0.213,0.4861,0.3279,-2.6441,36.5684,39.8351
1842524,0.3415,0.2799,0.5059,0.3256,-0.4993,43.0678,41.0358
1842624,0.2018,0.2446,0.5026,0.3263,-1.8603,33.9625,43.3148
1842724,0.2846,0.1893,0.4288,0.2635,2.7593,15.2225,46.4406
1842824,0.4085,0.1718,0.3679,0.2911,3.131,10.0799,47.4848
1842924,0.4844,0.1851,0.3704,0.2874,3.2227,13.3806,47.8353
1843024,0.4294,0.2589,0.403,0.3099,0.5315,42.4013,44.9977
1843124,0.431,0.2918,0.4389,0.2925,-1.6448,45.8903,41.1669
1843224,0.4284,0.281,0.4314,0.2889,0.4513,46.9505,44.1385
1843324,0.4218,0.2063,0.4639,0.3325,3.5017,61.6857,47.866
1843424,0.3986,0.2198,0.4868,0.3308,-5.8088,62.1933,38.7985
1843524,0.3408,0.2833,0.5019,0.3281,0.9448,66.2592,47.1002
1843624,0.2979,0.2525,0.4831,0.3265,0.0927,63.9456,49.1212
1843724,0.2849,0.2285,0.4809,0.3114,2.7022,62.7121,50.5968
1843824,0.3865,0.2425,0.4709,0.3078,3.4997,63.2433,51.5413
1843924,0.342,0.2478,0.4723,0.3121,6.1079,59.1151,53.6099
1844024,0.2473,0.2415,0.4636,0.3144,7.1412,54.4111,53.1312
1844124,0.3463,0.2773,0.4614,0.3138,2.4961,54.4301,49.5402
1844224,0.4023,0.2915,0.4171,0.3215,4.0625,48.6284,50.0052
1844324,0.4295,0.2418,0.4264,0.2796,3.2472,56.8377,49.3328
1844424,0.4434,0.2333,0.4543,0.329,0.9953,64.1961,47.4417
1844524,0.4225,0.2091,0.4771,0.3201,-2.0181,69.7202,45.6935
1844624,0.4026,0.2326,0.4931,0.3079,-0.0601,70.2481,47.3808
1844724,0.3858,0.2244,0.4871,0.3205,-2.0319,72.1267,49.3529
1844824,0.2755,0.2169,0.4729,0.3136,2.1063,64.3611,53.3495
1844924,0.2635,0.2355,0.4758,0.3076,2.5067,61.5172,54.6184
1845024,0.2461,0.2528,0.4721,0.3029,-0.8224,57.7464,51.4773
1845124,0.3014,0.2116,0.4398,0.3004,0.277,59.9191,52.7266
1845224,0.423,0.1716,0.4299,0.2595,-1.2022,57.3355,51.505
1845324,0.3881,0.1743,0.4209,0.3028,0.321,53.3302,52.2869
1845424,0.411,0.2306,0.4318,0.3039,0.7376,44.3739,51.9714
1845524,0.42,0.2334,0.4383,0.3105,0.8033,48.0167,53.3893
1845624,0.4515,0.2436,0.4415,0.3119,1.6335,47.4274,54.3086
1845724,0.4369,0.2506,0.4269,0.3179,0.7809,47.1619,54.4841
1845824,0.4181,0.2509,0.4019,0.3178,1.0692,46.443,54.5432
1845924,0.399,0.2749,0.4018,0.3233,-0.3799,51.24,53.169
1846024,0.3479,0.2675,0.3971,0.33,-0.8324,48.4608,52.4375
1846124,0.382,0.2659,0.4243,0.33,0.6242,58.5167,54.4237
1846224,0.4284,0.3164,0.4404,0.3296,0.6668,57.205,54.4106
1846324,0.3704,0.3334,0.4745,0.3215,5.2451,67.9267,58.1148
1846424,0.412,0.3054,0.4915,0.313,-5.0531,70.5586,47.2942
1846524,0.4038,0.2683,0.4885,0.3024,-1.429,74.1392,50.9398
1846624,0.2944,0.2613,0.48,0.2985,1.8348,72.8852,52.3749
1846724,0.2395,0.2763,0.4789,0.2854,1.2831,72.0827,50.7678
1846824,0.2419,0.2698,0.4776,0.2743,1.1946,71.3567,50.0107
1846924,0.2948,0.2778,0.457,0.2678,2.3149,69.5199,50.5837
1847024,0.3764,0.284,0.4469,0.2691,-0.0889,67.7617,47.4714
1847124,0.3334,0.281,0.4453,0.311,2.7786,60.567,50.0907
1847224,0.2474,0.285,0.4635,0.3086,6.8572,51.9794,53.9568
1847324,0.2154,0.2669,0.4398,0.3033,5.7158,46.0438,52.8573
1847424,0.2696,0.347,0.4241,0.3078,4.4603,45.2437,51.6152
1847524,0.2948,0.3629,0.4241,0.3348,3.3911,45.8582,50.9589
1847624,0.3058,0.3613,0.4154,0.339,3.8945,42.508,51.5625
1847724,0.3455,0.3758,0.4136,0.3416,3.894,40.5304,51.0991
1847824,0.3661,0.3663,0.4178,0.3345,5.9069,43.0684,52.1061
1847924,0.3926,0.3524,0.4176,0.3334,6.7238,46.0172,52.4143
1848024,0.4173,0.3458,0.4189,0.3234,5.3047,46.0015,53.0438
1848124,0.3966,0.3454,0.4191,0.3266,6.2645,45.5702,57.3882
1848224,0.4498,0.3433,0.4276,0.3243,12.1547,42.5793,63.361
1848324,0.4101,0.348,0.4245,0.3318,11.6542,37.5296,64.9202
1848424,0.4181,0.3506,0.4134,0.3296,11.2706,29.2251,66.5356
1848524,0.4525,0.3558,0.4129,0.319,12.0399,21.3475,69.5315
1848624,0.4645,0.3553,0.4119,0.3124,11.0682,14.1605,70.2658
1848724,0.4575,0.3556,0.4048,0.3251,12.3282,4.9771,72.0895
1848824,0.44,0.361,0.3955,0.3399,12.8641,-6.1435,76.271
1848924,0.4509,0.3601,0.3815,0.343,11.2144,-12.4747,82.7306
1849024,0.451,0.3489,0.3886,0.3364,9.5771,-17.5211,92.6985
1849124,0.4864,0.3471,0.3844,0.3383,7.3435,-23.1876,104.6874
1849224,0.4499,0.3468,0.378,0.337,8.1189,-24.586,114.6362
1849324,0.4494,0.3565,0.3833,0.3358,8.2074,-25.8379,122.446
1849424,0.4419,0.3631,0.3888,0.3329,8.392,-27.5371,128.2006
1849524,0.4379,0.3646,0.397,0.3329,8.3673,-27.789,131.4155
1849624,0.4384,0.3654,0.3999,0.3348,9.1666,-27.4545,132.8649
1849724,0.4476,0.3664,0.3985,0.3401,8.1921,-27.8013,134.3486
1849824,0.4514,0.3654,0.3985,0.3444,7.488,-27.4275,135.1598
1849924,0.5081,0.3654,0.3889,0.3656,6.6878,-26.5215,136.0953
1850024,0.5659,0.3665,0.3765,0.3823,6.5302,-28.8653,135.7119
1850124,0.5191,0.3686,0.373,0.385,6.6069,-30.4011,135.9482
1850224,0.4635,0.3691,0.3673,0.3835,6.3059,-33.1839,135.8826
1850324,0.4335,0.3684,0.3623,0.3796,6.7947,-33.8384,135.3552
1850424,0.434,0.3679,0.3568,0.3763,6.823,-33.595,134.7881
1850524,0.439,0.3699,0.3535,0.3745,5.3178,-34.8333,135.886
1850624,0.4601,0.3719,0.3508,0.3751,6.2809,-34.2168,135.9549
1850724,0.4539,0.373,0.3533,0.3713,6.9212,-34.3729,135.9106
1850824,0.4326,0.373,0.3588,0.3694,7.7375,-33.7822,135.582
1850924,0.4929,0.374,0.3601,0.3704,7.7373,-34.1611,135.5382
1851024,0.4961,0.3753,0.357,0.3755,7.6245,-34.6593,135.7904
1851124,0.4906,0.3766,0.3568,0.378,7.2146,-32.929,136.4911
1851224,0.4409,0.3779,0.3596,0.3795,6.8586,-30.762,137.0572
1851324,0.4336,0.377,0.3624,0.3799,7.2159,-30.5042,136.522
1851424,0.4288,0.3751,0.3651,0.3814,6.3055,-27.9598,136.4993
1851524,0.4335,0.3763,0.3673,0.3815,6.5412,-25.6663,136.2021
1851624,0.4358,0.3764,0.3675,0.3745,6.6962,-24.5482,135.2718
1851724,0.4613,0.375,0.3543,0.3783,5.2976,-20.741,134.9775
1851824,0.5438,0.372,0.3625,0.3759,5.9289,-18.5089,134.4464
1851924,0.5534,0.3715,0.3621,0.3449,4.4957,-17.2395,135.2653
1852024,0.563,0.3723,0.3644,0.3385,5.464,-19.1398,135.0558
1852124,0.5586,0.3745,0.3698,0.3383,6.1748,-21.3161,135.4118
1852224,0.5604,0.3753,0.372,0.3439,7.4542,-23.0949,134.7764
1852324,0.551,0.375,0.3695,0.3415,7.6983,-27.9639,134.7
1852424,0.5366,0.3755,0.3619,0.3931,7.7997,-30.105,134.7346
1852524,0.5366,0.377,0.3591,0.3825,7.9391,-34.2792,134.1863
1852624,0.5183,0.3795,0.361,0.3701,8.4282,-35.5381,133.903
1852724,0.5033,0.3815,0.3563,0.3618,7.386,-35.5258,134.7484
1852824,0.4864,0.3831,0.3548,0.3515,8.4211,-35.5686,133.9197
1852924,0.4716,0.3831,0.3566,0.3449,8.208,-37.1965,134.2151
1853024,0.4718,0.3844,0.3499,0.338,7.9263,-39.2469,134.8071
1853124,0.4785,0.3864,0.3483,0.3348,8.1401,-40.8454,134.1775
1853224,0.491,0.3875,0.3506,0.3353,8.6224,-40.3184,133.5746
1853324,0.4799,0.3884,0.3514,0.389,6.8451,-40.4005,134.5198
1853424,0.4643,0.3876,0.3524,0.3845,8.4226,-40.2865,133.4229
1853524,0.4605,0.3873,0.3545,0.374,6.6873,-40.8345,134.4527
1853624,0.4658,0.3881,0.354,0.3643,7.7063,-40.5022,134.0809
1853724,0.4906,0.3885,0.3545,0.3534,8.8042,-40.1335,133.2199
1853824,0.4916,0.389,0.3554,0.3476,7.205,-40.5225,134.266
1853924,0.4926,0.3895,0.3575,0.339,8.5323,-40.098,133.3518
1854024,0.4904,0.3876,0.3601,0.3331,6.9915,-40.6929,133.7385
1854124,0.4931,0.3875,0.3603,0.3294,8.1871,-40.3511,132.9625
1854224,0.4948,0.387,0.3601,0.382,6.6378,-40.7505,134.0127
1854324,0.4991,0.3874,0.3621,0.3791,7.9482,-41.1509,133.0937
1854424,0.4913,0.387,0.3616,0.3696,7.8237,-41.0517,133.4666
1854524,0.4899,0.388,0.3618,0.3595,7.8789,-40.1572,133.731
1854624,0.5113,0.3878,0.3593,0.3495,6.1795,-40.6283,135.1685
1854724,0.5173,0.3873,0.3566,0.3444,4.7407,-40.1542,136.2069
1854824,0.5436,0.3884,0.3524,0.3381,3.4293,-40.1104,137.0531
1854924,0.5119,0.3886,0.3495,0.38,1.98,-40.4384,138.1262
1855024,0.4969,0.3893,0.3468,0.3816,1.4658,-42.1798,138.8764
1855124,0.4848,0.389,0.3468,0.383,0.8122,-41.0629,139.6677
1855224,0.479,0.3895,0.346,0.385,2.6171,-39.7339,138.2089
1855324,0.4874,0.3896,0.3446,0.3826,4.4653,-39.2888,136.8109
1855424,0.5513,0.3898,0.3459,0.3799,6.0026,-39.5863,136.1067
1855524,0.5244,0.3904,0.3484,0.3824,6.9682,-38.5838,135.0358
1855624,0.4903,0.3903,0.3509,0.3829,7.3971,-39.6989,134.1177
1855724,0.4858,0.3903,0.3504,0.3825,7.8121,-40.6543,132.7291
1855824,0.4831,0.3904,0.3481,0.3839,6.8041,-43.5873,132.6842
1855924,0.4754,0.3913,0.3461,0.3866,7.3262,-45.0931,132.8871
1856024,0.4659,0.393,0.3431,0.3908,8.3131,-45.8523,132.7251
1856124,0.4635,0.3921,0.3386,0.3915,10.3539,-46.5383,131.0086
1856224,0.4711,0.3935,0.3423,0.387,9.9842,-48.93,129.9598
1856324,0.5335,0.3924,0.343,0.3831,8.259,-50.1928,129.2941
1856424,0.5286,0.3941,0.3454,0.3834,8.4054,-49.8894,128.0392
1856524,0.521,0.3939,0.3444,0.3855,8.0362,-49.54,127.3348
1856624,0.5105,0.395,0.3438,0.3861,7.6117,-48.7474,127.2131
1856724,0.512,0.3959,0.3441,0.3884,7.4429,-47.6045,127.2252
1856824,0.493,0.396,0.3484,0.3886,6.0053,-48.2309,128.3485
1856924,0.4809,0.3959,0.348,0.3884,4.5949,-47.6194,129.1041
1857024,0.4733,0.3975,0.3441,0.386,1.8371,-48.115,131.0412
1857124,0.5055,0.398,0.3409,0.3748,0.1683,-48.9547,132.1261
1857224,0.5314,0.3975,0.3441,0.3636,-0.0798,-48.1397,131.0907
1857324,0.528,0.3969,0.349,0.3539,-0.6054,-47.0212,130.3187
1857424,0.528,0.396,0.3516,0.3448,-1.349,-45.9995,130.8324
1857524,0.5208,0.3946,0.3499,0.336,0.1786,-45.8609,129.5212
1857624,0.526,0.3938,0.3495,0.3333,-0.6157,-45.5351,129.6552
1857724,0.5225,0.3934,0.3479,0.3285,-0.9498,-45.6463,130.7453
1857824,0.5183,0.3938,0.3435,0.3808,-0.7254,-45.3187,131.8619
1857924,0.5163,0.3943,0.341,0.3744,-0.8168,-47.1326,132.9191
1858024,0.5174,0.3953,0.3429,0.3644,-0.6329,-47.1232,133.8567
1858124,0.553,0.3955,0.3443,0.3536,-0.2951,-48.0351,133.8205
1858224,0.5466,0.3963,0.3449,0.3455,0.4026,-49.2431,133.6675
1858324,0.5418,0.3969,0.3445,0.3395,-0.5208,-50.0826,134.7475
1858424,0.5365,0.397,0.3429,0.3313,0.288,-49.2316,134.5687
1858524,0.5351,0.397,0.3401,0.33,-0.9607,-49.803,136.0804
1858624,0.525,0.3974,0.3371,0.3286,-0.9165,-51.5976,136.7561
1858724,0.518,0.3955,0.3415,0.3741,-1.9375,-50.5853,137.7508
1858824,0.5194,0.3943,0.3399,0.366,-1.1246,-48.1487,139.9102
1858924,0.5341,0.3934,0.3444,0.3506,2.1753,-45.0975,138.3506
1859024,0.6128,0.384,0.3471,0.3453,3.5294,-42.7011,139.1615
1859124,0.5369,0.3835,0.3494,0.3414,2.8864,-41.9829,137.7745
1859224,0.5515,0.3865,0.3498,0.3404,2.885,-41.7091,136.4315
1859324,0.5506,0.3885,0.3478,0.336,3.9111,-42.5647,135.506
1859424,0.5593,0.3908,0.3393,0.3446,3.8931,-41.6798,135.252
1859524,0.5645,0.3944,0.3284,0.4048,2.818,-42.3988,135.6919
1859624,0.5014,0.3975,0.3244,0.4074,2.1428,-45.4841,135.7229
1859724,0.4888,0.3993,0.3315,0.4008,0.2426,-46.145,136.6318
1859824,0.5563,0.3999,0.3334,0.401,-0.4661,-45.5189,137.3455
1859924,0.5423,0.4,0.327,0.404,2.0544,-45.428,136.6155
1860024,0.5153,0.4001,0.3188,0.4071,4.1445,-44.8832,135.3585
1860124,0.5019,0.4013,0.318,0.41,4.9199,-44.0153,134.2478
1860224,0.4941,0.4028,0.3178,0.4104,6.3607,-44.4152,132.8796
1860324,0.4936,0.4039,0.3185,0.4125,4.5678,-44.5039,134.1444
1860424,0.4993,0.4041,0.3146,0.4143,3.6405,-43.6788,135.0791
1860524,0.485,0.4036,0.3125,0.4161,5.3276,-44.0086,133.339
1860624,0.4689,0.4035,0.3115,0.4115,7.0825,-44.6202,131.9434
1860724,0.5213,0.4048,0.31,0.4108,9.1512,-44.4585,130.2891
1860824,0.5036,0.4054,0.3071,0.4108,10.5549,-45.0986,129.2885
1860924,0.4905,0.406,0.3101,0.4104,9.3222,-44.4186,129.8878
1861024,0.4748,0.4065,0.3096,0.4103,9.8774,-44.8559,129.5437
1861124,0.4781,0.4061,0.3104,0.4114,9.0509,-43.8151,130.3829
1861224,0.4701,0.4045,0.3185,0.4111,8.6118,-42.9243,130.8278
1861324,0.4658,0.403,0.321,0.4116,8.3343,-41.9865,130.9467
1861424,0.4671,0.403,0.3223,0.4084,8.2169,-41.036,131.0245
1861524,0.5384,0.4031,0.322,0.4089,8.0868,-40.0649,130.968
1861624,0.5524,0.4021,0.3204,0.4089,8.2722,-41.3778,130.5253
1861724,0.5459,0.4036,0.3206,0.4085,7.9557,-41.3201,130.4374
1861824,0.4935,0.4051,0.3226,0.4053,8.4901,-42.7586,129.5245
1861924,0.4773,0.405,0.3216,0.4038,8.5912,-44.5032,129.7296
1862024,0.4839,0.4059,0.3219,0.404,10.1257,-45.256,128.3729
1862124,0.4736,0.4063,0.3229,0.4034,9.3973,-44.8428,128.5564
1862224,0.4691,0.4068,0.3218,0.404,9.7159,-44.2584,128.0038
1862324,0.4693,0.4069,0.3228,0.4006,8.9914,-45.3471,128.4208
1862424,0.5354,0.4064,0.325,0.399,8.8641,-46.6994,128.536
1862524,0.5215,0.4064,0.3274,0.3978,6.9844,-46.2569,129.7015
1862624,0.5106,0.4066,0.328,0.3984,7.9157,-45.6557,129.1613
1862724,0.4994,0.4066,0.3284,0.3973,6.1186,-45.6906,130.5761
1862824,0.4909,0.4068,0.3303,0.3963,4.5238,-45.5435,131.7159
1862924,0.4848,0.4065,0.3324,0.3979,2.8346,-45.3668,132.7069
1863024,0.4768,0.4061,0.335,0.399,1.0542,-45.2664,133.6852
1863124,0.4735,0.4055,0.3378,0.4,2.1808,-45.9801,132.6669
1863224,0.4686,0.4038,0.3404,0.3959,0.5969,-45.4103,133.584
1863324,0.5394,0.4045,0.3404,0.3959,-0.8411,-44.6882,134.5997
1863424,0.5359,0.4048,0.3419,0.372,0.2275,-45.4908,133.6356
1863524,0.5311,0.4046,0.3421,0.364,-0.0895,-44.8863,133.7892
1863624,0.5291,0.4051,0.3385,0.3563,-0.2772,-46.12,134.0641
1863724,0.5263,0.4051,0.3375,0.3454,-0.158,-45.6974,134.3345
1863824,0.5299,0.4048,0.3448,0.3426,-0.3331,-47.1244,134.6011
1863924,0.5209,0.4036,0.3491,0.3861,0.1293,-48.4415,134.0572
1864024,0.5136,0.4026,0.3529,0.381,1.8293,-48.904,132.9213
1864124,0.513,0.4016,0.3531,0.3699,3.2213,-48.9883,132.0685
1864224,0.5178,0.4013,0.3614,0.3536,4.9448,-48.7223,130.6408
1864324,0.5401,0.4018,0.3575,0.3373,3.2556,-49.755,131.3775
1864424,0.5369,0.402,0.3529,0.3276,1.9287,-48.8131,131.8495
1864524,0.5323,0.4023,0.3049,0.3301,2.7049,-54.5424,131.3679
1864624,0.5036,0.4043,0.2846,0.3745,1.8383,-49.1706,130.9567
1864724,0.4919,0.4046,0.2903,0.3774,2.0135,-51.5412,131.5041
1864824,0.4894,0.4074,0.296,0.3848,0.8245,-48.7219,132.8867
1864924,0.5265,0.4055,0.3175,0.3741,1.6391,-47.8184,132.2796
1865024,0.5143,0.409,0.3114,0.3588,3.2649,-48.2258,132.2117
1865124,0.5891,0.412,0.291,0.3728,4.108,-47.5484,131.4448
1865224,0.6329,0.4128,0.2898,0.3766,5.252,-46.4493,130.7792
1865324,0.6168,0.4116,0.2973,0.3863,6.0602,-44.0547,130.8065
1865424,0.5399,0.4098,0.305,0.3954,6.1179,-44.211,131.121
1865524,0.4616,0.4088,0.3099,0.4001,6.1647,-44.6306,130.9931
1865624,0.461,0.4101,0.3141,0.4019,7.4313,-45.1413,129.9212
1865724,0.4471,0.4093,0.3186,0.4034,5.3035,-44.5199,131.9918
1865824,0.4424,0.4086,0.3229,0.4,4.0823,-43.6419,132.9974
1865924,0.5104,0.4066,0.331,0.3999,4.4652,-42.8823,132.3192
1866024,0.5056,0.4055,0.3379,0.3988,3.1793,-42.311,133.2629
1866124,0.5108,0.4046,0.3385,0.3998,1.7315,-41.9093,134.1645
1866224,0.4903,0.4058,0.3376,0.4015,0.7583,-41.4823,134.8051
1866324,0.4905,0.4073,0.3365,0.4053,0.122,-41.1429,135.1448
1866424,0.4781,0.4084,0.3376,0.4069,1.4677,-41.8768,134.0368
1866524,0.4579,0.4093,0.3373,0.4076,2.5788,-42.5777,133.1532
1866624,0.4526,0.4089,0.3376,0.4099,1.4714,-43.1086,134.4169
1866724,0.452,0.4084,0.336,0.4061,2.4611,-43.3493,133.9641
1866824,0.5206,0.4091,0.3323,0.4071,3.2962,-43.9988,134.0265
1866924,0.514,0.4091,0.3325,0.4079,1.194,-44.6739,136.1301
1867024,0.5016,0.4098,0.3339,0.4069,-0.5809,-45.5743,138.5808
1867124,0.5075,0.4101,0.3335,0.393,-0.2774,-44.9575,139.8554
1867224,0.5061,0.4114,0.3284,0.3585,1.0877,-44.6961,140.0211
1867324,0.4955,0.4105,0.3223,0.3561,0.3403,-46.1927,139.9015
1867424,0.4899,0.409,0.3244,0.4044,0.4029,-45.4676,138.7937
1867524,0.4903,0.4085,0.3311,0.4005,-0.4285,-43.8232,137.1782
1867624,0.4909,0.4093,0.3326,0.389,-0.5116,-42.5968,134.4625
1867724,0.5275,0.4086,0.3355,0.379,-0.7331,-41.8785,131.8516
1867824,0.5206,0.4079,0.3374,0.3665,-0.8522,-42.1053,129.7611
1867924,0.514,0.4075,0.3471,0.3598,-0.3258,-43.4724,125.248
1868024,0.5074,0.4074,0.3543,0.3498,0.3189,-44.3061,123.1747
1868124,0.5128,0.4075,0.3543,0.3483,0.1055,-45.1116,123.8861
1868224,0.5145,0.4073,0.3453,0.3505,0.475,-45.3904,125.8985
1868324,0.5101,0.4085,0.3256,0.4085,0.3648,-48.137,128.2181
1868424,0.4854,0.4094,0.3324,0.3981,-0.6906,-51.0414,130.8815
1868524,0.4903,0.41,0.3506,0.3841,-1.5252,-51.3854,133.0993
1868624,0.5285,0.4109,0.3666,0.3749,-0.0613,-50.029,134.0158
1868724,0.5151,0.4124,0.3615,0.3689,2.4631,-48.9145,134.3057
1868824,0.51,0.4116,0.3554,0.3663,4.7214,-47.5899,134.6815
1868924,0.5078,0.407,0.3496,0.3573,6.3292,-46.4315,134.9804
1869024,0.531,0.4051,0.3543,0.3508,9.2126,-45.4299,133.977
1869124,0.5255,0.4058,0.3515,0.4019,11.2176,-46.5959,133.2305
1869224,0.5133,0.403,0.3489,0.4034,12.3967,-46.9504,132.4332
1869324,0.5055,0.4,0.3456,0.397,12.6219,-47.3927,131.7247
1869424,0.5098,0.3981,0.3491,0.3891,12.8235,-46.231,130.6924
1869524,0.5253,0.402,0.355,0.3778,9.4671,-45.9025,131.7631
1869624,0.5094,0.414,0.3668,0.3625,5.7767,-46.5467,132.3309
1869724,0.5176,0.4165,0.3731,0.3564,3.3155,-47.2269,133.6811
1869824,0.5196,0.4176,0.3764,0.3464,1.68,-46.6732,134.8428
1869924,0.5381,0.4198,0.3821,0.3475,0.1457,-43.5396,133.7603
1870024,0.5414,0.4218,0.381,0.4015,-1.1322,-39.7921,131.8633
1870124,0.5454,0.422,0.3845,0.4028,-1.7919,-38.58,128.4766
1870224,0.537,0.4223,0.3839,0.3948,-2.5594,-37.723,126.8496
1870324,0.587,0.423,0.3729,0.3866,-0.7839,-37.8869,125.7036
1870424,0.6041,0.4238,0.3639,0.3795,2.9687,-38.8973,123.7373
1870524,0.5921,0.4249,0.3634,0.3731,4.9725,-42.1807,121.5619
1870624,0.5663,0.4245,0.3561,0.3645,5.2283,-42.0477,120.3132
1870724,0.5378,0.4258,0.3541,0.3579,7.5315,-44.1115,117.1037
1870824,0.5144,0.4256,0.353,0.3556,9.7469,-45.4523,113.7019
1870924,0.5333,0.426,0.3531,0.4058,10.931,-47.0284,111.6383
1871024,0.5264,0.4261,0.3516,0.4015,10.401,-48.7964,110.2111
1871124,0.5213,0.4264,0.3489,0.3891,9.234,-46.7793,108.6709
1871224,0.5576,0.4248,0.3539,0.3766,7.2534,-45.7253,107.7623
1871324,0.5474,0.4248,0.3596,0.3609,5.0691,-45.5054,107.6229
1871424,0.5211,0.4256,0.3624,0.3459,3.7551,-42.9357,106.5858
1871524,0.5226,0.4251,0.3649,0.338,3.2558,-42.6844,104.9697
1871624,0.5284,0.4258,0.3715,0.3359,2.1343,-41.9444,103.5243
1871724,0.5295,0.4264,0.3733,0.3886,1.1902,-42.9112,103.1161
1871824,0.5271,0.4265,0.3705,0.3934,0.3162,-42.1094,103.4314
1871924,0.518,0.4255,0.3709,0.3865,-0.2093,-43.0565,103.0988
1872024,0.5511,0.4256,0.3694,0.3768,-0.0195,-43.9982,102.7548
1872124,0.5509,0.425,0.3665,0.3658,-0.0013,-44.6367,102.742
1872224,0.5456,0.4248,0.367,0.3566,-0.3006,-45.6679,103.1665
1872324,0.5421,0.4248,0.3695,0.3501,-0.8069,-45.3603,103.736
1872424,0.5421,0.4249,0.3713,0.3429,-0.129,-44.7828,103.6791
1872524,0.5454,0.4236,0.3721,0.3403,-0.0749,-43.8437,105.0637
1872624,0.5375,0.4224,0.3688,0.3916,-0.1075,-45.0787,105.5801
1872724,0.5386,0.4228,0.3668,0.3939,0.5857,-44.3368,104.453
1872824,0.5411,0.4233,0.3644,0.3873,0.1453,-45.069,104.5499
1872924,0.5809,0.4236,0.365,0.378,-1.0015,-44.4696,104.8611
1873024,0.5813,0.4245,0.3658,0.3698,0.492,-45.101,103.4546
1873124,0.5915,0.4259,0.3703,0.368,-2.3348,-44.978,103.9645
1873224,0.5754,0.4268,0.3665,0.3588,-0.3176,-45.1884,103.2488
1873324,0.574,0.4271,0.3644,0.3544,-0.2422,-44.2512,104.1914
1873424,0.5764,0.427,0.3626,0.4049,0.461,-45.569,104.9578
1873524,0.5663,0.4271,0.3601,0.4066,-0.127,-45.1225,105.7302
1873624,0.558,0.4274,0.359,0.4043,0.6024,-44.6158,105.2869
1873724,0.5524,0.4275,0.3603,0.3941,0.0948,-45.9487,105.2245
1873824,0.5839,0.4268,0.3621,0.3831,-0.2944,-45.0156,105.0008
1873924,0.5744,0.427,0.3619,0.3706,1.3174,-44.9166,103.2957
1874024,0.5724,0.4279,0.3619,0.366,0.7601,-45.6421,103.3436
1874124,0.5725,0.4284,0.3593,0.3596,-0.1512,-44.3661,103.9929
1874224,0.5743,0.4283,0.3588,0.3559,0.264,-44.7941,103.277
1874324,0.5698,0.4285,0.3606,0.4084,-0.403,-45.4429,103.2565
1874424,0.5548,0.428,0.365,0.41,0.6435,-44.4084,102.0207
1874524,0.5433,0.4278,0.3674,0.4043,-0.5232,-45.4968,102.7743
1874624,0.577,0.4279,0.3673,0.3934,0.3149,-44.5942,102.1807
1874724,0.5748,0.4274,0.3668,0.3814,-0.6522,-45.4438,102.7958
1874824,0.5685,0.4274,0.3668,0.3708,0.2929,-44.7278,102.0551
1874924,0.5666,0.4266,0.3666,0.3634,-0.6657,-45.3186,102.6637
1875024,0.5639,0.4261,0.368,0.3544,-0.5245,-44.2869,102.7058
1875124,0.5645,0.4251,0.3706,0.3494,0.2111,-45.446,102.1174
1875224,0.5571,0.4251,0.3708,0.4035,-0.214,-44.6412,102.4181
1875324,0.5516,0.4251,0.3693,0.404,0.3171,-45.5226,102.0419
1875424,0.5479,0.4254,0.3676,0.3968,0.253,-44.5907,102.0874
1875524,0.5864,0.4261,0.3651,0.3868,-0.3953,-45.4686,102.6168
1875624,0.5881,0.4261,0.3616,0.3768,0.311,-44.6246,102.1171
1875724,0.5798,0.4259,0.3639,0.3681,-0.3923,-45.4653,102.6146
1875824,0.5744,0.4258,0.3664,0.3593,0.6151,-44.72,101.5481
1875924,0.5726,0.4243,0.3678,0.3506,0.6616,-43.8838,101.2296
1876024,0.5763,0.426,0.3681,0.4025,0.0376,-44.8707,101.5962
1876124,0.5766,0.4259,0.3679,0.4048,-0.4347,-45.8878,101.792
1876224,0.5768,0.4265,0.3678,0.4024,-0.1938,-44.9882,101.4761
1876324,0.6044,0.4268,0.3689,0.3926,1.5164,-44.9687,99.6309
1876424,0.6028,0.4273,0.3661,0.3828,-0.1031,-45.0012,100.7759
1876524,0.593,0.4275,0.3661,0.3729,1.5215,-45.1701,99.7671
1876624,0.5861,0.4275,0.3648,0.3665,1.1982,-44.257,99.9945
1876724,0.578,0.4271,0.3654,0.3588,-0.0048,-45.0429,100.9097
1876824,0.578,0.4278,0.3655,0.3518,-0.1965,-44.1032,101.2576
1876924,0.5748,0.4284,0.366,0.4078,-0.3788,-44.1355,101.6677
1877024,0.5711,0.4289,0.3589,0.4121,-0.0268,-42.4889,102.7008
1877124,0.5628,0.4285,0.3584,0.4065,-0.103,-41.5358,102.826
1877224,0.595,0.4289,0.3595,0.399,-0.0845,-40.5787,102.889
1877324,0.6061,0.4301,0.335,0.3969,1.3593,-38.9298,104.7342
1877424,0.6068,0.4289,0.3208,0.3929,1.4932,-39.8374,107.4805
1877524,0.6013,0.4275,0.3203,0.3861,0.1952,-40.7472,108.8882
1877624,0.5925,0.4278,0.3268,0.3748,1.5184,-41.2085,107.8887
1877724,0.5868,0.4275,0.3363,0.3706,3.2599,-41.3141,106.0847
1877824,0.5695,0.4268,0.3426,0.4228,4.5091,-42.1374,105.008
1877924,0.5606,0.4253,0.3459,0.4184,5.7009,-42.3197,103.81
1878024,0.5589,0.4253,0.346,0.4085,4.5721,-43.0329,104.4945
1878124,0.6044,0.4223,0.3414,0.4005,3.2927,-43.6151,105.3724
1878224,0.6049,0.426,0.3411,0.3888,1.6849,-43.8796,106.2903
1878324,0.593,0.4279,0.3464,0.3805,0.4991,-42.3804,106.626
1878424,0.6006,0.429,0.3478,0.3728,0.0102,-41.0384,106.5342
1878524,0.6103,0.4295,0.3499,0.3686,-0.2116,-39.9752,106.5462
1878624,0.6095,0.4308,0.3531,0.4209,-0.1086,-40.6154,106.2107
1878724,0.5989,0.4309,0.3556,0.4194,1.4334,-40.2106,104.9937
1878824,0.5893,0.4308,0.3579,0.4136,0.031,-40.4879,105.7629
1878924,0.616,0.4313,0.3571,0.4026,-0.3298,-41.4294,105.9348
1879024,0.5696,0.4305,0.3553,0.3923,-0.3859,-40.9982,106.4929
1879124,0.5606,0.4289,0.3508,0.3819,0.3075,-40.681,105.976
1879224,0.5535,0.428,0.3445,0.3759,-1.1044,-41.4133,106.8988
1879324,0.5274,0.4274,0.334,0.3678,-0.019,-42.5959,106.2664
1879424,0.5501,0.4345,0.3136,0.3508,0.1613,-40.2606,105.9997
1879524,0.5615,0.4375,0.3215,0.4129,0.1274,-38.1935,106.2847
1879624,0.3358,0.4376,0.3226,0.4234,1.3872,-36.8902,104.741
1879724,0.2675,0.4349,0.3369,0.4149,-0.6896,-36.1872,104.971
1879824,0.2678,0.4339,0.3311,0.4143,-0.827,-37.0965,105.1191
1879924,0.241,0.4344,0.3204,0.4099,-0.2299,-35.1693,104.816
1880024,0.2924,0.4345,0.3205,0.418,1.4587,-37.6631,104.4491
1880124,0.538,0.4314,0.34,0.4068,-0.2963,-41.177,104.582
1880224,0.5035,0.4304,0.3636,0.4075,0.1783,-42.7757,104.2744
1880324,0.4946,0.429,0.3643,0.4086,0.3166,-42.5308,104.6
1880424,0.4875,0.43,0.3653,0.4058,0.0924,-43.6734,104.5444
1880524,0.5599,0.43,0.3663,0.4043,0.4318,-42.7262,103.879
1880624,0.5705,0.4294,0.3658,0.4014,0.0271,-41.5812,103.8733
1880724,0.5646,0.4276,0.368,0.3991,-0.0996,-41.1249,103.89
1880824,0.5511,0.4266,0.3669,0.3988,-0.0766,-42.3791,103.8749
1880924,0.5375,0.4264,0.3691,0.3993,0.4934,-40.7195,103.0506
1881024,0.5215,0.4263,0.37,0.3994,-0.9317,-40.4754,103.836
1881124,0.512,0.4268,0.3661,0.4039,0.6313,-40.6709,102.7433
1881224,0.5024,0.4276,0.3628,0.407,-0.7708,-40.7019,103.5799
1881324,0.4991,0.4279,0.3614,0.4048,0.5368,-40.8051,102.8811
1881424,0.5691,0.4284,0.359,0.4043,-0.8451,-40.6078,103.8562
1881524,0.5691,0.4279,0.3604,0.4035,0.8782,-40.5901,102.0838
1881624,0.5565,0.4264,0.3608,0.4029,-0.6607,-40.8045,102.803
1881724,0.5433,0.4273,0.3618,0.402,0.8538,-40.4806,101.5242
1881824,0.5303,0.4276,0.3621,0.4019,-0.5351,-40.6849,102.3518
1881924,0.523,0.4275,0.3616,0.4033,0.9126,-40.3491,101.2693
1882024,0.5133,0.4271,0.3575,0.4071,-0.5592,-40.7283,102.302
1882124,0.5058,0.4275,0.3568,0.4074,0.8019,-40.3991,100.8517
1882224,0.5733,0.4268,0.356,0.4063,-0.6051,-40.9485,101.7666
1882324,0.575,0.4269,0.3561,0.406,0.501,-40.603,100.905
1882424,0.5681,0.4275,0.3548,0.4055,-0.9251,-40.7919,101.7577
1882524,0.5541,0.4274,0.3534,0.4053,0.5971,-40.6927,100.6909
1882624,0.541,0.4279,0.3526,0.405,0.459,-41.6477,100.6413
1882724,0.5283,0.4279,0.3535,0.4053,-0.2088,-40.7246,101.3066
1882824,0.5158,0.4276,0.3555,0.4065,0.878,-40.1645,100.4603
1882924,0.5056,0.4278,0.3569,0.406,-0.3141,-40.9534,101.233
1883024,0.5716,0.4278,0.3558,0.4054,-0.445,-42.1085,101.1902
1883124,0.5754,0.4283,0.3559,0.4053,-0.212,-43.0548,100.9588
1883224,0.576,0.4289,0.355,0.4061,-0.0365,-42.1071,100.7667
1883324,0.5649,0.4294,0.3524,0.4073,-0.0131,-40.9506,100.7511
1883424,0.5504,0.4298,0.3524,0.4076,-0.351,-41.8066,101.4151
1883524,0.5299,0.4296,0.354,0.4065,-0.0759,-40.9656,101.2338
1883624,0.5221,0.4295,0.3545,0.407,-0.0495,-40.1111,101.3686
1883724,0.5081,0.4294,0.3541,0.4079,-0.0524,-41.0677,101.3062
1883824,0.5044,0.4303,0.3544,0.406,0.0486,-42.0239,101.1643
1883924,0.5745,0.4295,0.355,0.4055,0.0042,-40.9673,101.0519
1884024,0.5774,0.429,0.3549,0.4053,-0.0067,-39.9035,101.0589
1884124,0.571,0.4293,0.3545,0.4054,-0.0055,-41.1659,101.058
1884224,0.5529,0.4286,0.356,0.405,0.0894,-40.1033,100.9206
1884324,0.5401,0.4288,0.3536,0.4064,-0.0114,-41.0556,100.7699
1884424,0.5286,0.4278,0.3524,0.4075,0.098,-40.0929,100.623
1884524,0.5178,0.4293,0.3538,0.4083,0.1664,-41.2543,100.5019
1884624,0.5068,0.429,0.354,0.4074,-0.1744,-40.4057,100.6584
1884724,0.5764,0.4294,0.3521,0.4069,0.5751,-41.2363,100.1683
1884824,0.5803,0.4298,0.3531,0.4063,0.3379,-42.4863,100.2588
1884924,0.5756,0.4291,0.3549,0.4055,0.0659,-41.5393,100.3731
1885024,0.5624,0.4289,0.3554,0.4059,-0.1012,-40.5809,100.4162
1885124,0.5489,0.4293,0.3545,0.4056,1.3436,-40.9607,99.4727
1885224,0.5344,0.4293,0.3545,0.4053,0.0388,-40.5874,100.2492
1885324,0.5275,0.43,0.3546,0.4075,-1.295,-40.8478,100.9788
1885424,0.5183,0.4301,0.3541,0.4094,0.1504,-40.5714,100.036
1885524,0.5129,0.4303,0.353,0.4079,0.0324,-41.531,100.189
1885624,0.5843,0.4304,0.3528,0.4076,-0.001,-40.5717,100.2111
1885724,0.5846,0.4303,0.3553,0.4073,-0.194,-41.527,99.9278
1885824,0.5718,0.4294,0.3551,0.4066,0.0052,-40.5759,99.7971
1885924,0.5573,0.4299,0.3553,0.4069,-0.1925,-41.5228,99.9268
1886024,0.5418,0.4298,0.3544,0.4068,-0.0068,-40.5717,99.6631
1886124,0.5308,0.4274,0.3534,0.4076,0.2148,-41.5166,99.5174
1886224,0.5216,0.4296,0.353,0.409,-0.1948,-40.6678,99.7952
1886324,0.5135,0.4299,0.3523,0.4081,1.133,-40.4061,98.9326
1886424,0.5823,0.4301,0.351,0.4079,-0.325,-40.7547,99.8796
1886524,0.5846,0.43,0.351,0.408,1.5999,-40.6124,98.1044
1886624,0.5789,0.4298,0.3511,0.4074,0.0909,-40.6024,99.0866
1886724,0.5649,0.4296,0.351,0.4079,-1.4176,-40.5728,100.0681
1886824,0.552,0.4298,0.3509,0.4075,0.0768,-40.7037,98.9556
1886924,0.5368,0.4303,0.3503,0.4078,-0.6551,-40.0317,99.5057
1887024,0.5349,0.4308,0.3524,0.4094,0.0383,-40.8062,98.9279
1887124,0.5289,0.4309,0.3546,0.4096,0.0301,-42.0624,98.9331
1887224,0.6094,0.4314,0.355,0.4109,0.0207,-43.0121,98.9395
1887324,0.619,0.4316,0.3324,0.4118,-0.1872,-42.0625,98.943
1887424,0.5896,0.4306,0.3209,0.4095,-0.2945,-43.4222,98.6691
1887524,0.5469,0.4283,0.3199,0.4105,-0.0214,-45.9476,98.8324
1887624,0.5033,0.4289,0.3354,0.4103,-0.5175,-44.4268,99.1074
1887724,0.4933,0.4304,0.3509,0.4109,-0.586,-43.1899,98.8698
1887824,0.4901,0.4304,0.358,0.4105,-0.4937,-44.5146,98.6726
1887924,0.4815,0.4306,0.3611,0.4111,-0.5702,-43.679,98.5855
1888024,0.4698,0.4299,0.3606,0.4096,-0.1826,-44.5912,98.1748
1888124,0.5643,0.4313,0.3594,0.4076,0.2236,-45.2954,97.7468
1888224,0.5678,0.4313,0.3585,0.4099,0.2742,-44.2602,97.4986
1888324,0.5598,0.4313,0.357,0.41,0.2975,-43.5209,97.4097
1888424,0.5491,0.4314,0.3578,0.4105,0.2114,-42.6784,97.7525
1888524,0.537,0.4316,0.3585,0.4109,0.1038,-41.7284,97.6827
1888624,0.5259,0.4318,0.3586,0.4108,0.0155,-40.7719,97.7409
1888724,0.519,0.4314,0.359,0.412,-0.1707,-39.8089,97.7956
1888824,0.5088,0.4315,0.3599,0.4118,0.0347,-40.5617,97.6624
1888924,0.5771,0.4314,0.3608,0.4114,-0.718,-41.0958,98.0144
1889024,0.5808,0.4314,0.3605,0.4114,0.2318,-40.4881,97.6123
1889124,0.5765,0.4303,0.3625,0.4101,-0.8848,-41.0671,98.2657
1889224,0.5643,0.4303,0.3618,0.4114,0.4476,-40.3525,97.2443
1889324,0.554,0.4306,0.359,0.4116,-0.5215,-40.9806,97.7238
1889424,0.5399,0.4313,0.3559,0.413,0.6413,-40.3539,96.8152
1889524,0.5304,0.4321,0.3549,0.4136,-0.5667,-40.8479,97.5253
1889624,0.5171,0.4319,0.3551,0.415,0.6765,-40.4014,96.7166
1889724,0.5795,0.4323,0.3553,0.414,-0.7835,-41.0002,97.7429
1889824,0.5773,0.4323,0.3574,0.4129,0.2209,-40.4977,97.2398
1889924,0.5754,0.4315,0.359,0.4121,-1.0998,-41.06,98.0376
1890024,0.5643,0.4318,0.3593,0.4123,0.1617,-40.6327,97.2141
1890124,0.5511,0.432,0.3594,0.4126,-1.2927,-40.3443,98.0173
1890224,0.5369,0.432,0.3589,0.412,0.2337,-40.6301,96.95
1890324,0.5285,0.4316,0.3589,0.4125,-1.4476,-40.5378,97.9132
1890424,0.5161,0.4316,0.3591,0.4138,-0.1136,-40.7017,97.1985
1890524,0.5144,0.4316,0.3594,0.4129,0.763,-40.0165,96.631
1890624,0.5834,0.4315,0.3603,0.412,-0.1179,-40.8537,97.125
1890724,0.5836,0.4309,0.3613,0.4119,0.2099,-40.0299,96.8469
1890824,0.5794,0.4318,0.3609,0.4125,-0.1349,-40.8643,97.0706
1890924,0.5645,0.432,0.3613,0.4134,0.5003,-39.9463,96.507
1891024,0.5484,0.4319,0.3591,0.4133,-0.0762,-40.8092,96.8041
1891124,0.5296,0.4324,0.3585,0.4143,0.0945,-39.87,96.8459
1891224,0.5198,0.432,0.3584,0.4155,-0.2152,-40.9263,97.0589
1891324,0.5081,0.4324,0.3579,0.4151,0.3681,-40.1381,96.6803
1891424,0.5776,0.4328,0.3571,0.4144,0.3869,-41.298,96.5908
1891524,0.576,0.4316,0.3599,0.4129,-0.2144,-40.3915,96.9179
